[2026-06-01 20:32:21] INFO Device: cuda
[2026-06-01 20:32:21] INFO GPU: NVIDIA GeForce RTX 5090
[2026-06-01 20:33:13] INFO Train cases: ['2HNA002', '2HNA005', '2HNA010', '2HNA011', '2HNA014', '2HNA016', '2HNA019', '2HNA021', '2HNA024', '2HNA025', '2HNA027', '2HNA028', '2HNA029', '2HNA031', '2HNA032', '2HNA035', '2HNA036', '2HNA039', '2HNA040', '2HNA041', '2HNA044', '2HNA045', '2HNA046', '2HNA050', '2HNA056', '2HNA058', '2HNA061', '2HNA068', '2HNA070', '2HNA073', '2HNA076', '2HNA077', '2HNA082', '2HNA083', '2HNA084', '2HNA086', '2HNA087', '2HNA088', '2HNA089', '2HNA090', '2HNA091', '2HNA092', '2HNA093', '2HNA094', '2HNA095', '2HNA097', '2HNA099', '2HNA105', '2HNA106', '2HNA107', '2HNA108', '2HNA111', '2HNA113', '2HNA115', '2HNB001', '2HNB002', '2HNB005', '2HNB006', '2HNB007', '2HNB009', '2HNB010', '2HNB011', '2HNB014', '2HNB015', '2HNB016', '2HNB019', '2HNB020', '2HNB023', '2HNB024', '2HNB030', '2HNB031', '2HNB033', '2HNB034', '2HNB036', '2HNB037', '2HNB039', '2HNB043', '2HNB044', '2HNB045', '2HNB047', '2HNB050', '2HNB051', '2HNB053', '2HNB055', '2HNB058', '2HNB059', '2HNB060', '2HNB063', '2HNB065', '2HNB067', '2HNB070', '2HNB072', '2HNB074', '2HNB075', '2HNB078', '2HNB081', '2HNB082', '2HNB085', '2HNB086', '2HNB089', '2HNB091', '2HNB093', '2HNB098', '2HNB099', '2HNB101', '2HNB102', '2HNB104', '2HNB105', '2HNB106', '2HNB107', '2HNB109', '2HNB111', '2HNC018', '2HNC021', '2HNC024', '2HNC027', '2HNC028', '2HNC029', '2HNC037', '2HNC040', '2HNC046', '2HNC048', '2HNC049', '2HNC052', '2HNC053', '2HNC055', '2HNC057', '2HNC058', '2HNC066', '2HNC069', '2HNC072', '2HNC074', '2HNC075', '2HNC076', '2HNC077', '2HNC078', '2HNC079', '2HNC080', '2HNC081', '2HNC082', '2HNC085', '2HNC088', '2HNC091', '2HNC092', '2HNC097', '2HNC098', '2HNC099', '2HNC100', '2HNC102', '2HNC104', '2HNC108', '2HNC112', '2HNC113', '2HNC118', '2HNC121', '2HNC123', '2HNC125', '2HNE003', '2HNE004', '2HNE007']
[2026-06-01 20:33:13] INFO Val cases:   ['2HNA026', '2HNA033', '2HNA034', '2HNA038', '2HNA047', '2HNA096', '2HNA098', '2HNA100', '2HNA102', '2HNA104', '2HNA110', '2HNB013', '2HNB054', '2HNB061', '2HNB064', '2HNB071', '2HNB103', '2HNB108', '2HNC017', '2HNC020', '2HNC025', '2HNC030', '2HNC034', '2HNC036', '2HNC042', '2HNC043', '2HNC051', '2HNC060', '2HNC061', '2HNC062', '2HNC063', '2HNC084', '2HNC086', '2HNC087', '2HNC094', '2HNC101', '2HNC117', '2HNC119', '2HNE001', '2HNE006']
[2026-06-01 20:33:13] INFO Train slices: 13634  Val slices: 3451
[2026-06-01 20:33:13] INFO Model params: 6.50M
[2026-06-01 20:33:13] INFO Optimizer: SGD(lr=1e-05, momentum=0.99, nesterov=True, wd=1e-05)
[2026-06-01 20:34:02] INFO epoch 0 it 50/1704 loss 1.2414
[2026-06-01 20:34:02] INFO epoch 0 it 100/1704 loss 1.2015
[2026-06-01 20:34:03] INFO epoch 0 it 150/1704 loss 1.1447
[2026-06-01 20:34:03] INFO epoch 0 it 200/1704 loss 1.0887
[2026-06-01 20:34:03] INFO epoch 0 it 250/1704 loss 1.0281
[2026-06-01 20:34:04] INFO epoch 0 it 300/1704 loss 0.9579
[2026-06-01 20:34:04] INFO epoch 0 it 350/1704 loss 0.8861
[2026-06-01 20:34:05] INFO epoch 0 it 400/1704 loss 0.8412
[2026-06-01 20:34:05] INFO epoch 0 it 450/1704 loss 0.7765
[2026-06-01 20:34:06] INFO epoch 0 it 500/1704 loss 0.7238
[2026-06-01 20:34:06] INFO epoch 0 it 550/1704 loss 0.6693
[2026-06-01 20:34:07] INFO epoch 0 it 600/1704 loss 0.6285
[2026-06-01 20:34:07] INFO epoch 0 it 650/1704 loss 0.5836
[2026-06-01 20:34:08] INFO epoch 0 it 700/1704 loss 0.5420
[2026-06-01 20:34:08] INFO epoch 0 it 750/1704 loss 0.5004
[2026-06-01 20:34:09] INFO epoch 0 it 800/1704 loss 0.4607
[2026-06-01 20:34:09] INFO epoch 0 it 850/1704 loss 0.4240
[2026-06-01 20:34:10] INFO epoch 0 it 900/1704 loss 0.4037
[2026-06-01 20:34:10] INFO epoch 0 it 950/1704 loss 0.3694
[2026-06-01 20:34:11] INFO epoch 0 it 1000/1704 loss 0.3455
[2026-06-01 20:34:11] INFO epoch 0 it 1050/1704 loss 0.3210
[2026-06-01 20:34:12] INFO epoch 0 it 1100/1704 loss 0.2967
[2026-06-01 20:34:12] INFO epoch 0 it 1150/1704 loss 0.2771
[2026-06-01 20:34:12] INFO epoch 0 it 1200/1704 loss 0.2514
[2026-06-01 20:34:13] INFO epoch 0 it 1250/1704 loss 0.2353
[2026-06-01 20:34:13] INFO epoch 0 it 1300/1704 loss 0.2154
[2026-06-01 20:34:14] INFO epoch 0 it 1350/1704 loss 0.2108
[2026-06-01 20:34:14] INFO epoch 0 it 1400/1704 loss 0.1915
[2026-06-01 20:34:15] INFO epoch 0 it 1450/1704 loss 0.1825
[2026-06-01 20:34:15] INFO epoch 0 it 1500/1704 loss 0.1725
[2026-06-01 20:34:16] INFO epoch 0 it 1550/1704 loss 0.1642
[2026-06-01 20:34:16] INFO epoch 0 it 1600/1704 loss 0.1518
[2026-06-01 20:34:17] INFO epoch 0 it 1650/1704 loss 0.1476
[2026-06-01 20:34:17] INFO epoch 0 it 1700/1704 loss 0.1484
[2026-06-01 20:34:19] INFO epoch 0 done in 65.8s lr=1.00e-05 avg_train_loss=0.5221
C:\Users\USER\anaconda3\envs\nnunet\Lib\site-packages\monai\inferers\utils.py:226: UserWarning: Using a non-tuple sequence for multidimensional indexing is deprecated and will be changed in pytorch 2.9; use x[tuple(seq)] instead of x[seq]. In pytorch 2.9 this will be interpreted as tensor index, x[torch.tensor(seq)], which will result either in an error or a different result (Triggered internally at C:\actions-runner\_work\pytorch\pytorch\pytorch\torch\csrc\autograd\python_variable_indexing.cpp:353.)
  win_data = torch.cat([inputs[win_slice] for win_slice in unravel_slice]).to(sw_device)
C:\Users\USER\anaconda3\envs\nnunet\Lib\site-packages\monai\inferers\utils.py:370: UserWarning: Using a non-tuple sequence for multidimensional indexing is deprecated and will be changed in pytorch 2.9; use x[tuple(seq)] instead of x[seq]. In pytorch 2.9 this will be interpreted as tensor index, x[torch.tensor(seq)], which will result either in an error or a different result (Triggered internally at C:\actions-runner\_work\pytorch\pytorch\pytorch\torch\csrc\autograd\python_variable_indexing.cpp:353.)
  out[idx_zm] += p
[2026-06-01 20:35:02] INFO epoch 0 val MAE(HU): 132.10
[2026-06-01 20:35:02] INFO new best MAE: 132.10 ¡æ saved best.pth
[2026-06-01 20:35:50] INFO epoch 1 it 50/1704 loss 0.1402
[2026-06-01 20:35:51] INFO epoch 1 it 100/1704 loss 0.1355
[2026-06-01 20:35:51] INFO epoch 1 it 150/1704 loss 0.1347
[2026-06-01 20:35:52] INFO epoch 1 it 200/1704 loss 0.1299
[2026-06-01 20:35:52] INFO epoch 1 it 250/1704 loss 0.1275
[2026-06-01 20:35:53] INFO epoch 1 it 300/1704 loss 0.1190
[2026-06-01 20:35:53] INFO epoch 1 it 350/1704 loss 0.1226
[2026-06-01 20:35:54] INFO epoch 1 it 400/1704 loss 0.1154
[2026-06-01 20:35:54] INFO epoch 1 it 450/1704 loss 0.1178
[2026-06-01 20:35:54] INFO epoch 1 it 500/1704 loss 0.1135
[2026-06-01 20:35:55] INFO epoch 1 it 550/1704 loss 0.1130
[2026-06-01 20:35:55] INFO epoch 1 it 600/1704 loss 0.1081
[2026-06-01 20:35:56] INFO epoch 1 it 650/1704 loss 0.1100
[2026-06-01 20:35:56] INFO epoch 1 it 700/1704 loss 0.1042
[2026-06-01 20:35:57] INFO epoch 1 it 750/1704 loss 0.1085
[2026-06-01 20:35:57] INFO epoch 1 it 800/1704 loss 0.1083
[2026-06-01 20:35:58] INFO epoch 1 it 850/1704 loss 0.1075
[2026-06-01 20:35:58] INFO epoch 1 it 900/1704 loss 0.1055
[2026-06-01 20:35:59] INFO epoch 1 it 950/1704 loss 0.1035
[2026-06-01 20:35:59] INFO epoch 1 it 1000/1704 loss 0.1004
[2026-06-01 20:36:00] INFO epoch 1 it 1050/1704 loss 0.0980
[2026-06-01 20:36:00] INFO epoch 1 it 1100/1704 loss 0.0999
[2026-06-01 20:36:00] INFO epoch 1 it 1150/1704 loss 0.0999
[2026-06-01 20:36:01] INFO epoch 1 it 1200/1704 loss 0.0944
[2026-06-01 20:36:01] INFO epoch 1 it 1250/1704 loss 0.0986
[2026-06-01 20:36:02] INFO epoch 1 it 1300/1704 loss 0.0947
[2026-06-01 20:36:02] INFO epoch 1 it 1350/1704 loss 0.0977
[2026-06-01 20:36:03] INFO epoch 1 it 1400/1704 loss 0.0983
[2026-06-01 20:36:03] INFO epoch 1 it 1450/1704 loss 0.0947
[2026-06-01 20:36:04] INFO epoch 1 it 1500/1704 loss 0.0920
[2026-06-01 20:36:04] INFO epoch 1 it 1550/1704 loss 0.0922
[2026-06-01 20:36:05] INFO epoch 1 it 1600/1704 loss 0.0910
[2026-06-01 20:36:05] INFO epoch 1 it 1650/1704 loss 0.0894
[2026-06-01 20:36:06] INFO epoch 1 it 1700/1704 loss 0.0901
[2026-06-01 20:36:07] INFO epoch 1 done in 64.6s lr=9.99e-06 avg_train_loss=0.1075
[2026-06-01 20:36:50] INFO epoch 1 val MAE(HU): 97.68
[2026-06-01 20:36:50] INFO new best MAE: 97.68 ¡æ saved best.pth
[2026-06-01 20:37:38] INFO epoch 2 it 50/1704 loss 0.0918
[2026-06-01 20:37:38] INFO epoch 2 it 100/1704 loss 0.0898
[2026-06-01 20:37:38] INFO epoch 2 it 150/1704 loss 0.0904
[2026-06-01 20:37:39] INFO epoch 2 it 200/1704 loss 0.0901
[2026-06-01 20:37:39] INFO epoch 2 it 250/1704 loss 0.0909
[2026-06-01 20:37:40] INFO epoch 2 it 300/1704 loss 0.0913
[2026-06-01 20:37:40] INFO epoch 2 it 350/1704 loss 0.0887
[2026-06-01 20:37:41] INFO epoch 2 it 400/1704 loss 0.0881
[2026-06-01 20:37:41] INFO epoch 2 it 450/1704 loss 0.0864
[2026-06-01 20:37:42] INFO epoch 2 it 500/1704 loss 0.0892
[2026-06-01 20:37:42] INFO epoch 2 it 550/1704 loss 0.0855
[2026-06-01 20:37:43] INFO epoch 2 it 600/1704 loss 0.0902
[2026-06-01 20:37:43] INFO epoch 2 it 650/1704 loss 0.0855
[2026-06-01 20:37:44] INFO epoch 2 it 700/1704 loss 0.0881
[2026-06-01 20:37:44] INFO epoch 2 it 750/1704 loss 0.0886
[2026-06-01 20:37:44] INFO epoch 2 it 800/1704 loss 0.0877
[2026-06-01 20:37:45] INFO epoch 2 it 850/1704 loss 0.0881
[2026-06-01 20:37:45] INFO epoch 2 it 900/1704 loss 0.0816
[2026-06-01 20:37:46] INFO epoch 2 it 950/1704 loss 0.0843
[2026-06-01 20:37:46] INFO epoch 2 it 1000/1704 loss 0.0846
[2026-06-01 20:37:47] INFO epoch 2 it 1050/1704 loss 0.0811
[2026-06-01 20:37:47] INFO epoch 2 it 1100/1704 loss 0.0834
[2026-06-01 20:37:48] INFO epoch 2 it 1150/1704 loss 0.0849
[2026-06-01 20:37:48] INFO epoch 2 it 1200/1704 loss 0.0817
[2026-06-01 20:37:49] INFO epoch 2 it 1250/1704 loss 0.0854
[2026-06-01 20:37:49] INFO epoch 2 it 1300/1704 loss 0.0815
[2026-06-01 20:37:50] INFO epoch 2 it 1350/1704 loss 0.0847
[2026-06-01 20:37:50] INFO epoch 2 it 1400/1704 loss 0.0840
[2026-06-01 20:37:51] INFO epoch 2 it 1450/1704 loss 0.0839
[2026-06-01 20:37:51] INFO epoch 2 it 1500/1704 loss 0.0798
[2026-06-01 20:37:52] INFO epoch 2 it 1550/1704 loss 0.0815
[2026-06-01 20:37:52] INFO epoch 2 it 1600/1704 loss 0.0835
[2026-06-01 20:37:53] INFO epoch 2 it 1650/1704 loss 0.0823
[2026-06-01 20:37:53] INFO epoch 2 it 1700/1704 loss 0.0802
[2026-06-01 20:37:55] INFO epoch 2 done in 64.4s lr=9.98e-06 avg_train_loss=0.0858
[2026-06-01 20:38:39] INFO epoch 2 val MAE(HU): 89.45
[2026-06-01 20:38:39] INFO new best MAE: 89.45 ¡æ saved best.pth
[2026-06-01 20:39:27] INFO epoch 3 it 50/1704 loss 0.0809
[2026-06-01 20:39:27] INFO epoch 3 it 100/1704 loss 0.0830
[2026-06-01 20:39:28] INFO epoch 3 it 150/1704 loss 0.0833
[2026-06-01 20:39:28] INFO epoch 3 it 200/1704 loss 0.0793
[2026-06-01 20:39:28] INFO epoch 3 it 250/1704 loss 0.0818
[2026-06-01 20:39:29] INFO epoch 3 it 300/1704 loss 0.0812
[2026-06-01 20:39:29] INFO epoch 3 it 350/1704 loss 0.0828
[2026-06-01 20:39:30] INFO epoch 3 it 400/1704 loss 0.0803
[2026-06-01 20:39:30] INFO epoch 3 it 450/1704 loss 0.0805
[2026-06-01 20:39:31] INFO epoch 3 it 500/1704 loss 0.0799
[2026-06-01 20:39:32] INFO epoch 3 it 550/1704 loss 0.0823
[2026-06-01 20:39:32] INFO epoch 3 it 600/1704 loss 0.0800
[2026-06-01 20:39:33] INFO epoch 3 it 650/1704 loss 0.0836
[2026-06-01 20:39:33] INFO epoch 3 it 700/1704 loss 0.0819
[2026-06-01 20:39:34] INFO epoch 3 it 750/1704 loss 0.0806
[2026-06-01 20:39:34] INFO epoch 3 it 800/1704 loss 0.0798
[2026-06-01 20:39:35] INFO epoch 3 it 850/1704 loss 0.0768
[2026-06-01 20:39:35] INFO epoch 3 it 900/1704 loss 0.0814
[2026-06-01 20:39:36] INFO epoch 3 it 950/1704 loss 0.0767
[2026-06-01 20:39:36] INFO epoch 3 it 1000/1704 loss 0.0775
[2026-06-01 20:39:37] INFO epoch 3 it 1050/1704 loss 0.0732
[2026-06-01 20:39:37] INFO epoch 3 it 1100/1704 loss 0.0800
[2026-06-01 20:39:38] INFO epoch 3 it 1150/1704 loss 0.0796
[2026-06-01 20:39:38] INFO epoch 3 it 1200/1704 loss 0.0747
[2026-06-01 20:39:39] INFO epoch 3 it 1250/1704 loss 0.0797
[2026-06-01 20:39:40] INFO epoch 3 it 1300/1704 loss 0.0783
[2026-06-01 20:39:40] INFO epoch 3 it 1350/1704 loss 0.0808
[2026-06-01 20:39:41] INFO epoch 3 it 1400/1704 loss 0.0768
[2026-06-01 20:39:41] INFO epoch 3 it 1450/1704 loss 0.0783
[2026-06-01 20:39:42] INFO epoch 3 it 1500/1704 loss 0.0776
[2026-06-01 20:39:42] INFO epoch 3 it 1550/1704 loss 0.0792
[2026-06-01 20:39:43] INFO epoch 3 it 1600/1704 loss 0.0788
[2026-06-01 20:39:43] INFO epoch 3 it 1650/1704 loss 0.0763
[2026-06-01 20:39:44] INFO epoch 3 it 1700/1704 loss 0.0757
[2026-06-01 20:39:45] INFO epoch 3 done in 66.1s lr=9.96e-06 avg_train_loss=0.0795
[2026-06-01 20:40:30] INFO epoch 3 val MAE(HU): 85.89
[2026-06-01 20:40:31] INFO new best MAE: 85.89 ¡æ saved best.pth
[2026-06-01 20:41:18] INFO epoch 4 it 50/1704 loss 0.0769
[2026-06-01 20:41:18] INFO epoch 4 it 100/1704 loss 0.0789
[2026-06-01 20:41:19] INFO epoch 4 it 150/1704 loss 0.0753
[2026-06-01 20:41:19] INFO epoch 4 it 200/1704 loss 0.0783
[2026-06-01 20:41:20] INFO epoch 4 it 250/1704 loss 0.0744
[2026-06-01 20:41:20] INFO epoch 4 it 300/1704 loss 0.0748
[2026-06-01 20:41:21] INFO epoch 4 it 350/1704 loss 0.0771
[2026-06-01 20:41:22] INFO epoch 4 it 400/1704 loss 0.0777
[2026-06-01 20:41:22] INFO epoch 4 it 450/1704 loss 0.0774
[2026-06-01 20:41:23] INFO epoch 4 it 500/1704 loss 0.0793
[2026-06-01 20:41:23] INFO epoch 4 it 550/1704 loss 0.0798
[2026-06-01 20:41:24] INFO epoch 4 it 600/1704 loss 0.0757
[2026-06-01 20:41:24] INFO epoch 4 it 650/1704 loss 0.0730
[2026-06-01 20:41:25] INFO epoch 4 it 700/1704 loss 0.0724
[2026-06-01 20:41:25] INFO epoch 4 it 750/1704 loss 0.0774
[2026-06-01 20:41:26] INFO epoch 4 it 800/1704 loss 0.0764
[2026-06-01 20:41:26] INFO epoch 4 it 850/1704 loss 0.0768
[2026-06-01 20:41:27] INFO epoch 4 it 900/1704 loss 0.0744
[2026-06-01 20:41:27] INFO epoch 4 it 950/1704 loss 0.0749
[2026-06-01 20:41:28] INFO epoch 4 it 1000/1704 loss 0.0760
[2026-06-01 20:41:28] INFO epoch 4 it 1050/1704 loss 0.0755
[2026-06-01 20:41:29] INFO epoch 4 it 1100/1704 loss 0.0737
[2026-06-01 20:41:29] INFO epoch 4 it 1150/1704 loss 0.0777
[2026-06-01 20:41:30] INFO epoch 4 it 1200/1704 loss 0.0773
[2026-06-01 20:41:30] INFO epoch 4 it 1250/1704 loss 0.0706
[2026-06-01 20:41:31] INFO epoch 4 it 1300/1704 loss 0.0738
[2026-06-01 20:41:32] INFO epoch 4 it 1350/1704 loss 0.0724
[2026-06-01 20:41:32] INFO epoch 4 it 1400/1704 loss 0.0754
[2026-06-01 20:41:33] INFO epoch 4 it 1450/1704 loss 0.0777
[2026-06-01 20:41:33] INFO epoch 4 it 1500/1704 loss 0.0722
[2026-06-01 20:41:34] INFO epoch 4 it 1550/1704 loss 0.0766
[2026-06-01 20:41:34] INFO epoch 4 it 1600/1704 loss 0.0740
[2026-06-01 20:41:35] INFO epoch 4 it 1650/1704 loss 0.0734
[2026-06-01 20:41:35] INFO epoch 4 it 1700/1704 loss 0.0759
[2026-06-01 20:41:37] INFO epoch 4 done in 66.1s lr=9.94e-06 avg_train_loss=0.0757
[2026-06-01 20:42:23] INFO epoch 4 val MAE(HU): 83.43
[2026-06-01 20:42:23] INFO new best MAE: 83.43 ¡æ saved best.pth
[2026-06-01 20:43:10] INFO epoch 5 it 50/1704 loss 0.0750
[2026-06-01 20:43:11] INFO epoch 5 it 100/1704 loss 0.0746
[2026-06-01 20:43:11] INFO epoch 5 it 150/1704 loss 0.0742
[2026-06-01 20:43:12] INFO epoch 5 it 200/1704 loss 0.0705
[2026-06-01 20:43:12] INFO epoch 5 it 250/1704 loss 0.0743
[2026-06-01 20:43:13] INFO epoch 5 it 300/1704 loss 0.0710
[2026-06-01 20:43:13] INFO epoch 5 it 350/1704 loss 0.0729
[2026-06-01 20:43:14] INFO epoch 5 it 400/1704 loss 0.0711
[2026-06-01 20:43:15] INFO epoch 5 it 450/1704 loss 0.0784
[2026-06-01 20:43:15] INFO epoch 5 it 500/1704 loss 0.0745
[2026-06-01 20:43:16] INFO epoch 5 it 550/1704 loss 0.0760
[2026-06-01 20:43:16] INFO epoch 5 it 600/1704 loss 0.0727
[2026-06-01 20:43:17] INFO epoch 5 it 650/1704 loss 0.0733
[2026-06-01 20:43:17] INFO epoch 5 it 700/1704 loss 0.0745
[2026-06-01 20:43:18] INFO epoch 5 it 750/1704 loss 0.0722
[2026-06-01 20:43:18] INFO epoch 5 it 800/1704 loss 0.0746
[2026-06-01 20:43:19] INFO epoch 5 it 850/1704 loss 0.0710
[2026-06-01 20:43:19] INFO epoch 5 it 900/1704 loss 0.0710
[2026-06-01 20:43:20] INFO epoch 5 it 950/1704 loss 0.0737
[2026-06-01 20:43:21] INFO epoch 5 it 1000/1704 loss 0.0698
[2026-06-01 20:43:21] INFO epoch 5 it 1050/1704 loss 0.0721
[2026-06-01 20:43:22] INFO epoch 5 it 1100/1704 loss 0.0740
[2026-06-01 20:43:22] INFO epoch 5 it 1150/1704 loss 0.0724
[2026-06-01 20:43:23] INFO epoch 5 it 1200/1704 loss 0.0749
[2026-06-01 20:43:23] INFO epoch 5 it 1250/1704 loss 0.0721
[2026-06-01 20:43:24] INFO epoch 5 it 1300/1704 loss 0.0736
[2026-06-01 20:43:24] INFO epoch 5 it 1350/1704 loss 0.0717
[2026-06-01 20:43:25] INFO epoch 5 it 1400/1704 loss 0.0725
[2026-06-01 20:43:25] INFO epoch 5 it 1450/1704 loss 0.0741
[2026-06-01 20:43:26] INFO epoch 5 it 1500/1704 loss 0.0725
[2026-06-01 20:43:27] INFO epoch 5 it 1550/1704 loss 0.0728
[2026-06-01 20:43:27] INFO epoch 5 it 1600/1704 loss 0.0742
[2026-06-01 20:43:28] INFO epoch 5 it 1650/1704 loss 0.0705
[2026-06-01 20:43:28] INFO epoch 5 it 1700/1704 loss 0.0743
[2026-06-01 20:43:30] INFO epoch 5 done in 66.9s lr=9.91e-06 avg_train_loss=0.0731
[2026-06-01 20:44:15] INFO epoch 5 val MAE(HU): 81.51
[2026-06-01 20:44:15] INFO new best MAE: 81.51 ¡æ saved best.pth
[2026-06-01 20:45:01] INFO epoch 6 it 50/1704 loss 0.0722
[2026-06-01 20:45:02] INFO epoch 6 it 100/1704 loss 0.0722
[2026-06-01 20:45:02] INFO epoch 6 it 150/1704 loss 0.0762
[2026-06-01 20:45:03] INFO epoch 6 it 200/1704 loss 0.0731
[2026-06-01 20:45:03] INFO epoch 6 it 250/1704 loss 0.0715
[2026-06-01 20:45:04] INFO epoch 6 it 300/1704 loss 0.0722
[2026-06-01 20:45:04] INFO epoch 6 it 350/1704 loss 0.0726
[2026-06-01 20:45:05] INFO epoch 6 it 400/1704 loss 0.0723
[2026-06-01 20:45:05] INFO epoch 6 it 450/1704 loss 0.0726
[2026-06-01 20:45:06] INFO epoch 6 it 500/1704 loss 0.0697
[2026-06-01 20:45:06] INFO epoch 6 it 550/1704 loss 0.0715
[2026-06-01 20:45:07] INFO epoch 6 it 600/1704 loss 0.0702
[2026-06-01 20:45:07] INFO epoch 6 it 650/1704 loss 0.0714
[2026-06-01 20:45:08] INFO epoch 6 it 700/1704 loss 0.0707
[2026-06-01 20:45:08] INFO epoch 6 it 750/1704 loss 0.0735
[2026-06-01 20:45:08] INFO epoch 6 it 800/1704 loss 0.0714
[2026-06-01 20:45:09] INFO epoch 6 it 850/1704 loss 0.0698
[2026-06-01 20:45:09] INFO epoch 6 it 900/1704 loss 0.0669
[2026-06-01 20:45:10] INFO epoch 6 it 950/1704 loss 0.0711
[2026-06-01 20:45:10] INFO epoch 6 it 1000/1704 loss 0.0706
[2026-06-01 20:45:11] INFO epoch 6 it 1050/1704 loss 0.0746
[2026-06-01 20:45:11] INFO epoch 6 it 1100/1704 loss 0.0693
[2026-06-01 20:45:12] INFO epoch 6 it 1150/1704 loss 0.0728
[2026-06-01 20:45:12] INFO epoch 6 it 1200/1704 loss 0.0731
[2026-06-01 20:45:13] INFO epoch 6 it 1250/1704 loss 0.0667
[2026-06-01 20:45:13] INFO epoch 6 it 1300/1704 loss 0.0692
[2026-06-01 20:45:14] INFO epoch 6 it 1350/1704 loss 0.0748
[2026-06-01 20:45:14] INFO epoch 6 it 1400/1704 loss 0.0691
[2026-06-01 20:45:15] INFO epoch 6 it 1450/1704 loss 0.0692
[2026-06-01 20:45:15] INFO epoch 6 it 1500/1704 loss 0.0708
[2026-06-01 20:45:15] INFO epoch 6 it 1550/1704 loss 0.0703
[2026-06-01 20:45:16] INFO epoch 6 it 1600/1704 loss 0.0683
[2026-06-01 20:45:16] INFO epoch 6 it 1650/1704 loss 0.0713
[2026-06-01 20:45:17] INFO epoch 6 it 1700/1704 loss 0.0702
[2026-06-01 20:45:18] INFO epoch 6 done in 63.4s lr=9.88e-06 avg_train_loss=0.0712
[2026-06-01 20:46:02] INFO epoch 6 val MAE(HU): 79.85
[2026-06-01 20:46:02] INFO new best MAE: 79.85 ¡æ saved best.pth
[2026-06-01 20:46:49] INFO epoch 7 it 50/1704 loss 0.0721
[2026-06-01 20:46:49] INFO epoch 7 it 100/1704 loss 0.0708
[2026-06-01 20:46:50] INFO epoch 7 it 150/1704 loss 0.0719
[2026-06-01 20:46:50] INFO epoch 7 it 200/1704 loss 0.0694
[2026-06-01 20:46:51] INFO epoch 7 it 250/1704 loss 0.0675
[2026-06-01 20:46:51] INFO epoch 7 it 300/1704 loss 0.0748
[2026-06-01 20:46:51] INFO epoch 7 it 350/1704 loss 0.0700
[2026-06-01 20:46:52] INFO epoch 7 it 400/1704 loss 0.0679
[2026-06-01 20:46:52] INFO epoch 7 it 450/1704 loss 0.0697
[2026-06-01 20:46:53] INFO epoch 7 it 500/1704 loss 0.0660
[2026-06-01 20:46:53] INFO epoch 7 it 550/1704 loss 0.0708
[2026-06-01 20:46:54] INFO epoch 7 it 600/1704 loss 0.0703
[2026-06-01 20:46:54] INFO epoch 7 it 650/1704 loss 0.0676
[2026-06-01 20:46:55] INFO epoch 7 it 700/1704 loss 0.0704
[2026-06-01 20:46:55] INFO epoch 7 it 750/1704 loss 0.0702
[2026-06-01 20:46:56] INFO epoch 7 it 800/1704 loss 0.0687
[2026-06-01 20:46:56] INFO epoch 7 it 850/1704 loss 0.0680
[2026-06-01 20:46:57] INFO epoch 7 it 900/1704 loss 0.0701
[2026-06-01 20:46:57] INFO epoch 7 it 950/1704 loss 0.0687
[2026-06-01 20:46:57] INFO epoch 7 it 1000/1704 loss 0.0702
[2026-06-01 20:46:58] INFO epoch 7 it 1050/1704 loss 0.0677
[2026-06-01 20:46:58] INFO epoch 7 it 1100/1704 loss 0.0681
[2026-06-01 20:46:59] INFO epoch 7 it 1150/1704 loss 0.0710
[2026-06-01 20:46:59] INFO epoch 7 it 1200/1704 loss 0.0702
[2026-06-01 20:47:00] INFO epoch 7 it 1250/1704 loss 0.0671
[2026-06-01 20:47:00] INFO epoch 7 it 1300/1704 loss 0.0684
[2026-06-01 20:47:01] INFO epoch 7 it 1350/1704 loss 0.0712
[2026-06-01 20:47:01] INFO epoch 7 it 1400/1704 loss 0.0716
[2026-06-01 20:47:02] INFO epoch 7 it 1450/1704 loss 0.0697
[2026-06-01 20:47:02] INFO epoch 7 it 1500/1704 loss 0.0698
[2026-06-01 20:47:03] INFO epoch 7 it 1550/1704 loss 0.0681
[2026-06-01 20:47:03] INFO epoch 7 it 1600/1704 loss 0.0696
[2026-06-01 20:47:04] INFO epoch 7 it 1650/1704 loss 0.0690
[2026-06-01 20:47:04] INFO epoch 7 it 1700/1704 loss 0.0702
[2026-06-01 20:47:06] INFO epoch 7 done in 63.6s lr=9.84e-06 avg_train_loss=0.0696
[2026-06-01 20:47:49] INFO epoch 7 val MAE(HU): 78.58
[2026-06-01 20:47:49] INFO new best MAE: 78.58 ¡æ saved best.pth
[2026-06-01 20:48:38] INFO epoch 8 it 50/1704 loss 0.0695
[2026-06-01 20:48:38] INFO epoch 8 it 100/1704 loss 0.0674
[2026-06-01 20:48:38] INFO epoch 8 it 150/1704 loss 0.0698
[2026-06-01 20:48:39] INFO epoch 8 it 200/1704 loss 0.0699
[2026-06-01 20:48:39] INFO epoch 8 it 250/1704 loss 0.0692
[2026-06-01 20:48:40] INFO epoch 8 it 300/1704 loss 0.0683
[2026-06-01 20:48:40] INFO epoch 8 it 350/1704 loss 0.0676
[2026-06-01 20:48:41] INFO epoch 8 it 400/1704 loss 0.0685
[2026-06-01 20:48:41] INFO epoch 8 it 450/1704 loss 0.0703
[2026-06-01 20:48:42] INFO epoch 8 it 500/1704 loss 0.0699
[2026-06-01 20:48:42] INFO epoch 8 it 550/1704 loss 0.0673
[2026-06-01 20:48:43] INFO epoch 8 it 600/1704 loss 0.0701
[2026-06-01 20:48:43] INFO epoch 8 it 650/1704 loss 0.0697
[2026-06-01 20:48:43] INFO epoch 8 it 700/1704 loss 0.0669
[2026-06-01 20:48:44] INFO epoch 8 it 750/1704 loss 0.0701
[2026-06-01 20:48:44] INFO epoch 8 it 800/1704 loss 0.0695
[2026-06-01 20:48:45] INFO epoch 8 it 850/1704 loss 0.0668
[2026-06-01 20:48:45] INFO epoch 8 it 900/1704 loss 0.0696
[2026-06-01 20:48:46] INFO epoch 8 it 950/1704 loss 0.0660
[2026-06-01 20:48:46] INFO epoch 8 it 1000/1704 loss 0.0698
[2026-06-01 20:48:47] INFO epoch 8 it 1050/1704 loss 0.0672
[2026-06-01 20:48:47] INFO epoch 8 it 1100/1704 loss 0.0700
[2026-06-01 20:48:48] INFO epoch 8 it 1150/1704 loss 0.0682
[2026-06-01 20:48:48] INFO epoch 8 it 1200/1704 loss 0.0686
[2026-06-01 20:48:49] INFO epoch 8 it 1250/1704 loss 0.0670
[2026-06-01 20:48:49] INFO epoch 8 it 1300/1704 loss 0.0707
[2026-06-01 20:48:50] INFO epoch 8 it 1350/1704 loss 0.0700
[2026-06-01 20:48:50] INFO epoch 8 it 1400/1704 loss 0.0683
[2026-06-01 20:48:51] INFO epoch 8 it 1450/1704 loss 0.0684
[2026-06-01 20:48:51] INFO epoch 8 it 1500/1704 loss 0.0644
[2026-06-01 20:48:52] INFO epoch 8 it 1550/1704 loss 0.0692
[2026-06-01 20:48:52] INFO epoch 8 it 1600/1704 loss 0.0697
[2026-06-01 20:48:53] INFO epoch 8 it 1650/1704 loss 0.0663
[2026-06-01 20:48:53] INFO epoch 8 it 1700/1704 loss 0.0689
[2026-06-01 20:48:55] INFO epoch 8 done in 65.4s lr=9.80e-06 avg_train_loss=0.0687
[2026-06-01 20:49:39] INFO epoch 8 val MAE(HU): 77.73
[2026-06-01 20:49:39] INFO new best MAE: 77.73 ¡æ saved best.pth
[2026-06-01 20:50:28] INFO epoch 9 it 50/1704 loss 0.0671
[2026-06-01 20:50:29] INFO epoch 9 it 100/1704 loss 0.0655
[2026-06-01 20:50:29] INFO epoch 9 it 150/1704 loss 0.0669
[2026-06-01 20:50:30] INFO epoch 9 it 200/1704 loss 0.0682
[2026-06-01 20:50:30] INFO epoch 9 it 250/1704 loss 0.0691
[2026-06-01 20:50:30] INFO epoch 9 it 300/1704 loss 0.0657
[2026-06-01 20:50:31] INFO epoch 9 it 350/1704 loss 0.0656
[2026-06-01 20:50:31] INFO epoch 9 it 400/1704 loss 0.0705
[2026-06-01 20:50:32] INFO epoch 9 it 450/1704 loss 0.0663
[2026-06-01 20:50:32] INFO epoch 9 it 500/1704 loss 0.0670
[2026-06-01 20:50:33] INFO epoch 9 it 550/1704 loss 0.0700
[2026-06-01 20:50:33] INFO epoch 9 it 600/1704 loss 0.0678
[2026-06-01 20:50:34] INFO epoch 9 it 650/1704 loss 0.0674
[2026-06-01 20:50:34] INFO epoch 9 it 700/1704 loss 0.0673
[2026-06-01 20:50:35] INFO epoch 9 it 750/1704 loss 0.0642
[2026-06-01 20:50:35] INFO epoch 9 it 800/1704 loss 0.0673
[2026-06-01 20:50:36] INFO epoch 9 it 850/1704 loss 0.0658
[2026-06-01 20:50:36] INFO epoch 9 it 900/1704 loss 0.0709
[2026-06-01 20:50:36] INFO epoch 9 it 950/1704 loss 0.0690
[2026-06-01 20:50:37] INFO epoch 9 it 1000/1704 loss 0.0670
[2026-06-01 20:50:37] INFO epoch 9 it 1050/1704 loss 0.0677
[2026-06-01 20:50:38] INFO epoch 9 it 1100/1704 loss 0.0667
[2026-06-01 20:50:38] INFO epoch 9 it 1150/1704 loss 0.0698
[2026-06-01 20:50:39] INFO epoch 9 it 1200/1704 loss 0.0683
[2026-06-01 20:50:39] INFO epoch 9 it 1250/1704 loss 0.0652
[2026-06-01 20:50:40] INFO epoch 9 it 1300/1704 loss 0.0700
[2026-06-01 20:50:40] INFO epoch 9 it 1350/1704 loss 0.0678
[2026-06-01 20:50:41] INFO epoch 9 it 1400/1704 loss 0.0669
[2026-06-01 20:50:41] INFO epoch 9 it 1450/1704 loss 0.0677
[2026-06-01 20:50:42] INFO epoch 9 it 1500/1704 loss 0.0679
[2026-06-01 20:50:42] INFO epoch 9 it 1550/1704 loss 0.0649
[2026-06-01 20:50:42] INFO epoch 9 it 1600/1704 loss 0.0687
[2026-06-01 20:50:43] INFO epoch 9 it 1650/1704 loss 0.0656
[2026-06-01 20:50:43] INFO epoch 9 it 1700/1704 loss 0.0689
[2026-06-01 20:50:45] INFO epoch 9 done in 65.2s lr=9.76e-06 avg_train_loss=0.0675
[2026-06-01 20:51:31] INFO epoch 9 val MAE(HU): 76.76
[2026-06-01 20:51:31] INFO new best MAE: 76.76 ¡æ saved best.pth
[2026-06-01 20:52:20] INFO epoch 10 it 50/1704 loss 0.0660
[2026-06-01 20:52:20] INFO epoch 10 it 100/1704 loss 0.0689
[2026-06-01 20:52:21] INFO epoch 10 it 150/1704 loss 0.0693
[2026-06-01 20:52:21] INFO epoch 10 it 200/1704 loss 0.0637
[2026-06-01 20:52:22] INFO epoch 10 it 250/1704 loss 0.0681
[2026-06-01 20:52:22] INFO epoch 10 it 300/1704 loss 0.0674
[2026-06-01 20:52:23] INFO epoch 10 it 350/1704 loss 0.0664
[2026-06-01 20:52:23] INFO epoch 10 it 400/1704 loss 0.0665
[2026-06-01 20:52:24] INFO epoch 10 it 450/1704 loss 0.0654
[2026-06-01 20:52:24] INFO epoch 10 it 500/1704 loss 0.0663
[2026-06-01 20:52:25] INFO epoch 10 it 550/1704 loss 0.0667
[2026-06-01 20:52:25] INFO epoch 10 it 600/1704 loss 0.0665
[2026-06-01 20:52:25] INFO epoch 10 it 650/1704 loss 0.0675
[2026-06-01 20:52:26] INFO epoch 10 it 700/1704 loss 0.0678
[2026-06-01 20:52:26] INFO epoch 10 it 750/1704 loss 0.0692
[2026-06-01 20:52:27] INFO epoch 10 it 800/1704 loss 0.0650
[2026-06-01 20:52:27] INFO epoch 10 it 850/1704 loss 0.0685
[2026-06-01 20:52:28] INFO epoch 10 it 900/1704 loss 0.0666
[2026-06-01 20:52:28] INFO epoch 10 it 950/1704 loss 0.0666
[2026-06-01 20:52:29] INFO epoch 10 it 1000/1704 loss 0.0670
[2026-06-01 20:52:29] INFO epoch 10 it 1050/1704 loss 0.0640
[2026-06-01 20:52:29] INFO epoch 10 it 1100/1704 loss 0.0655
[2026-06-01 20:52:30] INFO epoch 10 it 1150/1704 loss 0.0687
[2026-06-01 20:52:30] INFO epoch 10 it 1200/1704 loss 0.0688
[2026-06-01 20:52:31] INFO epoch 10 it 1250/1704 loss 0.0680
[2026-06-01 20:52:31] INFO epoch 10 it 1300/1704 loss 0.0655
[2026-06-01 20:52:32] INFO epoch 10 it 1350/1704 loss 0.0681
[2026-06-01 20:52:32] INFO epoch 10 it 1400/1704 loss 0.0662
[2026-06-01 20:52:33] INFO epoch 10 it 1450/1704 loss 0.0653
[2026-06-01 20:52:33] INFO epoch 10 it 1500/1704 loss 0.0693
[2026-06-01 20:52:34] INFO epoch 10 it 1550/1704 loss 0.0650
[2026-06-01 20:52:34] INFO epoch 10 it 1600/1704 loss 0.0636
[2026-06-01 20:52:35] INFO epoch 10 it 1650/1704 loss 0.0650
[2026-06-01 20:52:35] INFO epoch 10 it 1700/1704 loss 0.0689
[2026-06-01 20:52:37] INFO epoch 10 done in 65.3s lr=9.70e-06 avg_train_loss=0.0668
[2026-06-01 20:53:20] INFO epoch 10 val MAE(HU): 76.02
[2026-06-01 20:53:20] INFO new best MAE: 76.02 ¡æ saved best.pth
[2026-06-01 20:54:07] INFO epoch 11 it 50/1704 loss 0.0630
[2026-06-01 20:54:08] INFO epoch 11 it 100/1704 loss 0.0644
[2026-06-01 20:54:08] INFO epoch 11 it 150/1704 loss 0.0665
[2026-06-01 20:54:09] INFO epoch 11 it 200/1704 loss 0.0675
[2026-06-01 20:54:09] INFO epoch 11 it 250/1704 loss 0.0677
[2026-06-01 20:54:10] INFO epoch 11 it 300/1704 loss 0.0645
[2026-06-01 20:54:10] INFO epoch 11 it 350/1704 loss 0.0650
[2026-06-01 20:54:11] INFO epoch 11 it 400/1704 loss 0.0670
[2026-06-01 20:54:11] INFO epoch 11 it 450/1704 loss 0.0678
[2026-06-01 20:54:11] INFO epoch 11 it 500/1704 loss 0.0684
[2026-06-01 20:54:12] INFO epoch 11 it 550/1704 loss 0.0633
[2026-06-01 20:54:12] INFO epoch 11 it 600/1704 loss 0.0633
[2026-06-01 20:54:13] INFO epoch 11 it 650/1704 loss 0.0652
[2026-06-01 20:54:13] INFO epoch 11 it 700/1704 loss 0.0668
[2026-06-01 20:54:14] INFO epoch 11 it 750/1704 loss 0.0668
[2026-06-01 20:54:14] INFO epoch 11 it 800/1704 loss 0.0646
[2026-06-01 20:54:15] INFO epoch 11 it 850/1704 loss 0.0649
[2026-06-01 20:54:15] INFO epoch 11 it 900/1704 loss 0.0658
[2026-06-01 20:54:16] INFO epoch 11 it 950/1704 loss 0.0658
[2026-06-01 20:54:16] INFO epoch 11 it 1000/1704 loss 0.0651
[2026-06-01 20:54:16] INFO epoch 11 it 1050/1704 loss 0.0680
[2026-06-01 20:54:17] INFO epoch 11 it 1100/1704 loss 0.0673
[2026-06-01 20:54:17] INFO epoch 11 it 1150/1704 loss 0.0659
[2026-06-01 20:54:18] INFO epoch 11 it 1200/1704 loss 0.0646
[2026-06-01 20:54:18] INFO epoch 11 it 1250/1704 loss 0.0697
[2026-06-01 20:54:19] INFO epoch 11 it 1300/1704 loss 0.0636
[2026-06-01 20:54:19] INFO epoch 11 it 1350/1704 loss 0.0628
[2026-06-01 20:54:20] INFO epoch 11 it 1400/1704 loss 0.0652
[2026-06-01 20:54:20] INFO epoch 11 it 1450/1704 loss 0.0695
[2026-06-01 20:54:20] INFO epoch 11 it 1500/1704 loss 0.0656
[2026-06-01 20:54:21] INFO epoch 11 it 1550/1704 loss 0.0667
[2026-06-01 20:54:21] INFO epoch 11 it 1600/1704 loss 0.0652
[2026-06-01 20:54:22] INFO epoch 11 it 1650/1704 loss 0.0644
[2026-06-01 20:54:22] INFO epoch 11 it 1700/1704 loss 0.0662
[2026-06-01 20:54:24] INFO epoch 11 done in 63.5s lr=9.65e-06 avg_train_loss=0.0658
[2026-06-01 20:55:07] INFO epoch 11 val MAE(HU): 75.43
[2026-06-01 20:55:07] INFO new best MAE: 75.43 ¡æ saved best.pth
[2026-06-01 20:55:55] INFO epoch 12 it 50/1704 loss 0.0668
[2026-06-01 20:55:56] INFO epoch 12 it 100/1704 loss 0.0641
[2026-06-01 20:55:56] INFO epoch 12 it 150/1704 loss 0.0650
[2026-06-01 20:55:56] INFO epoch 12 it 200/1704 loss 0.0653
[2026-06-01 20:55:57] INFO epoch 12 it 250/1704 loss 0.0663
[2026-06-01 20:55:57] INFO epoch 12 it 300/1704 loss 0.0650
[2026-06-01 20:55:58] INFO epoch 12 it 350/1704 loss 0.0651
[2026-06-01 20:55:58] INFO epoch 12 it 400/1704 loss 0.0653
[2026-06-01 20:55:59] INFO epoch 12 it 450/1704 loss 0.0669
[2026-06-01 20:55:59] INFO epoch 12 it 500/1704 loss 0.0672
[2026-06-01 20:56:00] INFO epoch 12 it 550/1704 loss 0.0649
[2026-06-01 20:56:00] INFO epoch 12 it 600/1704 loss 0.0660
[2026-06-01 20:56:01] INFO epoch 12 it 650/1704 loss 0.0645
[2026-06-01 20:56:01] INFO epoch 12 it 700/1704 loss 0.0655
[2026-06-01 20:56:01] INFO epoch 12 it 750/1704 loss 0.0658
[2026-06-01 20:56:02] INFO epoch 12 it 800/1704 loss 0.0646
[2026-06-01 20:56:02] INFO epoch 12 it 850/1704 loss 0.0668
[2026-06-01 20:56:03] INFO epoch 12 it 900/1704 loss 0.0659
[2026-06-01 20:56:03] INFO epoch 12 it 950/1704 loss 0.0684
[2026-06-01 20:56:04] INFO epoch 12 it 1000/1704 loss 0.0674
[2026-06-01 20:56:04] INFO epoch 12 it 1050/1704 loss 0.0621
[2026-06-01 20:56:05] INFO epoch 12 it 1100/1704 loss 0.0649
[2026-06-01 20:56:05] INFO epoch 12 it 1150/1704 loss 0.0669
[2026-06-01 20:56:05] INFO epoch 12 it 1200/1704 loss 0.0635
[2026-06-01 20:56:06] INFO epoch 12 it 1250/1704 loss 0.0637
[2026-06-01 20:56:06] INFO epoch 12 it 1300/1704 loss 0.0665
[2026-06-01 20:56:07] INFO epoch 12 it 1350/1704 loss 0.0642
[2026-06-01 20:56:07] INFO epoch 12 it 1400/1704 loss 0.0644
[2026-06-01 20:56:08] INFO epoch 12 it 1450/1704 loss 0.0632
[2026-06-01 20:56:08] INFO epoch 12 it 1500/1704 loss 0.0656
[2026-06-01 20:56:09] INFO epoch 12 it 1550/1704 loss 0.0663
[2026-06-01 20:56:09] INFO epoch 12 it 1600/1704 loss 0.0661
[2026-06-01 20:56:10] INFO epoch 12 it 1650/1704 loss 0.0668
[2026-06-01 20:56:10] INFO epoch 12 it 1700/1704 loss 0.0628
[2026-06-01 20:56:11] INFO epoch 12 done in 63.8s lr=9.59e-06 avg_train_loss=0.0654
[2026-06-01 20:56:54] INFO epoch 12 val MAE(HU): 74.95
[2026-06-01 20:56:54] INFO new best MAE: 74.95 ¡æ saved best.pth
[2026-06-01 20:57:41] INFO epoch 13 it 50/1704 loss 0.0638
[2026-06-01 20:57:42] INFO epoch 13 it 100/1704 loss 0.0634
[2026-06-01 20:57:42] INFO epoch 13 it 150/1704 loss 0.0642
[2026-06-01 20:57:43] INFO epoch 13 it 200/1704 loss 0.0615
[2026-06-01 20:57:43] INFO epoch 13 it 250/1704 loss 0.0650
[2026-06-01 20:57:44] INFO epoch 13 it 300/1704 loss 0.0670
[2026-06-01 20:57:44] INFO epoch 13 it 350/1704 loss 0.0664
[2026-06-01 20:57:45] INFO epoch 13 it 400/1704 loss 0.0674
[2026-06-01 20:57:45] INFO epoch 13 it 450/1704 loss 0.0665
[2026-06-01 20:57:45] INFO epoch 13 it 500/1704 loss 0.0652
[2026-06-01 20:57:46] INFO epoch 13 it 550/1704 loss 0.0668
[2026-06-01 20:57:46] INFO epoch 13 it 600/1704 loss 0.0635
[2026-06-01 20:57:47] INFO epoch 13 it 650/1704 loss 0.0639
[2026-06-01 20:57:47] INFO epoch 13 it 700/1704 loss 0.0636
[2026-06-01 20:57:48] INFO epoch 13 it 750/1704 loss 0.0643
[2026-06-01 20:57:48] INFO epoch 13 it 800/1704 loss 0.0640
[2026-06-01 20:57:49] INFO epoch 13 it 850/1704 loss 0.0656
[2026-06-01 20:57:49] INFO epoch 13 it 900/1704 loss 0.0625
[2026-06-01 20:57:50] INFO epoch 13 it 950/1704 loss 0.0647
[2026-06-01 20:57:50] INFO epoch 13 it 1000/1704 loss 0.0653
[2026-06-01 20:57:50] INFO epoch 13 it 1050/1704 loss 0.0673
[2026-06-01 20:57:51] INFO epoch 13 it 1100/1704 loss 0.0641
[2026-06-01 20:57:51] INFO epoch 13 it 1150/1704 loss 0.0646
[2026-06-01 20:57:52] INFO epoch 13 it 1200/1704 loss 0.0647
[2026-06-01 20:57:52] INFO epoch 13 it 1250/1704 loss 0.0671
[2026-06-01 20:57:53] INFO epoch 13 it 1300/1704 loss 0.0666
[2026-06-01 20:57:53] INFO epoch 13 it 1350/1704 loss 0.0648
[2026-06-01 20:57:54] INFO epoch 13 it 1400/1704 loss 0.0654
[2026-06-01 20:57:54] INFO epoch 13 it 1450/1704 loss 0.0624
[2026-06-01 20:57:54] INFO epoch 13 it 1500/1704 loss 0.0629
[2026-06-01 20:57:55] INFO epoch 13 it 1550/1704 loss 0.0660
[2026-06-01 20:57:55] INFO epoch 13 it 1600/1704 loss 0.0639
[2026-06-01 20:57:56] INFO epoch 13 it 1650/1704 loss 0.0663
[2026-06-01 20:57:56] INFO epoch 13 it 1700/1704 loss 0.0634
[2026-06-01 20:57:58] INFO epoch 13 done in 63.5s lr=9.52e-06 avg_train_loss=0.0648
[2026-06-01 20:58:42] INFO epoch 13 val MAE(HU): 74.44
[2026-06-01 20:58:42] INFO new best MAE: 74.44 ¡æ saved best.pth
[2026-06-01 20:59:29] INFO epoch 14 it 50/1704 loss 0.0688
[2026-06-01 20:59:30] INFO epoch 14 it 100/1704 loss 0.0641
[2026-06-01 20:59:30] INFO epoch 14 it 150/1704 loss 0.0704
[2026-06-01 20:59:31] INFO epoch 14 it 200/1704 loss 0.0646
[2026-06-01 20:59:31] INFO epoch 14 it 250/1704 loss 0.0661
[2026-06-01 20:59:32] INFO epoch 14 it 300/1704 loss 0.0650
[2026-06-01 20:59:32] INFO epoch 14 it 350/1704 loss 0.0641
[2026-06-01 20:59:33] INFO epoch 14 it 400/1704 loss 0.0640
[2026-06-01 20:59:33] INFO epoch 14 it 450/1704 loss 0.0622
[2026-06-01 20:59:33] INFO epoch 14 it 500/1704 loss 0.0652
[2026-06-01 20:59:34] INFO epoch 14 it 550/1704 loss 0.0641
[2026-06-01 20:59:34] INFO epoch 14 it 600/1704 loss 0.0644
[2026-06-01 20:59:35] INFO epoch 14 it 650/1704 loss 0.0652
[2026-06-01 20:59:35] INFO epoch 14 it 700/1704 loss 0.0628
[2026-06-01 20:59:36] INFO epoch 14 it 750/1704 loss 0.0629
[2026-06-01 20:59:36] INFO epoch 14 it 800/1704 loss 0.0622
[2026-06-01 20:59:37] INFO epoch 14 it 850/1704 loss 0.0653
[2026-06-01 20:59:37] INFO epoch 14 it 900/1704 loss 0.0666
[2026-06-01 20:59:38] INFO epoch 14 it 950/1704 loss 0.0623
[2026-06-01 20:59:38] INFO epoch 14 it 1000/1704 loss 0.0629
[2026-06-01 20:59:38] INFO epoch 14 it 1050/1704 loss 0.0638
[2026-06-01 20:59:39] INFO epoch 14 it 1100/1704 loss 0.0628
[2026-06-01 20:59:39] INFO epoch 14 it 1150/1704 loss 0.0632
[2026-06-01 20:59:40] INFO epoch 14 it 1200/1704 loss 0.0625
[2026-06-01 20:59:40] INFO epoch 14 it 1250/1704 loss 0.0629
[2026-06-01 20:59:41] INFO epoch 14 it 1300/1704 loss 0.0654
[2026-06-01 20:59:41] INFO epoch 14 it 1350/1704 loss 0.0640
[2026-06-01 20:59:42] INFO epoch 14 it 1400/1704 loss 0.0634
[2026-06-01 20:59:42] INFO epoch 14 it 1450/1704 loss 0.0650
[2026-06-01 20:59:43] INFO epoch 14 it 1500/1704 loss 0.0615
[2026-06-01 20:59:43] INFO epoch 14 it 1550/1704 loss 0.0666
[2026-06-01 20:59:44] INFO epoch 14 it 1600/1704 loss 0.0654
[2026-06-01 20:59:44] INFO epoch 14 it 1650/1704 loss 0.0626
[2026-06-01 20:59:45] INFO epoch 14 it 1700/1704 loss 0.0642
[2026-06-01 20:59:46] INFO epoch 14 done in 64.2s lr=9.46e-06 avg_train_loss=0.0643
[2026-06-01 21:00:30] INFO epoch 14 val MAE(HU): 73.97
[2026-06-01 21:00:30] INFO new best MAE: 73.97 ¡æ saved best.pth
[2026-06-01 21:01:18] INFO epoch 15 it 50/1704 loss 0.0656
[2026-06-01 21:01:18] INFO epoch 15 it 100/1704 loss 0.0635
[2026-06-01 21:01:19] INFO epoch 15 it 150/1704 loss 0.0633
[2026-06-01 21:01:19] INFO epoch 15 it 200/1704 loss 0.0638
[2026-06-01 21:01:20] INFO epoch 15 it 250/1704 loss 0.0630
[2026-06-01 21:01:20] INFO epoch 15 it 300/1704 loss 0.0633
[2026-06-01 21:01:20] INFO epoch 15 it 350/1704 loss 0.0660
[2026-06-01 21:01:21] INFO epoch 15 it 400/1704 loss 0.0623
[2026-06-01 21:01:21] INFO epoch 15 it 450/1704 loss 0.0624
[2026-06-01 21:01:22] INFO epoch 15 it 500/1704 loss 0.0639
[2026-06-01 21:01:22] INFO epoch 15 it 550/1704 loss 0.0652
[2026-06-01 21:01:23] INFO epoch 15 it 600/1704 loss 0.0643
[2026-06-01 21:01:23] INFO epoch 15 it 650/1704 loss 0.0631
[2026-06-01 21:01:24] INFO epoch 15 it 700/1704 loss 0.0635
[2026-06-01 21:01:24] INFO epoch 15 it 750/1704 loss 0.0640
[2026-06-01 21:01:25] INFO epoch 15 it 800/1704 loss 0.0630
[2026-06-01 21:01:25] INFO epoch 15 it 850/1704 loss 0.0620
[2026-06-01 21:01:26] INFO epoch 15 it 900/1704 loss 0.0636
[2026-06-01 21:01:26] INFO epoch 15 it 950/1704 loss 0.0627
[2026-06-01 21:01:27] INFO epoch 15 it 1000/1704 loss 0.0637
[2026-06-01 21:01:27] INFO epoch 15 it 1050/1704 loss 0.0634
[2026-06-01 21:01:28] INFO epoch 15 it 1100/1704 loss 0.0648
[2026-06-01 21:01:28] INFO epoch 15 it 1150/1704 loss 0.0658
[2026-06-01 21:01:28] INFO epoch 15 it 1200/1704 loss 0.0631
[2026-06-01 21:01:29] INFO epoch 15 it 1250/1704 loss 0.0638
[2026-06-01 21:01:29] INFO epoch 15 it 1300/1704 loss 0.0645
[2026-06-01 21:01:30] INFO epoch 15 it 1350/1704 loss 0.0639
[2026-06-01 21:01:30] INFO epoch 15 it 1400/1704 loss 0.0640
[2026-06-01 21:01:31] INFO epoch 15 it 1450/1704 loss 0.0653
[2026-06-01 21:01:31] INFO epoch 15 it 1500/1704 loss 0.0647
[2026-06-01 21:01:32] INFO epoch 15 it 1550/1704 loss 0.0615
[2026-06-01 21:01:32] INFO epoch 15 it 1600/1704 loss 0.0640
[2026-06-01 21:01:33] INFO epoch 15 it 1650/1704 loss 0.0644
[2026-06-01 21:01:33] INFO epoch 15 it 1700/1704 loss 0.0623
[2026-06-01 21:01:35] INFO epoch 15 done in 64.8s lr=9.38e-06 avg_train_loss=0.0638
[2026-06-01 21:02:18] INFO epoch 15 val MAE(HU): 73.64
[2026-06-01 21:02:18] INFO new best MAE: 73.64 ¡æ saved best.pth
[2026-06-01 21:03:07] INFO epoch 16 it 50/1704 loss 0.0641
[2026-06-01 21:03:08] INFO epoch 16 it 100/1704 loss 0.0662
[2026-06-01 21:03:08] INFO epoch 16 it 150/1704 loss 0.0631
[2026-06-01 21:03:09] INFO epoch 16 it 200/1704 loss 0.0629
[2026-06-01 21:03:09] INFO epoch 16 it 250/1704 loss 0.0648
[2026-06-01 21:03:10] INFO epoch 16 it 300/1704 loss 0.0632
[2026-06-01 21:03:10] INFO epoch 16 it 350/1704 loss 0.0633
[2026-06-01 21:03:11] INFO epoch 16 it 400/1704 loss 0.0637
[2026-06-01 21:03:11] INFO epoch 16 it 450/1704 loss 0.0614
[2026-06-01 21:03:12] INFO epoch 16 it 500/1704 loss 0.0640
[2026-06-01 21:03:12] INFO epoch 16 it 550/1704 loss 0.0624
[2026-06-01 21:03:13] INFO epoch 16 it 600/1704 loss 0.0633
[2026-06-01 21:03:13] INFO epoch 16 it 650/1704 loss 0.0616
[2026-06-01 21:03:14] INFO epoch 16 it 700/1704 loss 0.0642
[2026-06-01 21:03:14] INFO epoch 16 it 750/1704 loss 0.0649
[2026-06-01 21:03:15] INFO epoch 16 it 800/1704 loss 0.0640
[2026-06-01 21:03:16] INFO epoch 16 it 850/1704 loss 0.0640
[2026-06-01 21:03:16] INFO epoch 16 it 900/1704 loss 0.0607
[2026-06-01 21:03:17] INFO epoch 16 it 950/1704 loss 0.0634
[2026-06-01 21:03:17] INFO epoch 16 it 1000/1704 loss 0.0629
[2026-06-01 21:03:18] INFO epoch 16 it 1050/1704 loss 0.0651
[2026-06-01 21:03:18] INFO epoch 16 it 1100/1704 loss 0.0609
[2026-06-01 21:03:19] INFO epoch 16 it 1150/1704 loss 0.0643
[2026-06-01 21:03:19] INFO epoch 16 it 1200/1704 loss 0.0624
[2026-06-01 21:03:20] INFO epoch 16 it 1250/1704 loss 0.0626
[2026-06-01 21:03:20] INFO epoch 16 it 1300/1704 loss 0.0642
[2026-06-01 21:03:21] INFO epoch 16 it 1350/1704 loss 0.0639
[2026-06-01 21:03:21] INFO epoch 16 it 1400/1704 loss 0.0625
[2026-06-01 21:03:22] INFO epoch 16 it 1450/1704 loss 0.0629
[2026-06-01 21:03:22] INFO epoch 16 it 1500/1704 loss 0.0623
[2026-06-01 21:03:23] INFO epoch 16 it 1550/1704 loss 0.0649
[2026-06-01 21:03:24] INFO epoch 16 it 1600/1704 loss 0.0608
[2026-06-01 21:03:24] INFO epoch 16 it 1650/1704 loss 0.0627
[2026-06-01 21:03:25] INFO epoch 16 it 1700/1704 loss 0.0639
[2026-06-01 21:03:26] INFO epoch 16 done in 67.5s lr=9.30e-06 avg_train_loss=0.0633
[2026-06-01 21:04:11] INFO epoch 16 val MAE(HU): 73.24
[2026-06-01 21:04:12] INFO new best MAE: 73.24 ¡æ saved best.pth
[2026-06-01 21:05:00] INFO epoch 17 it 50/1704 loss 0.0642
[2026-06-01 21:05:01] INFO epoch 17 it 100/1704 loss 0.0626
[2026-06-01 21:05:01] INFO epoch 17 it 150/1704 loss 0.0618
[2026-06-01 21:05:02] INFO epoch 17 it 200/1704 loss 0.0621
[2026-06-01 21:05:02] INFO epoch 17 it 250/1704 loss 0.0624
[2026-06-01 21:05:03] INFO epoch 17 it 300/1704 loss 0.0629
[2026-06-01 21:05:03] INFO epoch 17 it 350/1704 loss 0.0652
[2026-06-01 21:05:04] INFO epoch 17 it 400/1704 loss 0.0633
[2026-06-01 21:05:04] INFO epoch 17 it 450/1704 loss 0.0650
[2026-06-01 21:05:05] INFO epoch 17 it 500/1704 loss 0.0642
[2026-06-01 21:05:06] INFO epoch 17 it 550/1704 loss 0.0639
[2026-06-01 21:05:06] INFO epoch 17 it 600/1704 loss 0.0645
[2026-06-01 21:05:07] INFO epoch 17 it 650/1704 loss 0.0625
[2026-06-01 21:05:07] INFO epoch 17 it 700/1704 loss 0.0630
[2026-06-01 21:05:08] INFO epoch 17 it 750/1704 loss 0.0620
[2026-06-01 21:05:08] INFO epoch 17 it 800/1704 loss 0.0635
[2026-06-01 21:05:09] INFO epoch 17 it 850/1704 loss 0.0625
[2026-06-01 21:05:09] INFO epoch 17 it 900/1704 loss 0.0623
[2026-06-01 21:05:10] INFO epoch 17 it 950/1704 loss 0.0638
[2026-06-01 21:05:10] INFO epoch 17 it 1000/1704 loss 0.0616
[2026-06-01 21:05:11] INFO epoch 17 it 1050/1704 loss 0.0620
[2026-06-01 21:05:11] INFO epoch 17 it 1100/1704 loss 0.0651
[2026-06-01 21:05:12] INFO epoch 17 it 1150/1704 loss 0.0597
[2026-06-01 21:05:12] INFO epoch 17 it 1200/1704 loss 0.0624
[2026-06-01 21:05:13] INFO epoch 17 it 1250/1704 loss 0.0642
[2026-06-01 21:05:14] INFO epoch 17 it 1300/1704 loss 0.0637
[2026-06-01 21:05:14] INFO epoch 17 it 1350/1704 loss 0.0603
[2026-06-01 21:05:15] INFO epoch 17 it 1400/1704 loss 0.0626
[2026-06-01 21:05:15] INFO epoch 17 it 1450/1704 loss 0.0622
[2026-06-01 21:05:16] INFO epoch 17 it 1500/1704 loss 0.0621
[2026-06-01 21:05:16] INFO epoch 17 it 1550/1704 loss 0.0632
[2026-06-01 21:05:17] INFO epoch 17 it 1600/1704 loss 0.0647
[2026-06-01 21:05:17] INFO epoch 17 it 1650/1704 loss 0.0614
[2026-06-01 21:05:18] INFO epoch 17 it 1700/1704 loss 0.0634
[2026-06-01 21:05:19] INFO epoch 17 done in 67.7s lr=9.22e-06 avg_train_loss=0.0629
[2026-06-01 21:06:05] INFO epoch 17 val MAE(HU): 72.84
[2026-06-01 21:06:05] INFO new best MAE: 72.84 ¡æ saved best.pth
[2026-06-01 21:06:52] INFO epoch 18 it 50/1704 loss 0.0610
[2026-06-01 21:06:53] INFO epoch 18 it 100/1704 loss 0.0622
[2026-06-01 21:06:53] INFO epoch 18 it 150/1704 loss 0.0620
[2026-06-01 21:06:54] INFO epoch 18 it 200/1704 loss 0.0637
[2026-06-01 21:06:54] INFO epoch 18 it 250/1704 loss 0.0651
[2026-06-01 21:06:55] INFO epoch 18 it 300/1704 loss 0.0621
[2026-06-01 21:06:56] INFO epoch 18 it 350/1704 loss 0.0624
[2026-06-01 21:06:56] INFO epoch 18 it 400/1704 loss 0.0647
[2026-06-01 21:06:57] INFO epoch 18 it 450/1704 loss 0.0632
[2026-06-01 21:06:57] INFO epoch 18 it 500/1704 loss 0.0618
[2026-06-01 21:06:58] INFO epoch 18 it 550/1704 loss 0.0602
[2026-06-01 21:06:58] INFO epoch 18 it 600/1704 loss 0.0612
[2026-06-01 21:06:59] INFO epoch 18 it 650/1704 loss 0.0612
[2026-06-01 21:06:59] INFO epoch 18 it 700/1704 loss 0.0629
[2026-06-01 21:07:00] INFO epoch 18 it 750/1704 loss 0.0660
[2026-06-01 21:07:00] INFO epoch 18 it 800/1704 loss 0.0620
[2026-06-01 21:07:01] INFO epoch 18 it 850/1704 loss 0.0645
[2026-06-01 21:07:01] INFO epoch 18 it 900/1704 loss 0.0604
[2026-06-01 21:07:02] INFO epoch 18 it 950/1704 loss 0.0614
[2026-06-01 21:07:03] INFO epoch 18 it 1000/1704 loss 0.0639
[2026-06-01 21:07:03] INFO epoch 18 it 1050/1704 loss 0.0606
[2026-06-01 21:07:04] INFO epoch 18 it 1100/1704 loss 0.0621
[2026-06-01 21:07:04] INFO epoch 18 it 1150/1704 loss 0.0626
[2026-06-01 21:07:05] INFO epoch 18 it 1200/1704 loss 0.0617
[2026-06-01 21:07:05] INFO epoch 18 it 1250/1704 loss 0.0631
[2026-06-01 21:07:06] INFO epoch 18 it 1300/1704 loss 0.0632
[2026-06-01 21:07:06] INFO epoch 18 it 1350/1704 loss 0.0637
[2026-06-01 21:07:07] INFO epoch 18 it 1400/1704 loss 0.0641
[2026-06-01 21:07:08] INFO epoch 18 it 1450/1704 loss 0.0644
[2026-06-01 21:07:08] INFO epoch 18 it 1500/1704 loss 0.0641
[2026-06-01 21:07:09] INFO epoch 18 it 1550/1704 loss 0.0620
[2026-06-01 21:07:09] INFO epoch 18 it 1600/1704 loss 0.0620
[2026-06-01 21:07:10] INFO epoch 18 it 1650/1704 loss 0.0609
[2026-06-01 21:07:10] INFO epoch 18 it 1700/1704 loss 0.0639
[2026-06-01 21:07:12] INFO epoch 18 done in 66.4s lr=9.14e-06 avg_train_loss=0.0627
[2026-06-01 21:07:57] INFO epoch 18 val MAE(HU): 72.55
[2026-06-01 21:07:57] INFO new best MAE: 72.55 ¡æ saved best.pth
[2026-06-01 21:08:46] INFO epoch 19 it 50/1704 loss 0.0632
[2026-06-01 21:08:46] INFO epoch 19 it 100/1704 loss 0.0631
[2026-06-01 21:08:47] INFO epoch 19 it 150/1704 loss 0.0626
[2026-06-01 21:08:47] INFO epoch 19 it 200/1704 loss 0.0605
[2026-06-01 21:08:48] INFO epoch 19 it 250/1704 loss 0.0608
[2026-06-01 21:08:48] INFO epoch 19 it 300/1704 loss 0.0639
[2026-06-01 21:08:49] INFO epoch 19 it 350/1704 loss 0.0613
[2026-06-01 21:08:50] INFO epoch 19 it 400/1704 loss 0.0615
[2026-06-01 21:08:50] INFO epoch 19 it 450/1704 loss 0.0612
[2026-06-01 21:08:51] INFO epoch 19 it 500/1704 loss 0.0587
[2026-06-01 21:08:51] INFO epoch 19 it 550/1704 loss 0.0614
[2026-06-01 21:08:52] INFO epoch 19 it 600/1704 loss 0.0660
[2026-06-01 21:08:52] INFO epoch 19 it 650/1704 loss 0.0622
[2026-06-01 21:08:53] INFO epoch 19 it 700/1704 loss 0.0637
[2026-06-01 21:08:53] INFO epoch 19 it 750/1704 loss 0.0635
[2026-06-01 21:08:54] INFO epoch 19 it 800/1704 loss 0.0618
[2026-06-01 21:08:54] INFO epoch 19 it 850/1704 loss 0.0605
[2026-06-01 21:08:55] INFO epoch 19 it 900/1704 loss 0.0637
[2026-06-01 21:08:55] INFO epoch 19 it 950/1704 loss 0.0638
[2026-06-01 21:08:56] INFO epoch 19 it 1000/1704 loss 0.0600
[2026-06-01 21:08:57] INFO epoch 19 it 1050/1704 loss 0.0611
[2026-06-01 21:08:57] INFO epoch 19 it 1100/1704 loss 0.0609
[2026-06-01 21:08:58] INFO epoch 19 it 1150/1704 loss 0.0620
[2026-06-01 21:08:58] INFO epoch 19 it 1200/1704 loss 0.0599
[2026-06-01 21:08:59] INFO epoch 19 it 1250/1704 loss 0.0595
[2026-06-01 21:08:59] INFO epoch 19 it 1300/1704 loss 0.0629
[2026-06-01 21:08:59] INFO epoch 19 it 1350/1704 loss 0.0617
[2026-06-01 21:09:00] INFO epoch 19 it 1400/1704 loss 0.0635
[2026-06-01 21:09:00] INFO epoch 19 it 1450/1704 loss 0.0629
[2026-06-01 21:09:01] INFO epoch 19 it 1500/1704 loss 0.0637
[2026-06-01 21:09:01] INFO epoch 19 it 1550/1704 loss 0.0636
[2026-06-01 21:09:02] INFO epoch 19 it 1600/1704 loss 0.0588
[2026-06-01 21:09:02] INFO epoch 19 it 1650/1704 loss 0.0646
[2026-06-01 21:09:03] INFO epoch 19 it 1700/1704 loss 0.0632
[2026-06-01 21:09:04] INFO epoch 19 done in 66.8s lr=9.05e-06 avg_train_loss=0.0621
[2026-06-01 21:09:53] INFO epoch 19 val MAE(HU): 72.14
[2026-06-01 21:09:53] INFO new best MAE: 72.14 ¡æ saved best.pth
[2026-06-01 21:10:42] INFO epoch 20 it 50/1704 loss 0.0613
[2026-06-01 21:10:43] INFO epoch 20 it 100/1704 loss 0.0642
[2026-06-01 21:10:43] INFO epoch 20 it 150/1704 loss 0.0607
[2026-06-01 21:10:44] INFO epoch 20 it 200/1704 loss 0.0612
[2026-06-01 21:10:44] INFO epoch 20 it 250/1704 loss 0.0636
[2026-06-01 21:10:44] INFO epoch 20 it 300/1704 loss 0.0579
[2026-06-01 21:10:45] INFO epoch 20 it 350/1704 loss 0.0641
[2026-06-01 21:10:45] INFO epoch 20 it 400/1704 loss 0.0626
[2026-06-01 21:10:46] INFO epoch 20 it 450/1704 loss 0.0605
[2026-06-01 21:10:46] INFO epoch 20 it 500/1704 loss 0.0627
[2026-06-01 21:10:47] INFO epoch 20 it 550/1704 loss 0.0620
[2026-06-01 21:10:47] INFO epoch 20 it 600/1704 loss 0.0629
[2026-06-01 21:10:48] INFO epoch 20 it 650/1704 loss 0.0623
[2026-06-01 21:10:48] INFO epoch 20 it 700/1704 loss 0.0608
[2026-06-01 21:10:49] INFO epoch 20 it 750/1704 loss 0.0599
[2026-06-01 21:10:49] INFO epoch 20 it 800/1704 loss 0.0605
[2026-06-01 21:10:50] INFO epoch 20 it 850/1704 loss 0.0608
[2026-06-01 21:10:50] INFO epoch 20 it 900/1704 loss 0.0585
[2026-06-01 21:10:51] INFO epoch 20 it 950/1704 loss 0.0630
[2026-06-01 21:10:51] INFO epoch 20 it 1000/1704 loss 0.0641
[2026-06-01 21:10:52] INFO epoch 20 it 1050/1704 loss 0.0640
[2026-06-01 21:10:52] INFO epoch 20 it 1100/1704 loss 0.0611
[2026-06-01 21:10:53] INFO epoch 20 it 1150/1704 loss 0.0612
[2026-06-01 21:10:53] INFO epoch 20 it 1200/1704 loss 0.0629
[2026-06-01 21:10:54] INFO epoch 20 it 1250/1704 loss 0.0605
[2026-06-01 21:10:54] INFO epoch 20 it 1300/1704 loss 0.0622
[2026-06-01 21:10:55] INFO epoch 20 it 1350/1704 loss 0.0640
[2026-06-01 21:10:55] INFO epoch 20 it 1400/1704 loss 0.0602
[2026-06-01 21:10:56] INFO epoch 20 it 1450/1704 loss 0.0621
[2026-06-01 21:10:57] INFO epoch 20 it 1500/1704 loss 0.0623
[2026-06-01 21:10:57] INFO epoch 20 it 1550/1704 loss 0.0622
[2026-06-01 21:10:58] INFO epoch 20 it 1600/1704 loss 0.0635
[2026-06-01 21:10:58] INFO epoch 20 it 1650/1704 loss 0.0611
[2026-06-01 21:10:59] INFO epoch 20 it 1700/1704 loss 0.0617
[2026-06-01 21:11:01] INFO epoch 20 done in 67.1s lr=8.95e-06 avg_train_loss=0.0618
[2026-06-01 21:11:48] INFO epoch 20 val MAE(HU): 71.90
[2026-06-01 21:11:48] INFO new best MAE: 71.90 ¡æ saved best.pth
[2026-06-01 21:12:40] INFO epoch 21 it 50/1704 loss 0.0614
[2026-06-01 21:12:41] INFO epoch 21 it 100/1704 loss 0.0599
[2026-06-01 21:12:41] INFO epoch 21 it 150/1704 loss 0.0638
[2026-06-01 21:12:42] INFO epoch 21 it 200/1704 loss 0.0611
[2026-06-01 21:12:42] INFO epoch 21 it 250/1704 loss 0.0626
[2026-06-01 21:12:43] INFO epoch 21 it 300/1704 loss 0.0608
[2026-06-01 21:12:43] INFO epoch 21 it 350/1704 loss 0.0609
[2026-06-01 21:12:43] INFO epoch 21 it 400/1704 loss 0.0631
[2026-06-01 21:12:44] INFO epoch 21 it 450/1704 loss 0.0604
[2026-06-01 21:12:44] INFO epoch 21 it 500/1704 loss 0.0631
[2026-06-01 21:12:45] INFO epoch 21 it 550/1704 loss 0.0645
[2026-06-01 21:12:45] INFO epoch 21 it 600/1704 loss 0.0627
[2026-06-01 21:12:46] INFO epoch 21 it 650/1704 loss 0.0600
[2026-06-01 21:12:46] INFO epoch 21 it 700/1704 loss 0.0641
[2026-06-01 21:12:47] INFO epoch 21 it 750/1704 loss 0.0603
[2026-06-01 21:12:47] INFO epoch 21 it 800/1704 loss 0.0610
[2026-06-01 21:12:48] INFO epoch 21 it 850/1704 loss 0.0608
[2026-06-01 21:12:48] INFO epoch 21 it 900/1704 loss 0.0649
[2026-06-01 21:12:49] INFO epoch 21 it 950/1704 loss 0.0602
[2026-06-01 21:12:49] INFO epoch 21 it 1000/1704 loss 0.0608
[2026-06-01 21:12:49] INFO epoch 21 it 1050/1704 loss 0.0606
[2026-06-01 21:12:50] INFO epoch 21 it 1100/1704 loss 0.0612
[2026-06-01 21:12:50] INFO epoch 21 it 1150/1704 loss 0.0592
[2026-06-01 21:12:51] INFO epoch 21 it 1200/1704 loss 0.0634
[2026-06-01 21:12:51] INFO epoch 21 it 1250/1704 loss 0.0591
[2026-06-01 21:12:52] INFO epoch 21 it 1300/1704 loss 0.0608
[2026-06-01 21:12:52] INFO epoch 21 it 1350/1704 loss 0.0592
[2026-06-01 21:12:53] INFO epoch 21 it 1400/1704 loss 0.0623
[2026-06-01 21:12:53] INFO epoch 21 it 1450/1704 loss 0.0635
[2026-06-01 21:12:54] INFO epoch 21 it 1500/1704 loss 0.0634
[2026-06-01 21:12:54] INFO epoch 21 it 1550/1704 loss 0.0615
[2026-06-01 21:12:54] INFO epoch 21 it 1600/1704 loss 0.0619
[2026-06-01 21:12:55] INFO epoch 21 it 1650/1704 loss 0.0603
[2026-06-01 21:12:55] INFO epoch 21 it 1700/1704 loss 0.0610
[2026-06-01 21:12:57] INFO epoch 21 done in 68.9s lr=8.85e-06 avg_train_loss=0.0616
[2026-06-01 21:13:41] INFO epoch 21 val MAE(HU): 71.67
[2026-06-01 21:13:41] INFO new best MAE: 71.67 ¡æ saved best.pth
[2026-06-01 21:14:30] INFO epoch 22 it 50/1704 loss 0.0636
[2026-06-01 21:14:30] INFO epoch 22 it 100/1704 loss 0.0609
[2026-06-01 21:14:31] INFO epoch 22 it 150/1704 loss 0.0630
[2026-06-01 21:14:31] INFO epoch 22 it 200/1704 loss 0.0632
[2026-06-01 21:14:32] INFO epoch 22 it 250/1704 loss 0.0627
[2026-06-01 21:14:32] INFO epoch 22 it 300/1704 loss 0.0605
[2026-06-01 21:14:33] INFO epoch 22 it 350/1704 loss 0.0594
[2026-06-01 21:14:34] INFO epoch 22 it 400/1704 loss 0.0621
[2026-06-01 21:14:34] INFO epoch 22 it 450/1704 loss 0.0619
[2026-06-01 21:14:35] INFO epoch 22 it 500/1704 loss 0.0624
[2026-06-01 21:14:35] INFO epoch 22 it 550/1704 loss 0.0601
[2026-06-01 21:14:36] INFO epoch 22 it 600/1704 loss 0.0620
[2026-06-01 21:14:36] INFO epoch 22 it 650/1704 loss 0.0613
[2026-06-01 21:14:37] INFO epoch 22 it 700/1704 loss 0.0628
[2026-06-01 21:14:37] INFO epoch 22 it 750/1704 loss 0.0633
[2026-06-01 21:14:38] INFO epoch 22 it 800/1704 loss 0.0630
[2026-06-01 21:14:39] INFO epoch 22 it 850/1704 loss 0.0594
[2026-06-01 21:14:39] INFO epoch 22 it 900/1704 loss 0.0616
[2026-06-01 21:14:40] INFO epoch 22 it 950/1704 loss 0.0577
[2026-06-01 21:14:40] INFO epoch 22 it 1000/1704 loss 0.0606
[2026-06-01 21:14:41] INFO epoch 22 it 1050/1704 loss 0.0582
[2026-06-01 21:14:41] INFO epoch 22 it 1100/1704 loss 0.0628
[2026-06-01 21:14:42] INFO epoch 22 it 1150/1704 loss 0.0615
[2026-06-01 21:14:42] INFO epoch 22 it 1200/1704 loss 0.0632
[2026-06-01 21:14:43] INFO epoch 22 it 1250/1704 loss 0.0592
[2026-06-01 21:14:43] INFO epoch 22 it 1300/1704 loss 0.0615
[2026-06-01 21:14:44] INFO epoch 22 it 1350/1704 loss 0.0597
[2026-06-01 21:14:44] INFO epoch 22 it 1400/1704 loss 0.0615
[2026-06-01 21:14:45] INFO epoch 22 it 1450/1704 loss 0.0612
[2026-06-01 21:14:45] INFO epoch 22 it 1500/1704 loss 0.0629
[2026-06-01 21:14:46] INFO epoch 22 it 1550/1704 loss 0.0606
[2026-06-01 21:14:46] INFO epoch 22 it 1600/1704 loss 0.0605
[2026-06-01 21:14:47] INFO epoch 22 it 1650/1704 loss 0.0610
[2026-06-01 21:14:48] INFO epoch 22 it 1700/1704 loss 0.0617
[2026-06-01 21:14:49] INFO epoch 22 done in 68.1s lr=8.75e-06 avg_train_loss=0.0614
[2026-06-01 21:15:36] INFO epoch 22 val MAE(HU): 71.44
[2026-06-01 21:15:36] INFO new best MAE: 71.44 ¡æ saved best.pth
[2026-06-01 21:16:25] INFO epoch 23 it 50/1704 loss 0.0615
[2026-06-01 21:16:25] INFO epoch 23 it 100/1704 loss 0.0611
[2026-06-01 21:16:26] INFO epoch 23 it 150/1704 loss 0.0619
[2026-06-01 21:16:26] INFO epoch 23 it 200/1704 loss 0.0604
[2026-06-01 21:16:27] INFO epoch 23 it 250/1704 loss 0.0618
[2026-06-01 21:16:28] INFO epoch 23 it 300/1704 loss 0.0612
[2026-06-01 21:16:28] INFO epoch 23 it 350/1704 loss 0.0604
[2026-06-01 21:16:29] INFO epoch 23 it 400/1704 loss 0.0602
[2026-06-01 21:16:29] INFO epoch 23 it 450/1704 loss 0.0583
[2026-06-01 21:16:30] INFO epoch 23 it 500/1704 loss 0.0599
[2026-06-01 21:16:30] INFO epoch 23 it 550/1704 loss 0.0611
[2026-06-01 21:16:31] INFO epoch 23 it 600/1704 loss 0.0607
[2026-06-01 21:16:31] INFO epoch 23 it 650/1704 loss 0.0603
[2026-06-01 21:16:32] INFO epoch 23 it 700/1704 loss 0.0586
[2026-06-01 21:16:32] INFO epoch 23 it 750/1704 loss 0.0616
[2026-06-01 21:16:33] INFO epoch 23 it 800/1704 loss 0.0613
[2026-06-01 21:16:33] INFO epoch 23 it 850/1704 loss 0.0620
[2026-06-01 21:16:34] INFO epoch 23 it 900/1704 loss 0.0632
[2026-06-01 21:16:35] INFO epoch 23 it 950/1704 loss 0.0593
[2026-06-01 21:16:35] INFO epoch 23 it 1000/1704 loss 0.0618
[2026-06-01 21:16:36] INFO epoch 23 it 1050/1704 loss 0.0619
[2026-06-01 21:16:36] INFO epoch 23 it 1100/1704 loss 0.0595
[2026-06-01 21:16:37] INFO epoch 23 it 1150/1704 loss 0.0609
[2026-06-01 21:16:37] INFO epoch 23 it 1200/1704 loss 0.0620
[2026-06-01 21:16:38] INFO epoch 23 it 1250/1704 loss 0.0636
[2026-06-01 21:16:38] INFO epoch 23 it 1300/1704 loss 0.0613
[2026-06-01 21:16:39] INFO epoch 23 it 1350/1704 loss 0.0632
[2026-06-01 21:16:39] INFO epoch 23 it 1400/1704 loss 0.0613
[2026-06-01 21:16:40] INFO epoch 23 it 1450/1704 loss 0.0623
[2026-06-01 21:16:40] INFO epoch 23 it 1500/1704 loss 0.0609
[2026-06-01 21:16:41] INFO epoch 23 it 1550/1704 loss 0.0618
[2026-06-01 21:16:42] INFO epoch 23 it 1600/1704 loss 0.0599
[2026-06-01 21:16:42] INFO epoch 23 it 1650/1704 loss 0.0616
[2026-06-01 21:16:43] INFO epoch 23 it 1700/1704 loss 0.0597
[2026-06-01 21:16:44] INFO epoch 23 done in 67.6s lr=8.64e-06 avg_train_loss=0.0611
[2026-06-01 21:17:30] INFO epoch 23 val MAE(HU): 71.22
[2026-06-01 21:17:30] INFO new best MAE: 71.22 ¡æ saved best.pth
[2026-06-01 21:18:17] INFO epoch 24 it 50/1704 loss 0.0627
[2026-06-01 21:18:18] INFO epoch 24 it 100/1704 loss 0.0590
[2026-06-01 21:18:18] INFO epoch 24 it 150/1704 loss 0.0623
[2026-06-01 21:18:19] INFO epoch 24 it 200/1704 loss 0.0607
[2026-06-01 21:18:19] INFO epoch 24 it 250/1704 loss 0.0595
[2026-06-01 21:18:20] INFO epoch 24 it 300/1704 loss 0.0619
[2026-06-01 21:18:20] INFO epoch 24 it 350/1704 loss 0.0580
[2026-06-01 21:18:21] INFO epoch 24 it 400/1704 loss 0.0597
[2026-06-01 21:18:21] INFO epoch 24 it 450/1704 loss 0.0605
[2026-06-01 21:18:21] INFO epoch 24 it 500/1704 loss 0.0610
[2026-06-01 21:18:22] INFO epoch 24 it 550/1704 loss 0.0619
[2026-06-01 21:18:22] INFO epoch 24 it 600/1704 loss 0.0618
[2026-06-01 21:18:23] INFO epoch 24 it 650/1704 loss 0.0629
[2026-06-01 21:18:23] INFO epoch 24 it 700/1704 loss 0.0628
[2026-06-01 21:18:24] INFO epoch 24 it 750/1704 loss 0.0603
[2026-06-01 21:18:24] INFO epoch 24 it 800/1704 loss 0.0599
[2026-06-01 21:18:25] INFO epoch 24 it 850/1704 loss 0.0573
[2026-06-01 21:18:25] INFO epoch 24 it 900/1704 loss 0.0602
[2026-06-01 21:18:26] INFO epoch 24 it 950/1704 loss 0.0602
[2026-06-01 21:18:26] INFO epoch 24 it 1000/1704 loss 0.0625
[2026-06-01 21:18:27] INFO epoch 24 it 1050/1704 loss 0.0617
[2026-06-01 21:18:27] INFO epoch 24 it 1100/1704 loss 0.0605
[2026-06-01 21:18:28] INFO epoch 24 it 1150/1704 loss 0.0620
[2026-06-01 21:18:28] INFO epoch 24 it 1200/1704 loss 0.0638
[2026-06-01 21:18:28] INFO epoch 24 it 1250/1704 loss 0.0593
[2026-06-01 21:18:29] INFO epoch 24 it 1300/1704 loss 0.0596
[2026-06-01 21:18:29] INFO epoch 24 it 1350/1704 loss 0.0621
[2026-06-01 21:18:30] INFO epoch 24 it 1400/1704 loss 0.0603
[2026-06-01 21:18:30] INFO epoch 24 it 1450/1704 loss 0.0592
[2026-06-01 21:18:31] INFO epoch 24 it 1500/1704 loss 0.0582
[2026-06-01 21:18:31] INFO epoch 24 it 1550/1704 loss 0.0617
[2026-06-01 21:18:32] INFO epoch 24 it 1600/1704 loss 0.0620
[2026-06-01 21:18:32] INFO epoch 24 it 1650/1704 loss 0.0636
[2026-06-01 21:18:33] INFO epoch 24 it 1700/1704 loss 0.0614
[2026-06-01 21:18:34] INFO epoch 24 done in 63.8s lr=8.54e-06 avg_train_loss=0.0609
[2026-06-01 21:19:20] INFO epoch 24 val MAE(HU): 71.00
[2026-06-01 21:19:20] INFO new best MAE: 71.00 ¡æ saved best.pth
[2026-06-01 21:20:09] INFO epoch 25 it 50/1704 loss 0.0632
[2026-06-01 21:20:09] INFO epoch 25 it 100/1704 loss 0.0609
[2026-06-01 21:20:10] INFO epoch 25 it 150/1704 loss 0.0621
[2026-06-01 21:20:10] INFO epoch 25 it 200/1704 loss 0.0607
[2026-06-01 21:20:11] INFO epoch 25 it 250/1704 loss 0.0606
[2026-06-01 21:20:11] INFO epoch 25 it 300/1704 loss 0.0589
[2026-06-01 21:20:12] INFO epoch 25 it 350/1704 loss 0.0609
[2026-06-01 21:20:12] INFO epoch 25 it 400/1704 loss 0.0623
[2026-06-01 21:20:13] INFO epoch 25 it 450/1704 loss 0.0589
[2026-06-01 21:20:13] INFO epoch 25 it 500/1704 loss 0.0579
[2026-06-01 21:20:14] INFO epoch 25 it 550/1704 loss 0.0600
[2026-06-01 21:20:15] INFO epoch 25 it 600/1704 loss 0.0606
[2026-06-01 21:20:15] INFO epoch 25 it 650/1704 loss 0.0593
[2026-06-01 21:20:16] INFO epoch 25 it 700/1704 loss 0.0591
[2026-06-01 21:20:16] INFO epoch 25 it 750/1704 loss 0.0615
[2026-06-01 21:20:17] INFO epoch 25 it 800/1704 loss 0.0620
[2026-06-01 21:20:17] INFO epoch 25 it 850/1704 loss 0.0603
[2026-06-01 21:20:18] INFO epoch 25 it 900/1704 loss 0.0591
[2026-06-01 21:20:18] INFO epoch 25 it 950/1704 loss 0.0630
[2026-06-01 21:20:19] INFO epoch 25 it 1000/1704 loss 0.0588
[2026-06-01 21:20:19] INFO epoch 25 it 1050/1704 loss 0.0631
[2026-06-01 21:20:20] INFO epoch 25 it 1100/1704 loss 0.0638
[2026-06-01 21:20:21] INFO epoch 25 it 1150/1704 loss 0.0611
[2026-06-01 21:20:21] INFO epoch 25 it 1200/1704 loss 0.0592
[2026-06-01 21:20:22] INFO epoch 25 it 1250/1704 loss 0.0599
[2026-06-01 21:20:22] INFO epoch 25 it 1300/1704 loss 0.0611
[2026-06-01 21:20:23] INFO epoch 25 it 1350/1704 loss 0.0632
[2026-06-01 21:20:23] INFO epoch 25 it 1400/1704 loss 0.0583
[2026-06-01 21:20:24] INFO epoch 25 it 1450/1704 loss 0.0603
[2026-06-01 21:20:24] INFO epoch 25 it 1500/1704 loss 0.0605
[2026-06-01 21:20:25] INFO epoch 25 it 1550/1704 loss 0.0607
[2026-06-01 21:20:25] INFO epoch 25 it 1600/1704 loss 0.0605
[2026-06-01 21:20:26] INFO epoch 25 it 1650/1704 loss 0.0601
[2026-06-01 21:20:27] INFO epoch 25 it 1700/1704 loss 0.0586
[2026-06-01 21:20:28] INFO epoch 25 done in 67.9s lr=8.42e-06 avg_train_loss=0.0606
[2026-06-01 21:21:14] INFO epoch 25 val MAE(HU): 70.93
[2026-06-01 21:21:15] INFO new best MAE: 70.93 ¡æ saved best.pth
[2026-06-01 21:22:02] INFO epoch 26 it 50/1704 loss 0.0617
[2026-06-01 21:22:02] INFO epoch 26 it 100/1704 loss 0.0610
[2026-06-01 21:22:03] INFO epoch 26 it 150/1704 loss 0.0650
[2026-06-01 21:22:03] INFO epoch 26 it 200/1704 loss 0.0611
[2026-06-01 21:22:04] INFO epoch 26 it 250/1704 loss 0.0621
[2026-06-01 21:22:04] INFO epoch 26 it 300/1704 loss 0.0622
[2026-06-01 21:22:05] INFO epoch 26 it 350/1704 loss 0.0593
[2026-06-01 21:22:05] INFO epoch 26 it 400/1704 loss 0.0616
[2026-06-01 21:22:06] INFO epoch 26 it 450/1704 loss 0.0612
[2026-06-01 21:22:06] INFO epoch 26 it 500/1704 loss 0.0566
[2026-06-01 21:22:07] INFO epoch 26 it 550/1704 loss 0.0585
[2026-06-01 21:22:07] INFO epoch 26 it 600/1704 loss 0.0607
[2026-06-01 21:22:08] INFO epoch 26 it 650/1704 loss 0.0598
[2026-06-01 21:22:08] INFO epoch 26 it 700/1704 loss 0.0613
[2026-06-01 21:22:08] INFO epoch 26 it 750/1704 loss 0.0581
[2026-06-01 21:22:09] INFO epoch 26 it 800/1704 loss 0.0599
[2026-06-01 21:22:09] INFO epoch 26 it 850/1704 loss 0.0605
[2026-06-01 21:22:10] INFO epoch 26 it 900/1704 loss 0.0625
[2026-06-01 21:22:10] INFO epoch 26 it 950/1704 loss 0.0608
[2026-06-01 21:22:11] INFO epoch 26 it 1000/1704 loss 0.0589
[2026-06-01 21:22:11] INFO epoch 26 it 1050/1704 loss 0.0586
[2026-06-01 21:22:12] INFO epoch 26 it 1100/1704 loss 0.0610
[2026-06-01 21:22:12] INFO epoch 26 it 1150/1704 loss 0.0632
[2026-06-01 21:22:13] INFO epoch 26 it 1200/1704 loss 0.0612
[2026-06-01 21:22:13] INFO epoch 26 it 1250/1704 loss 0.0561
[2026-06-01 21:22:14] INFO epoch 26 it 1300/1704 loss 0.0573
[2026-06-01 21:22:14] INFO epoch 26 it 1350/1704 loss 0.0610
[2026-06-01 21:22:15] INFO epoch 26 it 1400/1704 loss 0.0598
[2026-06-01 21:22:15] INFO epoch 26 it 1450/1704 loss 0.0600
[2026-06-01 21:22:15] INFO epoch 26 it 1500/1704 loss 0.0614
[2026-06-01 21:22:16] INFO epoch 26 it 1550/1704 loss 0.0590
[2026-06-01 21:22:16] INFO epoch 26 it 1600/1704 loss 0.0639
[2026-06-01 21:22:17] INFO epoch 26 it 1650/1704 loss 0.0576
[2026-06-01 21:22:17] INFO epoch 26 it 1700/1704 loss 0.0616
[2026-06-01 21:22:19] INFO epoch 26 done in 64.0s lr=8.31e-06 avg_train_loss=0.0604
[2026-06-01 21:23:08] INFO epoch 26 val MAE(HU): 70.58
[2026-06-01 21:23:08] INFO new best MAE: 70.58 ¡æ saved best.pth
[2026-06-01 21:23:55] INFO epoch 27 it 50/1704 loss 0.0608
[2026-06-01 21:23:56] INFO epoch 27 it 100/1704 loss 0.0619
[2026-06-01 21:23:56] INFO epoch 27 it 150/1704 loss 0.0602
[2026-06-01 21:23:57] INFO epoch 27 it 200/1704 loss 0.0616
[2026-06-01 21:23:57] INFO epoch 27 it 250/1704 loss 0.0596
[2026-06-01 21:23:58] INFO epoch 27 it 300/1704 loss 0.0600
[2026-06-01 21:23:59] INFO epoch 27 it 350/1704 loss 0.0612
[2026-06-01 21:23:59] INFO epoch 27 it 400/1704 loss 0.0590
[2026-06-01 21:24:00] INFO epoch 27 it 450/1704 loss 0.0617
[2026-06-01 21:24:00] INFO epoch 27 it 500/1704 loss 0.0590
[2026-06-01 21:24:01] INFO epoch 27 it 550/1704 loss 0.0599
[2026-06-01 21:24:01] INFO epoch 27 it 600/1704 loss 0.0614
[2026-06-01 21:24:02] INFO epoch 27 it 650/1704 loss 0.0590
[2026-06-01 21:24:02] INFO epoch 27 it 700/1704 loss 0.0601
[2026-06-01 21:24:03] INFO epoch 27 it 750/1704 loss 0.0595
[2026-06-01 21:24:03] INFO epoch 27 it 800/1704 loss 0.0620
[2026-06-01 21:24:04] INFO epoch 27 it 850/1704 loss 0.0602
[2026-06-01 21:24:05] INFO epoch 27 it 900/1704 loss 0.0611
[2026-06-01 21:24:05] INFO epoch 27 it 950/1704 loss 0.0560
[2026-06-01 21:24:06] INFO epoch 27 it 1000/1704 loss 0.0609
[2026-06-01 21:24:06] INFO epoch 27 it 1050/1704 loss 0.0622
[2026-06-01 21:24:07] INFO epoch 27 it 1100/1704 loss 0.0582
[2026-06-01 21:24:07] INFO epoch 27 it 1150/1704 loss 0.0629
[2026-06-01 21:24:08] INFO epoch 27 it 1200/1704 loss 0.0618
[2026-06-01 21:24:08] INFO epoch 27 it 1250/1704 loss 0.0587
[2026-06-01 21:24:09] INFO epoch 27 it 1300/1704 loss 0.0579
[2026-06-01 21:24:09] INFO epoch 27 it 1350/1704 loss 0.0575
[2026-06-01 21:24:10] INFO epoch 27 it 1400/1704 loss 0.0576
[2026-06-01 21:24:10] INFO epoch 27 it 1450/1704 loss 0.0611
[2026-06-01 21:24:11] INFO epoch 27 it 1500/1704 loss 0.0609
[2026-06-01 21:24:12] INFO epoch 27 it 1550/1704 loss 0.0602
[2026-06-01 21:24:12] INFO epoch 27 it 1600/1704 loss 0.0601
[2026-06-01 21:24:13] INFO epoch 27 it 1650/1704 loss 0.0617
[2026-06-01 21:24:13] INFO epoch 27 it 1700/1704 loss 0.0614
[2026-06-01 21:24:15] INFO epoch 27 done in 66.6s lr=8.19e-06 avg_train_loss=0.0602
[2026-06-01 21:25:01] INFO epoch 27 val MAE(HU): 70.40
[2026-06-01 21:25:01] INFO new best MAE: 70.40 ¡æ saved best.pth
[2026-06-01 21:25:50] INFO epoch 28 it 50/1704 loss 0.0595
[2026-06-01 21:25:51] INFO epoch 28 it 100/1704 loss 0.0609
[2026-06-01 21:25:51] INFO epoch 28 it 150/1704 loss 0.0594
[2026-06-01 21:25:52] INFO epoch 28 it 200/1704 loss 0.0605
[2026-06-01 21:25:52] INFO epoch 28 it 250/1704 loss 0.0610
[2026-06-01 21:25:52] INFO epoch 28 it 300/1704 loss 0.0616
[2026-06-01 21:25:53] INFO epoch 28 it 350/1704 loss 0.0625
[2026-06-01 21:25:53] INFO epoch 28 it 400/1704 loss 0.0580
[2026-06-01 21:25:54] INFO epoch 28 it 450/1704 loss 0.0598
[2026-06-01 21:25:54] INFO epoch 28 it 500/1704 loss 0.0589
[2026-06-01 21:25:55] INFO epoch 28 it 550/1704 loss 0.0611
[2026-06-01 21:25:55] INFO epoch 28 it 600/1704 loss 0.0615
[2026-06-01 21:25:56] INFO epoch 28 it 650/1704 loss 0.0618
[2026-06-01 21:25:56] INFO epoch 28 it 700/1704 loss 0.0570
[2026-06-01 21:25:57] INFO epoch 28 it 750/1704 loss 0.0588
[2026-06-01 21:25:57] INFO epoch 28 it 800/1704 loss 0.0593
[2026-06-01 21:25:58] INFO epoch 28 it 850/1704 loss 0.0614
[2026-06-01 21:25:58] INFO epoch 28 it 900/1704 loss 0.0590
[2026-06-01 21:25:59] INFO epoch 28 it 950/1704 loss 0.0627
[2026-06-01 21:25:59] INFO epoch 28 it 1000/1704 loss 0.0616
[2026-06-01 21:26:00] INFO epoch 28 it 1050/1704 loss 0.0602
[2026-06-01 21:26:00] INFO epoch 28 it 1100/1704 loss 0.0600
[2026-06-01 21:26:01] INFO epoch 28 it 1150/1704 loss 0.0600
[2026-06-01 21:26:01] INFO epoch 28 it 1200/1704 loss 0.0601
[2026-06-01 21:26:02] INFO epoch 28 it 1250/1704 loss 0.0589
[2026-06-01 21:26:02] INFO epoch 28 it 1300/1704 loss 0.0597
[2026-06-01 21:26:03] INFO epoch 28 it 1350/1704 loss 0.0595
[2026-06-01 21:26:03] INFO epoch 28 it 1400/1704 loss 0.0608
[2026-06-01 21:26:04] INFO epoch 28 it 1450/1704 loss 0.0589
[2026-06-01 21:26:04] INFO epoch 28 it 1500/1704 loss 0.0610
[2026-06-01 21:26:05] INFO epoch 28 it 1550/1704 loss 0.0593
[2026-06-01 21:26:05] INFO epoch 28 it 1600/1704 loss 0.0595
[2026-06-01 21:26:06] INFO epoch 28 it 1650/1704 loss 0.0602
[2026-06-01 21:26:06] INFO epoch 28 it 1700/1704 loss 0.0584
[2026-06-01 21:26:08] INFO epoch 28 done in 66.3s lr=8.06e-06 avg_train_loss=0.0601
[2026-06-01 21:27:02] INFO epoch 28 val MAE(HU): 70.20
[2026-06-01 21:27:02] INFO new best MAE: 70.20 ¡æ saved best.pth
[2026-06-01 21:27:50] INFO epoch 29 it 50/1704 loss 0.0568
[2026-06-01 21:27:51] INFO epoch 29 it 100/1704 loss 0.0619
[2026-06-01 21:27:51] INFO epoch 29 it 150/1704 loss 0.0636
[2026-06-01 21:27:52] INFO epoch 29 it 200/1704 loss 0.0595
[2026-06-01 21:27:52] INFO epoch 29 it 250/1704 loss 0.0598
[2026-06-01 21:27:53] INFO epoch 29 it 300/1704 loss 0.0563
[2026-06-01 21:27:53] INFO epoch 29 it 350/1704 loss 0.0553
[2026-06-01 21:27:54] INFO epoch 29 it 400/1704 loss 0.0605
[2026-06-01 21:27:54] INFO epoch 29 it 450/1704 loss 0.0608
[2026-06-01 21:27:55] INFO epoch 29 it 500/1704 loss 0.0611
[2026-06-01 21:27:55] INFO epoch 29 it 550/1704 loss 0.0623
[2026-06-01 21:27:56] INFO epoch 29 it 600/1704 loss 0.0597
[2026-06-01 21:27:56] INFO epoch 29 it 650/1704 loss 0.0611
[2026-06-01 21:27:57] INFO epoch 29 it 700/1704 loss 0.0597
[2026-06-01 21:27:57] INFO epoch 29 it 750/1704 loss 0.0601
[2026-06-01 21:27:58] INFO epoch 29 it 800/1704 loss 0.0566
[2026-06-01 21:27:58] INFO epoch 29 it 850/1704 loss 0.0605
[2026-06-01 21:27:59] INFO epoch 29 it 900/1704 loss 0.0586
[2026-06-01 21:27:59] INFO epoch 29 it 950/1704 loss 0.0593
[2026-06-01 21:28:00] INFO epoch 29 it 1000/1704 loss 0.0590
[2026-06-01 21:28:01] INFO epoch 29 it 1050/1704 loss 0.0603
[2026-06-01 21:28:01] INFO epoch 29 it 1100/1704 loss 0.0609
[2026-06-01 21:28:02] INFO epoch 29 it 1150/1704 loss 0.0615
[2026-06-01 21:28:02] INFO epoch 29 it 1200/1704 loss 0.0598
[2026-06-01 21:28:03] INFO epoch 29 it 1250/1704 loss 0.0583
[2026-06-01 21:28:04] INFO epoch 29 it 1300/1704 loss 0.0587
[2026-06-01 21:28:04] INFO epoch 29 it 1350/1704 loss 0.0586
[2026-06-01 21:28:05] INFO epoch 29 it 1400/1704 loss 0.0627
[2026-06-01 21:28:05] INFO epoch 29 it 1450/1704 loss 0.0590
[2026-06-01 21:28:06] INFO epoch 29 it 1500/1704 loss 0.0614
[2026-06-01 21:28:06] INFO epoch 29 it 1550/1704 loss 0.0601
[2026-06-01 21:28:07] INFO epoch 29 it 1600/1704 loss 0.0600
[2026-06-01 21:28:07] INFO epoch 29 it 1650/1704 loss 0.0607
[2026-06-01 21:28:08] INFO epoch 29 it 1700/1704 loss 0.0594
[2026-06-01 21:28:09] INFO epoch 29 done in 67.2s lr=7.94e-06 avg_train_loss=0.0598
[2026-06-01 21:28:53] INFO epoch 29 val MAE(HU): 69.99
[2026-06-01 21:28:53] INFO new best MAE: 69.99 ¡æ saved best.pth
[2026-06-01 21:29:40] INFO epoch 30 it 50/1704 loss 0.0587
[2026-06-01 21:29:41] INFO epoch 30 it 100/1704 loss 0.0614
[2026-06-01 21:29:41] INFO epoch 30 it 150/1704 loss 0.0607
[2026-06-01 21:29:42] INFO epoch 30 it 200/1704 loss 0.0581
[2026-06-01 21:29:42] INFO epoch 30 it 250/1704 loss 0.0590
[2026-06-01 21:29:43] INFO epoch 30 it 300/1704 loss 0.0575
[2026-06-01 21:29:43] INFO epoch 30 it 350/1704 loss 0.0605
[2026-06-01 21:29:44] INFO epoch 30 it 400/1704 loss 0.0606
[2026-06-01 21:29:44] INFO epoch 30 it 450/1704 loss 0.0589
[2026-06-01 21:29:45] INFO epoch 30 it 500/1704 loss 0.0611
[2026-06-01 21:29:45] INFO epoch 30 it 550/1704 loss 0.0581
[2026-06-01 21:29:46] INFO epoch 30 it 600/1704 loss 0.0627
[2026-06-01 21:29:46] INFO epoch 30 it 650/1704 loss 0.0593
[2026-06-01 21:29:47] INFO epoch 30 it 700/1704 loss 0.0605
[2026-06-01 21:29:47] INFO epoch 30 it 750/1704 loss 0.0591
[2026-06-01 21:29:47] INFO epoch 30 it 800/1704 loss 0.0578
[2026-06-01 21:29:48] INFO epoch 30 it 850/1704 loss 0.0586
[2026-06-01 21:29:48] INFO epoch 30 it 900/1704 loss 0.0581
[2026-06-01 21:29:49] INFO epoch 30 it 950/1704 loss 0.0575
[2026-06-01 21:29:49] INFO epoch 30 it 1000/1704 loss 0.0605
[2026-06-01 21:29:50] INFO epoch 30 it 1050/1704 loss 0.0600
[2026-06-01 21:29:50] INFO epoch 30 it 1100/1704 loss 0.0594
[2026-06-01 21:29:51] INFO epoch 30 it 1150/1704 loss 0.0604
[2026-06-01 21:29:51] INFO epoch 30 it 1200/1704 loss 0.0611
[2026-06-01 21:29:52] INFO epoch 30 it 1250/1704 loss 0.0594
[2026-06-01 21:29:52] INFO epoch 30 it 1300/1704 loss 0.0605
[2026-06-01 21:29:52] INFO epoch 30 it 1350/1704 loss 0.0617
[2026-06-01 21:29:53] INFO epoch 30 it 1400/1704 loss 0.0594
[2026-06-01 21:29:53] INFO epoch 30 it 1450/1704 loss 0.0604
[2026-06-01 21:29:54] INFO epoch 30 it 1500/1704 loss 0.0593
[2026-06-01 21:29:54] INFO epoch 30 it 1550/1704 loss 0.0597
[2026-06-01 21:29:55] INFO epoch 30 it 1600/1704 loss 0.0596
[2026-06-01 21:29:55] INFO epoch 30 it 1650/1704 loss 0.0611
[2026-06-01 21:29:56] INFO epoch 30 it 1700/1704 loss 0.0589
[2026-06-01 21:29:57] INFO epoch 30 done in 63.9s lr=7.81e-06 avg_train_loss=0.0597
[2026-06-01 21:30:41] INFO epoch 30 val MAE(HU): 69.83
[2026-06-01 21:30:41] INFO new best MAE: 69.83 ¡æ saved best.pth
[2026-06-01 21:31:29] INFO epoch 31 it 50/1704 loss 0.0599
[2026-06-01 21:31:29] INFO epoch 31 it 100/1704 loss 0.0585
[2026-06-01 21:31:30] INFO epoch 31 it 150/1704 loss 0.0578
[2026-06-01 21:31:30] INFO epoch 31 it 200/1704 loss 0.0614
[2026-06-01 21:31:31] INFO epoch 31 it 250/1704 loss 0.0612
[2026-06-01 21:31:31] INFO epoch 31 it 300/1704 loss 0.0594
[2026-06-01 21:31:32] INFO epoch 31 it 350/1704 loss 0.0604
[2026-06-01 21:31:32] INFO epoch 31 it 400/1704 loss 0.0604
[2026-06-01 21:31:33] INFO epoch 31 it 450/1704 loss 0.0591
[2026-06-01 21:31:33] INFO epoch 31 it 500/1704 loss 0.0613
[2026-06-01 21:31:34] INFO epoch 31 it 550/1704 loss 0.0594
[2026-06-01 21:31:34] INFO epoch 31 it 600/1704 loss 0.0613
[2026-06-01 21:31:34] INFO epoch 31 it 650/1704 loss 0.0611
[2026-06-01 21:31:35] INFO epoch 31 it 700/1704 loss 0.0596
[2026-06-01 21:31:35] INFO epoch 31 it 750/1704 loss 0.0587
[2026-06-01 21:31:36] INFO epoch 31 it 800/1704 loss 0.0573
[2026-06-01 21:31:36] INFO epoch 31 it 850/1704 loss 0.0592
[2026-06-01 21:31:37] INFO epoch 31 it 900/1704 loss 0.0625
[2026-06-01 21:31:37] INFO epoch 31 it 950/1704 loss 0.0585
[2026-06-01 21:31:38] INFO epoch 31 it 1000/1704 loss 0.0582
[2026-06-01 21:31:38] INFO epoch 31 it 1050/1704 loss 0.0614
[2026-06-01 21:31:39] INFO epoch 31 it 1100/1704 loss 0.0583
[2026-06-01 21:31:39] INFO epoch 31 it 1150/1704 loss 0.0606
[2026-06-01 21:31:40] INFO epoch 31 it 1200/1704 loss 0.0581
[2026-06-01 21:31:40] INFO epoch 31 it 1250/1704 loss 0.0591
[2026-06-01 21:31:40] INFO epoch 31 it 1300/1704 loss 0.0595
[2026-06-01 21:31:41] INFO epoch 31 it 1350/1704 loss 0.0586
[2026-06-01 21:31:41] INFO epoch 31 it 1400/1704 loss 0.0584
[2026-06-01 21:31:42] INFO epoch 31 it 1450/1704 loss 0.0601
[2026-06-01 21:31:42] INFO epoch 31 it 1500/1704 loss 0.0605
[2026-06-01 21:31:43] INFO epoch 31 it 1550/1704 loss 0.0597
[2026-06-01 21:31:43] INFO epoch 31 it 1600/1704 loss 0.0565
[2026-06-01 21:31:44] INFO epoch 31 it 1650/1704 loss 0.0591
[2026-06-01 21:31:44] INFO epoch 31 it 1700/1704 loss 0.0569
[2026-06-01 21:31:46] INFO epoch 31 done in 64.0s lr=7.68e-06 avg_train_loss=0.0595
[2026-06-01 21:32:29] INFO epoch 31 val MAE(HU): 69.63
[2026-06-01 21:32:30] INFO new best MAE: 69.63 ¡æ saved best.pth
[2026-06-01 21:33:16] INFO epoch 32 it 50/1704 loss 0.0629
[2026-06-01 21:33:17] INFO epoch 32 it 100/1704 loss 0.0609
[2026-06-01 21:33:17] INFO epoch 32 it 150/1704 loss 0.0569
[2026-06-01 21:33:18] INFO epoch 32 it 200/1704 loss 0.0571
[2026-06-01 21:33:18] INFO epoch 32 it 250/1704 loss 0.0596
[2026-06-01 21:33:19] INFO epoch 32 it 300/1704 loss 0.0602
[2026-06-01 21:33:19] INFO epoch 32 it 350/1704 loss 0.0586
[2026-06-01 21:33:20] INFO epoch 32 it 400/1704 loss 0.0570
[2026-06-01 21:33:20] INFO epoch 32 it 450/1704 loss 0.0592
[2026-06-01 21:33:21] INFO epoch 32 it 500/1704 loss 0.0606
[2026-06-01 21:33:21] INFO epoch 32 it 550/1704 loss 0.0600
[2026-06-01 21:33:22] INFO epoch 32 it 600/1704 loss 0.0587
[2026-06-01 21:33:22] INFO epoch 32 it 650/1704 loss 0.0603
[2026-06-01 21:33:23] INFO epoch 32 it 700/1704 loss 0.0599
[2026-06-01 21:33:23] INFO epoch 32 it 750/1704 loss 0.0607
[2026-06-01 21:33:24] INFO epoch 32 it 800/1704 loss 0.0594
[2026-06-01 21:33:24] INFO epoch 32 it 850/1704 loss 0.0599
[2026-06-01 21:33:25] INFO epoch 32 it 900/1704 loss 0.0601
[2026-06-01 21:33:25] INFO epoch 32 it 950/1704 loss 0.0578
[2026-06-01 21:33:25] INFO epoch 32 it 1000/1704 loss 0.0584
[2026-06-01 21:33:26] INFO epoch 32 it 1050/1704 loss 0.0585
[2026-06-01 21:33:26] INFO epoch 32 it 1100/1704 loss 0.0619
[2026-06-01 21:33:27] INFO epoch 32 it 1150/1704 loss 0.0586
[2026-06-01 21:33:27] INFO epoch 32 it 1200/1704 loss 0.0594
[2026-06-01 21:33:28] INFO epoch 32 it 1250/1704 loss 0.0582
[2026-06-01 21:33:28] INFO epoch 32 it 1300/1704 loss 0.0583
[2026-06-01 21:33:29] INFO epoch 32 it 1350/1704 loss 0.0601
[2026-06-01 21:33:29] INFO epoch 32 it 1400/1704 loss 0.0575
[2026-06-01 21:33:30] INFO epoch 32 it 1450/1704 loss 0.0616
[2026-06-01 21:33:30] INFO epoch 32 it 1500/1704 loss 0.0582
[2026-06-01 21:33:31] INFO epoch 32 it 1550/1704 loss 0.0602
[2026-06-01 21:33:31] INFO epoch 32 it 1600/1704 loss 0.0595
[2026-06-01 21:33:32] INFO epoch 32 it 1650/1704 loss 0.0577
[2026-06-01 21:33:32] INFO epoch 32 it 1700/1704 loss 0.0597
[2026-06-01 21:33:34] INFO epoch 32 done in 63.8s lr=7.55e-06 avg_train_loss=0.0593
[2026-06-01 21:34:18] INFO epoch 32 val MAE(HU): 69.47
[2026-06-01 21:34:18] INFO new best MAE: 69.47 ¡æ saved best.pth
[2026-06-01 21:35:05] INFO epoch 33 it 50/1704 loss 0.0603
[2026-06-01 21:35:05] INFO epoch 33 it 100/1704 loss 0.0557
[2026-06-01 21:35:06] INFO epoch 33 it 150/1704 loss 0.0596
[2026-06-01 21:35:06] INFO epoch 33 it 200/1704 loss 0.0601
[2026-06-01 21:35:07] INFO epoch 33 it 250/1704 loss 0.0571
[2026-06-01 21:35:07] INFO epoch 33 it 300/1704 loss 0.0626
[2026-06-01 21:35:07] INFO epoch 33 it 350/1704 loss 0.0618
[2026-06-01 21:35:08] INFO epoch 33 it 400/1704 loss 0.0578
[2026-06-01 21:35:08] INFO epoch 33 it 450/1704 loss 0.0589
[2026-06-01 21:35:09] INFO epoch 33 it 500/1704 loss 0.0600
[2026-06-01 21:35:09] INFO epoch 33 it 550/1704 loss 0.0583
[2026-06-01 21:35:10] INFO epoch 33 it 600/1704 loss 0.0602
[2026-06-01 21:35:10] INFO epoch 33 it 650/1704 loss 0.0580
[2026-06-01 21:35:11] INFO epoch 33 it 700/1704 loss 0.0574
[2026-06-01 21:35:11] INFO epoch 33 it 750/1704 loss 0.0603
[2026-06-01 21:35:12] INFO epoch 33 it 800/1704 loss 0.0574
[2026-06-01 21:35:12] INFO epoch 33 it 850/1704 loss 0.0605
[2026-06-01 21:35:13] INFO epoch 33 it 900/1704 loss 0.0581
[2026-06-01 21:35:13] INFO epoch 33 it 950/1704 loss 0.0596
[2026-06-01 21:35:13] INFO epoch 33 it 1000/1704 loss 0.0599
[2026-06-01 21:35:14] INFO epoch 33 it 1050/1704 loss 0.0603
[2026-06-01 21:35:14] INFO epoch 33 it 1100/1704 loss 0.0590
[2026-06-01 21:35:15] INFO epoch 33 it 1150/1704 loss 0.0612
[2026-06-01 21:35:15] INFO epoch 33 it 1200/1704 loss 0.0571
[2026-06-01 21:35:16] INFO epoch 33 it 1250/1704 loss 0.0569
[2026-06-01 21:35:16] INFO epoch 33 it 1300/1704 loss 0.0588
[2026-06-01 21:35:17] INFO epoch 33 it 1350/1704 loss 0.0586
[2026-06-01 21:35:17] INFO epoch 33 it 1400/1704 loss 0.0594
[2026-06-01 21:35:18] INFO epoch 33 it 1450/1704 loss 0.0581
[2026-06-01 21:35:18] INFO epoch 33 it 1500/1704 loss 0.0591
[2026-06-01 21:35:19] INFO epoch 33 it 1550/1704 loss 0.0608
[2026-06-01 21:35:19] INFO epoch 33 it 1600/1704 loss 0.0576
[2026-06-01 21:35:20] INFO epoch 33 it 1650/1704 loss 0.0614
[2026-06-01 21:35:20] INFO epoch 33 it 1700/1704 loss 0.0578
[2026-06-01 21:35:22] INFO epoch 33 done in 63.7s lr=7.41e-06 avg_train_loss=0.0591
[2026-06-01 21:36:05] INFO epoch 33 val MAE(HU): 69.44
[2026-06-01 21:36:05] INFO new best MAE: 69.44 ¡æ saved best.pth
[2026-06-01 21:36:52] INFO epoch 34 it 50/1704 loss 0.0596
[2026-06-01 21:36:53] INFO epoch 34 it 100/1704 loss 0.0595
[2026-06-01 21:36:54] INFO epoch 34 it 150/1704 loss 0.0592
[2026-06-01 21:36:54] INFO epoch 34 it 200/1704 loss 0.0589
[2026-06-01 21:36:55] INFO epoch 34 it 250/1704 loss 0.0612
[2026-06-01 21:36:55] INFO epoch 34 it 300/1704 loss 0.0574
[2026-06-01 21:36:56] INFO epoch 34 it 350/1704 loss 0.0563
[2026-06-01 21:36:56] INFO epoch 34 it 400/1704 loss 0.0588
[2026-06-01 21:36:57] INFO epoch 34 it 450/1704 loss 0.0585
[2026-06-01 21:36:57] INFO epoch 34 it 500/1704 loss 0.0570
[2026-06-01 21:36:58] INFO epoch 34 it 550/1704 loss 0.0593
[2026-06-01 21:36:58] INFO epoch 34 it 600/1704 loss 0.0607
[2026-06-01 21:36:59] INFO epoch 34 it 650/1704 loss 0.0569
[2026-06-01 21:36:59] INFO epoch 34 it 700/1704 loss 0.0610
[2026-06-01 21:37:00] INFO epoch 34 it 750/1704 loss 0.0632
[2026-06-01 21:37:00] INFO epoch 34 it 800/1704 loss 0.0570
[2026-06-01 21:37:01] INFO epoch 34 it 850/1704 loss 0.0578
[2026-06-01 21:37:01] INFO epoch 34 it 900/1704 loss 0.0593
[2026-06-01 21:37:01] INFO epoch 34 it 950/1704 loss 0.0591
[2026-06-01 21:37:02] INFO epoch 34 it 1000/1704 loss 0.0599
[2026-06-01 21:37:02] INFO epoch 34 it 1050/1704 loss 0.0576
[2026-06-01 21:37:03] INFO epoch 34 it 1100/1704 loss 0.0590
[2026-06-01 21:37:03] INFO epoch 34 it 1150/1704 loss 0.0610
[2026-06-01 21:37:04] INFO epoch 34 it 1200/1704 loss 0.0600
[2026-06-01 21:37:04] INFO epoch 34 it 1250/1704 loss 0.0616
[2026-06-01 21:37:05] INFO epoch 34 it 1300/1704 loss 0.0593
[2026-06-01 21:37:05] INFO epoch 34 it 1350/1704 loss 0.0603
[2026-06-01 21:37:06] INFO epoch 34 it 1400/1704 loss 0.0598
[2026-06-01 21:37:06] INFO epoch 34 it 1450/1704 loss 0.0579
[2026-06-01 21:37:06] INFO epoch 34 it 1500/1704 loss 0.0569
[2026-06-01 21:37:07] INFO epoch 34 it 1550/1704 loss 0.0571
[2026-06-01 21:37:07] INFO epoch 34 it 1600/1704 loss 0.0600
[2026-06-01 21:37:08] INFO epoch 34 it 1650/1704 loss 0.0583
[2026-06-01 21:37:08] INFO epoch 34 it 1700/1704 loss 0.0580
[2026-06-01 21:37:10] INFO epoch 34 done in 64.1s lr=7.27e-06 avg_train_loss=0.0590
[2026-06-01 21:37:55] INFO epoch 34 val MAE(HU): 69.21
[2026-06-01 21:37:55] INFO new best MAE: 69.21 ¡æ saved best.pth
[2026-06-01 21:38:44] INFO epoch 35 it 50/1704 loss 0.0583
[2026-06-01 21:38:44] INFO epoch 35 it 100/1704 loss 0.0577
[2026-06-01 21:38:45] INFO epoch 35 it 150/1704 loss 0.0583
[2026-06-01 21:38:45] INFO epoch 35 it 200/1704 loss 0.0585
[2026-06-01 21:38:45] INFO epoch 35 it 250/1704 loss 0.0582
[2026-06-01 21:38:46] INFO epoch 35 it 300/1704 loss 0.0600
[2026-06-01 21:38:46] INFO epoch 35 it 350/1704 loss 0.0600
[2026-06-01 21:38:47] INFO epoch 35 it 400/1704 loss 0.0587
[2026-06-01 21:38:47] INFO epoch 35 it 450/1704 loss 0.0600
[2026-06-01 21:38:48] INFO epoch 35 it 500/1704 loss 0.0589
[2026-06-01 21:38:48] INFO epoch 35 it 550/1704 loss 0.0569
[2026-06-01 21:38:49] INFO epoch 35 it 600/1704 loss 0.0578
[2026-06-01 21:38:49] INFO epoch 35 it 650/1704 loss 0.0581
[2026-06-01 21:38:50] INFO epoch 35 it 700/1704 loss 0.0595
[2026-06-01 21:38:51] INFO epoch 35 it 750/1704 loss 0.0588
[2026-06-01 21:38:51] INFO epoch 35 it 800/1704 loss 0.0584
[2026-06-01 21:38:52] INFO epoch 35 it 850/1704 loss 0.0572
[2026-06-01 21:38:52] INFO epoch 35 it 900/1704 loss 0.0602
[2026-06-01 21:38:53] INFO epoch 35 it 950/1704 loss 0.0575
[2026-06-01 21:38:53] INFO epoch 35 it 1000/1704 loss 0.0591
[2026-06-01 21:38:54] INFO epoch 35 it 1050/1704 loss 0.0584
[2026-06-01 21:38:55] INFO epoch 35 it 1100/1704 loss 0.0569
[2026-06-01 21:38:55] INFO epoch 35 it 1150/1704 loss 0.0611
[2026-06-01 21:38:56] INFO epoch 35 it 1200/1704 loss 0.0577
[2026-06-01 21:38:56] INFO epoch 35 it 1250/1704 loss 0.0599
[2026-06-01 21:38:57] INFO epoch 35 it 1300/1704 loss 0.0569
[2026-06-01 21:38:57] INFO epoch 35 it 1350/1704 loss 0.0589
[2026-06-01 21:38:58] INFO epoch 35 it 1400/1704 loss 0.0585
[2026-06-01 21:38:58] INFO epoch 35 it 1450/1704 loss 0.0600
[2026-06-01 21:38:59] INFO epoch 35 it 1500/1704 loss 0.0595
[2026-06-01 21:38:59] INFO epoch 35 it 1550/1704 loss 0.0580
[2026-06-01 21:39:00] INFO epoch 35 it 1600/1704 loss 0.0605
[2026-06-01 21:39:00] INFO epoch 35 it 1650/1704 loss 0.0613
[2026-06-01 21:39:01] INFO epoch 35 it 1700/1704 loss 0.0596
[2026-06-01 21:39:02] INFO epoch 35 done in 66.4s lr=7.13e-06 avg_train_loss=0.0588
[2026-06-01 21:39:46] INFO epoch 35 val MAE(HU): 69.14
[2026-06-01 21:39:47] INFO new best MAE: 69.14 ¡æ saved best.pth
[2026-06-01 21:40:34] INFO epoch 36 it 50/1704 loss 0.0567
[2026-06-01 21:40:35] INFO epoch 36 it 100/1704 loss 0.0599
[2026-06-01 21:40:35] INFO epoch 36 it 150/1704 loss 0.0574
[2026-06-01 21:40:36] INFO epoch 36 it 200/1704 loss 0.0589
[2026-06-01 21:40:36] INFO epoch 36 it 250/1704 loss 0.0584
[2026-06-01 21:40:37] INFO epoch 36 it 300/1704 loss 0.0593
[2026-06-01 21:40:37] INFO epoch 36 it 350/1704 loss 0.0614
[2026-06-01 21:40:38] INFO epoch 36 it 400/1704 loss 0.0616
[2026-06-01 21:40:38] INFO epoch 36 it 450/1704 loss 0.0588
[2026-06-01 21:40:39] INFO epoch 36 it 500/1704 loss 0.0567
[2026-06-01 21:40:39] INFO epoch 36 it 550/1704 loss 0.0581
[2026-06-01 21:40:39] INFO epoch 36 it 600/1704 loss 0.0584
[2026-06-01 21:40:40] INFO epoch 36 it 650/1704 loss 0.0589
[2026-06-01 21:40:40] INFO epoch 36 it 700/1704 loss 0.0610
[2026-06-01 21:40:41] INFO epoch 36 it 750/1704 loss 0.0598
[2026-06-01 21:40:41] INFO epoch 36 it 800/1704 loss 0.0594
[2026-06-01 21:40:42] INFO epoch 36 it 850/1704 loss 0.0581
[2026-06-01 21:40:42] INFO epoch 36 it 900/1704 loss 0.0592
[2026-06-01 21:40:43] INFO epoch 36 it 950/1704 loss 0.0571
[2026-06-01 21:40:43] INFO epoch 36 it 1000/1704 loss 0.0603
[2026-06-01 21:40:43] INFO epoch 36 it 1050/1704 loss 0.0577
[2026-06-01 21:40:44] INFO epoch 36 it 1100/1704 loss 0.0598
[2026-06-01 21:40:44] INFO epoch 36 it 1150/1704 loss 0.0585
[2026-06-01 21:40:45] INFO epoch 36 it 1200/1704 loss 0.0565
[2026-06-01 21:40:45] INFO epoch 36 it 1250/1704 loss 0.0566
[2026-06-01 21:40:46] INFO epoch 36 it 1300/1704 loss 0.0602
[2026-06-01 21:40:46] INFO epoch 36 it 1350/1704 loss 0.0569
[2026-06-01 21:40:47] INFO epoch 36 it 1400/1704 loss 0.0567
[2026-06-01 21:40:47] INFO epoch 36 it 1450/1704 loss 0.0571
[2026-06-01 21:40:48] INFO epoch 36 it 1500/1704 loss 0.0565
[2026-06-01 21:40:48] INFO epoch 36 it 1550/1704 loss 0.0612
[2026-06-01 21:40:49] INFO epoch 36 it 1600/1704 loss 0.0579
[2026-06-01 21:40:49] INFO epoch 36 it 1650/1704 loss 0.0606
[2026-06-01 21:40:49] INFO epoch 36 it 1700/1704 loss 0.0591
[2026-06-01 21:40:51] INFO epoch 36 done in 64.2s lr=6.99e-06 avg_train_loss=0.0587
[2026-06-01 21:41:34] INFO epoch 36 val MAE(HU): 68.83
[2026-06-01 21:41:35] INFO new best MAE: 68.83 ¡æ saved best.pth
[2026-06-01 21:42:22] INFO epoch 37 it 50/1704 loss 0.0561
[2026-06-01 21:42:22] INFO epoch 37 it 100/1704 loss 0.0591
[2026-06-01 21:42:23] INFO epoch 37 it 150/1704 loss 0.0587
[2026-06-01 21:42:23] INFO epoch 37 it 200/1704 loss 0.0569
[2026-06-01 21:42:24] INFO epoch 37 it 250/1704 loss 0.0588
[2026-06-01 21:42:24] INFO epoch 37 it 300/1704 loss 0.0582
[2026-06-01 21:42:25] INFO epoch 37 it 350/1704 loss 0.0602
[2026-06-01 21:42:25] INFO epoch 37 it 400/1704 loss 0.0620
[2026-06-01 21:42:26] INFO epoch 37 it 450/1704 loss 0.0568
[2026-06-01 21:42:26] INFO epoch 37 it 500/1704 loss 0.0575
[2026-06-01 21:42:27] INFO epoch 37 it 550/1704 loss 0.0568
[2026-06-01 21:42:27] INFO epoch 37 it 600/1704 loss 0.0595
[2026-06-01 21:42:28] INFO epoch 37 it 650/1704 loss 0.0608
[2026-06-01 21:42:28] INFO epoch 37 it 700/1704 loss 0.0572
[2026-06-01 21:42:29] INFO epoch 37 it 750/1704 loss 0.0591
[2026-06-01 21:42:29] INFO epoch 37 it 800/1704 loss 0.0570
[2026-06-01 21:42:29] INFO epoch 37 it 850/1704 loss 0.0599
[2026-06-01 21:42:30] INFO epoch 37 it 900/1704 loss 0.0592
[2026-06-01 21:42:30] INFO epoch 37 it 950/1704 loss 0.0585
[2026-06-01 21:42:31] INFO epoch 37 it 1000/1704 loss 0.0585
[2026-06-01 21:42:31] INFO epoch 37 it 1050/1704 loss 0.0585
[2026-06-01 21:42:32] INFO epoch 37 it 1100/1704 loss 0.0596
[2026-06-01 21:42:32] INFO epoch 37 it 1150/1704 loss 0.0584
[2026-06-01 21:42:33] INFO epoch 37 it 1200/1704 loss 0.0591
[2026-06-01 21:42:33] INFO epoch 37 it 1250/1704 loss 0.0583
[2026-06-01 21:42:34] INFO epoch 37 it 1300/1704 loss 0.0594
[2026-06-01 21:42:34] INFO epoch 37 it 1350/1704 loss 0.0559
[2026-06-01 21:42:35] INFO epoch 37 it 1400/1704 loss 0.0577
[2026-06-01 21:42:35] INFO epoch 37 it 1450/1704 loss 0.0580
[2026-06-01 21:42:36] INFO epoch 37 it 1500/1704 loss 0.0598
[2026-06-01 21:42:36] INFO epoch 37 it 1550/1704 loss 0.0585
[2026-06-01 21:42:37] INFO epoch 37 it 1600/1704 loss 0.0601
[2026-06-01 21:42:37] INFO epoch 37 it 1650/1704 loss 0.0607
[2026-06-01 21:42:37] INFO epoch 37 it 1700/1704 loss 0.0585
[2026-06-01 21:42:39] INFO epoch 37 done in 64.2s lr=6.84e-06 avg_train_loss=0.0586
[2026-06-01 21:43:25] INFO epoch 37 val MAE(HU): 68.67
[2026-06-01 21:43:25] INFO new best MAE: 68.67 ¡æ saved best.pth
[2026-06-01 21:44:12] INFO epoch 38 it 50/1704 loss 0.0576
[2026-06-01 21:44:12] INFO epoch 38 it 100/1704 loss 0.0561
[2026-06-01 21:44:13] INFO epoch 38 it 150/1704 loss 0.0565
[2026-06-01 21:44:13] INFO epoch 38 it 200/1704 loss 0.0572
[2026-06-01 21:44:14] INFO epoch 38 it 250/1704 loss 0.0583
[2026-06-01 21:44:14] INFO epoch 38 it 300/1704 loss 0.0606
[2026-06-01 21:44:15] INFO epoch 38 it 350/1704 loss 0.0599
[2026-06-01 21:44:15] INFO epoch 38 it 400/1704 loss 0.0578
[2026-06-01 21:44:16] INFO epoch 38 it 450/1704 loss 0.0572
[2026-06-01 21:44:16] INFO epoch 38 it 500/1704 loss 0.0570
[2026-06-01 21:44:16] INFO epoch 38 it 550/1704 loss 0.0590
[2026-06-01 21:44:17] INFO epoch 38 it 600/1704 loss 0.0597
[2026-06-01 21:44:17] INFO epoch 38 it 650/1704 loss 0.0605
[2026-06-01 21:44:18] INFO epoch 38 it 700/1704 loss 0.0594
[2026-06-01 21:44:18] INFO epoch 38 it 750/1704 loss 0.0617
[2026-06-01 21:44:19] INFO epoch 38 it 800/1704 loss 0.0554
[2026-06-01 21:44:19] INFO epoch 38 it 850/1704 loss 0.0578
[2026-06-01 21:44:20] INFO epoch 38 it 900/1704 loss 0.0577
[2026-06-01 21:44:20] INFO epoch 38 it 950/1704 loss 0.0625
[2026-06-01 21:44:21] INFO epoch 38 it 1000/1704 loss 0.0591
[2026-06-01 21:44:21] INFO epoch 38 it 1050/1704 loss 0.0587
[2026-06-01 21:44:22] INFO epoch 38 it 1100/1704 loss 0.0604
[2026-06-01 21:44:22] INFO epoch 38 it 1150/1704 loss 0.0569
[2026-06-01 21:44:22] INFO epoch 38 it 1200/1704 loss 0.0588
[2026-06-01 21:44:23] INFO epoch 38 it 1250/1704 loss 0.0592
[2026-06-01 21:44:23] INFO epoch 38 it 1300/1704 loss 0.0574
[2026-06-01 21:44:24] INFO epoch 38 it 1350/1704 loss 0.0589
[2026-06-01 21:44:24] INFO epoch 38 it 1400/1704 loss 0.0572
[2026-06-01 21:44:25] INFO epoch 38 it 1450/1704 loss 0.0564
[2026-06-01 21:44:25] INFO epoch 38 it 1500/1704 loss 0.0588
[2026-06-01 21:44:26] INFO epoch 38 it 1550/1704 loss 0.0569
[2026-06-01 21:44:26] INFO epoch 38 it 1600/1704 loss 0.0597
[2026-06-01 21:44:27] INFO epoch 38 it 1650/1704 loss 0.0554
[2026-06-01 21:44:27] INFO epoch 38 it 1700/1704 loss 0.0586
[2026-06-01 21:44:29] INFO epoch 38 done in 63.7s lr=6.69e-06 avg_train_loss=0.0583
[2026-06-01 21:45:12] INFO epoch 38 val MAE(HU): 68.47
[2026-06-01 21:45:13] INFO new best MAE: 68.47 ¡æ saved best.pth
[2026-06-01 21:46:00] INFO epoch 39 it 50/1704 loss 0.0568
[2026-06-01 21:46:00] INFO epoch 39 it 100/1704 loss 0.0570
[2026-06-01 21:46:01] INFO epoch 39 it 150/1704 loss 0.0588
[2026-06-01 21:46:01] INFO epoch 39 it 200/1704 loss 0.0577
[2026-06-01 21:46:02] INFO epoch 39 it 250/1704 loss 0.0596
[2026-06-01 21:46:02] INFO epoch 39 it 300/1704 loss 0.0571
[2026-06-01 21:46:02] INFO epoch 39 it 350/1704 loss 0.0585
[2026-06-01 21:46:03] INFO epoch 39 it 400/1704 loss 0.0574
[2026-06-01 21:46:03] INFO epoch 39 it 450/1704 loss 0.0599
[2026-06-01 21:46:04] INFO epoch 39 it 500/1704 loss 0.0575
[2026-06-01 21:46:04] INFO epoch 39 it 550/1704 loss 0.0578
[2026-06-01 21:46:05] INFO epoch 39 it 600/1704 loss 0.0591
[2026-06-01 21:46:05] INFO epoch 39 it 650/1704 loss 0.0580
[2026-06-01 21:46:06] INFO epoch 39 it 700/1704 loss 0.0564
[2026-06-01 21:46:06] INFO epoch 39 it 750/1704 loss 0.0587
[2026-06-01 21:46:07] INFO epoch 39 it 800/1704 loss 0.0604
[2026-06-01 21:46:07] INFO epoch 39 it 850/1704 loss 0.0603
[2026-06-01 21:46:08] INFO epoch 39 it 900/1704 loss 0.0570
[2026-06-01 21:46:08] INFO epoch 39 it 950/1704 loss 0.0581
[2026-06-01 21:46:08] INFO epoch 39 it 1000/1704 loss 0.0582
[2026-06-01 21:46:09] INFO epoch 39 it 1050/1704 loss 0.0598
[2026-06-01 21:46:09] INFO epoch 39 it 1100/1704 loss 0.0573
[2026-06-01 21:46:10] INFO epoch 39 it 1150/1704 loss 0.0601
[2026-06-01 21:46:10] INFO epoch 39 it 1200/1704 loss 0.0584
[2026-06-01 21:46:11] INFO epoch 39 it 1250/1704 loss 0.0560
[2026-06-01 21:46:11] INFO epoch 39 it 1300/1704 loss 0.0572
[2026-06-01 21:46:12] INFO epoch 39 it 1350/1704 loss 0.0568
[2026-06-01 21:46:12] INFO epoch 39 it 1400/1704 loss 0.0577
[2026-06-01 21:46:13] INFO epoch 39 it 1450/1704 loss 0.0599
[2026-06-01 21:46:13] INFO epoch 39 it 1500/1704 loss 0.0610
[2026-06-01 21:46:14] INFO epoch 39 it 1550/1704 loss 0.0580
[2026-06-01 21:46:14] INFO epoch 39 it 1600/1704 loss 0.0587
[2026-06-01 21:46:14] INFO epoch 39 it 1650/1704 loss 0.0592
[2026-06-01 21:46:15] INFO epoch 39 it 1700/1704 loss 0.0583
[2026-06-01 21:46:17] INFO epoch 39 done in 63.9s lr=6.55e-06 avg_train_loss=0.0583
[2026-06-01 21:47:02] INFO epoch 39 val MAE(HU): 68.33
[2026-06-01 21:47:02] INFO new best MAE: 68.33 ¡æ saved best.pth
[2026-06-01 21:47:48] INFO epoch 40 it 50/1704 loss 0.0581
[2026-06-01 21:47:49] INFO epoch 40 it 100/1704 loss 0.0579
[2026-06-01 21:47:49] INFO epoch 40 it 150/1704 loss 0.0601
[2026-06-01 21:47:50] INFO epoch 40 it 200/1704 loss 0.0597
[2026-06-01 21:47:50] INFO epoch 40 it 250/1704 loss 0.0576
[2026-06-01 21:47:51] INFO epoch 40 it 300/1704 loss 0.0575
[2026-06-01 21:47:51] INFO epoch 40 it 350/1704 loss 0.0616
[2026-06-01 21:47:52] INFO epoch 40 it 400/1704 loss 0.0593
[2026-06-01 21:47:52] INFO epoch 40 it 450/1704 loss 0.0577
[2026-06-01 21:47:53] INFO epoch 40 it 500/1704 loss 0.0562
[2026-06-01 21:47:53] INFO epoch 40 it 550/1704 loss 0.0563
[2026-06-01 21:47:54] INFO epoch 40 it 600/1704 loss 0.0575
[2026-06-01 21:47:54] INFO epoch 40 it 650/1704 loss 0.0588
[2026-06-01 21:47:54] INFO epoch 40 it 700/1704 loss 0.0582
[2026-06-01 21:47:55] INFO epoch 40 it 750/1704 loss 0.0605
[2026-06-01 21:47:56] INFO epoch 40 it 800/1704 loss 0.0586
[2026-06-01 21:47:56] INFO epoch 40 it 850/1704 loss 0.0591
[2026-06-01 21:47:57] INFO epoch 40 it 900/1704 loss 0.0587
[2026-06-01 21:47:57] INFO epoch 40 it 950/1704 loss 0.0572
[2026-06-01 21:47:58] INFO epoch 40 it 1000/1704 loss 0.0594
[2026-06-01 21:47:58] INFO epoch 40 it 1050/1704 loss 0.0589
[2026-06-01 21:47:59] INFO epoch 40 it 1100/1704 loss 0.0585
[2026-06-01 21:47:59] INFO epoch 40 it 1150/1704 loss 0.0595
[2026-06-01 21:48:00] INFO epoch 40 it 1200/1704 loss 0.0591
[2026-06-01 21:48:00] INFO epoch 40 it 1250/1704 loss 0.0580
[2026-06-01 21:48:01] INFO epoch 40 it 1300/1704 loss 0.0565
[2026-06-01 21:48:02] INFO epoch 40 it 1350/1704 loss 0.0566
[2026-06-01 21:48:03] INFO epoch 40 it 1400/1704 loss 0.0575
[2026-06-01 21:48:04] INFO epoch 40 it 1450/1704 loss 0.0556
[2026-06-01 21:48:04] INFO epoch 40 it 1500/1704 loss 0.0572
[2026-06-01 21:48:05] INFO epoch 40 it 1550/1704 loss 0.0590
[2026-06-01 21:48:05] INFO epoch 40 it 1600/1704 loss 0.0552
[2026-06-01 21:48:06] INFO epoch 40 it 1650/1704 loss 0.0565
[2026-06-01 21:48:07] INFO epoch 40 it 1700/1704 loss 0.0584
[2026-06-01 21:48:08] INFO epoch 40 done in 65.8s lr=6.39e-06 avg_train_loss=0.0581
[2026-06-01 21:48:54] INFO epoch 40 val MAE(HU): 68.13
[2026-06-01 21:48:54] INFO new best MAE: 68.13 ¡æ saved best.pth
[2026-06-01 21:49:42] INFO epoch 41 it 50/1704 loss 0.0595
[2026-06-01 21:49:42] INFO epoch 41 it 100/1704 loss 0.0547
[2026-06-01 21:49:43] INFO epoch 41 it 150/1704 loss 0.0566
[2026-06-01 21:49:43] INFO epoch 41 it 200/1704 loss 0.0589
[2026-06-01 21:49:44] INFO epoch 41 it 250/1704 loss 0.0574
[2026-06-01 21:49:44] INFO epoch 41 it 300/1704 loss 0.0585
[2026-06-01 21:49:44] INFO epoch 41 it 350/1704 loss 0.0586
[2026-06-01 21:49:45] INFO epoch 41 it 400/1704 loss 0.0583
[2026-06-01 21:49:45] INFO epoch 41 it 450/1704 loss 0.0575
[2026-06-01 21:49:46] INFO epoch 41 it 500/1704 loss 0.0586
[2026-06-01 21:49:46] INFO epoch 41 it 550/1704 loss 0.0597
[2026-06-01 21:49:47] INFO epoch 41 it 600/1704 loss 0.0579
[2026-06-01 21:49:47] INFO epoch 41 it 650/1704 loss 0.0560
[2026-06-01 21:49:48] INFO epoch 41 it 700/1704 loss 0.0590
[2026-06-01 21:49:48] INFO epoch 41 it 750/1704 loss 0.0582
[2026-06-01 21:49:49] INFO epoch 41 it 800/1704 loss 0.0570
[2026-06-01 21:49:49] INFO epoch 41 it 850/1704 loss 0.0589
[2026-06-01 21:49:50] INFO epoch 41 it 900/1704 loss 0.0588
[2026-06-01 21:49:50] INFO epoch 41 it 950/1704 loss 0.0594
[2026-06-01 21:49:51] INFO epoch 41 it 1000/1704 loss 0.0543
[2026-06-01 21:49:51] INFO epoch 41 it 1050/1704 loss 0.0571
[2026-06-01 21:49:52] INFO epoch 41 it 1100/1704 loss 0.0602
[2026-06-01 21:49:52] INFO epoch 41 it 1150/1704 loss 0.0585
[2026-06-01 21:49:53] INFO epoch 41 it 1200/1704 loss 0.0580
[2026-06-01 21:49:53] INFO epoch 41 it 1250/1704 loss 0.0582
[2026-06-01 21:49:54] INFO epoch 41 it 1300/1704 loss 0.0575
[2026-06-01 21:49:55] INFO epoch 41 it 1350/1704 loss 0.0563
[2026-06-01 21:49:55] INFO epoch 41 it 1400/1704 loss 0.0594
[2026-06-01 21:49:56] INFO epoch 41 it 1450/1704 loss 0.0590
[2026-06-01 21:49:56] INFO epoch 41 it 1500/1704 loss 0.0584
[2026-06-01 21:49:57] INFO epoch 41 it 1550/1704 loss 0.0580
[2026-06-01 21:49:57] INFO epoch 41 it 1600/1704 loss 0.0554
[2026-06-01 21:49:58] INFO epoch 41 it 1650/1704 loss 0.0564
[2026-06-01 21:49:58] INFO epoch 41 it 1700/1704 loss 0.0578
[2026-06-01 21:50:00] INFO epoch 41 done in 65.8s lr=6.24e-06 avg_train_loss=0.0579
[2026-06-01 21:50:45] INFO epoch 41 val MAE(HU): 67.98
[2026-06-01 21:50:45] INFO new best MAE: 67.98 ¡æ saved best.pth
[2026-06-01 21:51:34] INFO epoch 42 it 50/1704 loss 0.0590
[2026-06-01 21:51:34] INFO epoch 42 it 100/1704 loss 0.0575
[2026-06-01 21:51:35] INFO epoch 42 it 150/1704 loss 0.0575
[2026-06-01 21:51:35] INFO epoch 42 it 200/1704 loss 0.0585
[2026-06-01 21:51:36] INFO epoch 42 it 250/1704 loss 0.0601
[2026-06-01 21:51:36] INFO epoch 42 it 300/1704 loss 0.0584
[2026-06-01 21:51:37] INFO epoch 42 it 350/1704 loss 0.0574
[2026-06-01 21:51:37] INFO epoch 42 it 400/1704 loss 0.0582
[2026-06-01 21:51:38] INFO epoch 42 it 450/1704 loss 0.0577
[2026-06-01 21:51:38] INFO epoch 42 it 500/1704 loss 0.0574
[2026-06-01 21:51:39] INFO epoch 42 it 550/1704 loss 0.0583
[2026-06-01 21:51:39] INFO epoch 42 it 600/1704 loss 0.0594
[2026-06-01 21:51:39] INFO epoch 42 it 650/1704 loss 0.0559
[2026-06-01 21:51:40] INFO epoch 42 it 700/1704 loss 0.0572
[2026-06-01 21:51:40] INFO epoch 42 it 750/1704 loss 0.0594
[2026-06-01 21:51:41] INFO epoch 42 it 800/1704 loss 0.0581
[2026-06-01 21:51:41] INFO epoch 42 it 850/1704 loss 0.0565
[2026-06-01 21:51:42] INFO epoch 42 it 900/1704 loss 0.0600
[2026-06-01 21:51:42] INFO epoch 42 it 950/1704 loss 0.0568
[2026-06-01 21:51:43] INFO epoch 42 it 1000/1704 loss 0.0556
[2026-06-01 21:51:43] INFO epoch 42 it 1050/1704 loss 0.0576
[2026-06-01 21:51:44] INFO epoch 42 it 1100/1704 loss 0.0566
[2026-06-01 21:51:44] INFO epoch 42 it 1150/1704 loss 0.0574
[2026-06-01 21:51:45] INFO epoch 42 it 1200/1704 loss 0.0566
[2026-06-01 21:51:45] INFO epoch 42 it 1250/1704 loss 0.0581
[2026-06-01 21:51:45] INFO epoch 42 it 1300/1704 loss 0.0572
[2026-06-01 21:51:46] INFO epoch 42 it 1350/1704 loss 0.0580
[2026-06-01 21:51:46] INFO epoch 42 it 1400/1704 loss 0.0565
[2026-06-01 21:51:47] INFO epoch 42 it 1450/1704 loss 0.0570
[2026-06-01 21:51:47] INFO epoch 42 it 1500/1704 loss 0.0597
[2026-06-01 21:51:48] INFO epoch 42 it 1550/1704 loss 0.0589
[2026-06-01 21:51:48] INFO epoch 42 it 1600/1704 loss 0.0574
[2026-06-01 21:51:49] INFO epoch 42 it 1650/1704 loss 0.0569
[2026-06-01 21:51:49] INFO epoch 42 it 1700/1704 loss 0.0595
[2026-06-01 21:51:51] INFO epoch 42 done in 65.0s lr=6.09e-06 avg_train_loss=0.0578
[2026-06-01 21:52:34] INFO epoch 42 val MAE(HU): 67.87
[2026-06-01 21:52:34] INFO new best MAE: 67.87 ¡æ saved best.pth
[2026-06-01 21:53:23] INFO epoch 43 it 50/1704 loss 0.0560
[2026-06-01 21:53:23] INFO epoch 43 it 100/1704 loss 0.0568
[2026-06-01 21:53:24] INFO epoch 43 it 150/1704 loss 0.0560
[2026-06-01 21:53:24] INFO epoch 43 it 200/1704 loss 0.0566
[2026-06-01 21:53:25] INFO epoch 43 it 250/1704 loss 0.0562
[2026-06-01 21:53:25] INFO epoch 43 it 300/1704 loss 0.0583
[2026-06-01 21:53:25] INFO epoch 43 it 350/1704 loss 0.0589
[2026-06-01 21:53:26] INFO epoch 43 it 400/1704 loss 0.0576
[2026-06-01 21:53:26] INFO epoch 43 it 450/1704 loss 0.0564
[2026-06-01 21:53:27] INFO epoch 43 it 500/1704 loss 0.0583
[2026-06-01 21:53:27] INFO epoch 43 it 550/1704 loss 0.0602
[2026-06-01 21:53:28] INFO epoch 43 it 600/1704 loss 0.0603
[2026-06-01 21:53:28] INFO epoch 43 it 650/1704 loss 0.0576
[2026-06-01 21:53:29] INFO epoch 43 it 700/1704 loss 0.0564
[2026-06-01 21:53:29] INFO epoch 43 it 750/1704 loss 0.0579
[2026-06-01 21:53:30] INFO epoch 43 it 800/1704 loss 0.0578
[2026-06-01 21:53:30] INFO epoch 43 it 850/1704 loss 0.0556
[2026-06-01 21:53:31] INFO epoch 43 it 900/1704 loss 0.0580
[2026-06-01 21:53:31] INFO epoch 43 it 950/1704 loss 0.0592
[2026-06-01 21:53:32] INFO epoch 43 it 1000/1704 loss 0.0566
[2026-06-01 21:53:32] INFO epoch 43 it 1050/1704 loss 0.0593
[2026-06-01 21:53:33] INFO epoch 43 it 1100/1704 loss 0.0584
[2026-06-01 21:53:33] INFO epoch 43 it 1150/1704 loss 0.0595
[2026-06-01 21:53:34] INFO epoch 43 it 1200/1704 loss 0.0573
[2026-06-01 21:53:34] INFO epoch 43 it 1250/1704 loss 0.0563
[2026-06-01 21:53:34] INFO epoch 43 it 1300/1704 loss 0.0591
[2026-06-01 21:53:35] INFO epoch 43 it 1350/1704 loss 0.0570
[2026-06-01 21:53:35] INFO epoch 43 it 1400/1704 loss 0.0568
[2026-06-01 21:53:36] INFO epoch 43 it 1450/1704 loss 0.0582
[2026-06-01 21:53:36] INFO epoch 43 it 1500/1704 loss 0.0578
[2026-06-01 21:53:37] INFO epoch 43 it 1550/1704 loss 0.0579
[2026-06-01 21:53:37] INFO epoch 43 it 1600/1704 loss 0.0590
[2026-06-01 21:53:38] INFO epoch 43 it 1650/1704 loss 0.0563
[2026-06-01 21:53:38] INFO epoch 43 it 1700/1704 loss 0.0593
[2026-06-01 21:53:40] INFO epoch 43 done in 65.0s lr=5.94e-06 avg_train_loss=0.0577
[2026-06-01 21:54:26] INFO epoch 43 val MAE(HU): 67.61
[2026-06-01 21:54:26] INFO new best MAE: 67.61 ¡æ saved best.pth
[2026-06-01 21:55:16] INFO epoch 44 it 50/1704 loss 0.0585
[2026-06-01 21:55:16] INFO epoch 44 it 100/1704 loss 0.0569
[2026-06-01 21:55:17] INFO epoch 44 it 150/1704 loss 0.0582
[2026-06-01 21:55:17] INFO epoch 44 it 200/1704 loss 0.0559
[2026-06-01 21:55:18] INFO epoch 44 it 250/1704 loss 0.0554
[2026-06-01 21:55:18] INFO epoch 44 it 300/1704 loss 0.0572
[2026-06-01 21:55:18] INFO epoch 44 it 350/1704 loss 0.0587
[2026-06-01 21:55:19] INFO epoch 44 it 400/1704 loss 0.0572
[2026-06-01 21:55:19] INFO epoch 44 it 450/1704 loss 0.0594
[2026-06-01 21:55:20] INFO epoch 44 it 500/1704 loss 0.0586
[2026-06-01 21:55:20] INFO epoch 44 it 550/1704 loss 0.0585
[2026-06-01 21:55:21] INFO epoch 44 it 600/1704 loss 0.0602
[2026-06-01 21:55:21] INFO epoch 44 it 650/1704 loss 0.0585
[2026-06-01 21:55:22] INFO epoch 44 it 700/1704 loss 0.0565
[2026-06-01 21:55:22] INFO epoch 44 it 750/1704 loss 0.0568
[2026-06-01 21:55:23] INFO epoch 44 it 800/1704 loss 0.0581
[2026-06-01 21:55:23] INFO epoch 44 it 850/1704 loss 0.0579
[2026-06-01 21:55:24] INFO epoch 44 it 900/1704 loss 0.0567
[2026-06-01 21:55:24] INFO epoch 44 it 950/1704 loss 0.0556
[2026-06-01 21:55:25] INFO epoch 44 it 1000/1704 loss 0.0543
[2026-06-01 21:55:25] INFO epoch 44 it 1050/1704 loss 0.0578
[2026-06-01 21:55:25] INFO epoch 44 it 1100/1704 loss 0.0567
[2026-06-01 21:55:26] INFO epoch 44 it 1150/1704 loss 0.0602
[2026-06-01 21:55:26] INFO epoch 44 it 1200/1704 loss 0.0586
[2026-06-01 21:55:27] INFO epoch 44 it 1250/1704 loss 0.0591
[2026-06-01 21:55:27] INFO epoch 44 it 1300/1704 loss 0.0576
[2026-06-01 21:55:28] INFO epoch 44 it 1350/1704 loss 0.0591
[2026-06-01 21:55:28] INFO epoch 44 it 1400/1704 loss 0.0589
[2026-06-01 21:55:29] INFO epoch 44 it 1450/1704 loss 0.0583
[2026-06-01 21:55:29] INFO epoch 44 it 1500/1704 loss 0.0572
[2026-06-01 21:55:30] INFO epoch 44 it 1550/1704 loss 0.0542
[2026-06-01 21:55:30] INFO epoch 44 it 1600/1704 loss 0.0581
[2026-06-01 21:55:31] INFO epoch 44 it 1650/1704 loss 0.0575
[2026-06-01 21:55:31] INFO epoch 44 it 1700/1704 loss 0.0565
[2026-06-01 21:55:33] INFO epoch 44 done in 66.8s lr=5.78e-06 avg_train_loss=0.0576
[2026-06-01 21:56:19] INFO epoch 44 val MAE(HU): 67.45
[2026-06-01 21:56:19] INFO new best MAE: 67.45 ¡æ saved best.pth
[2026-06-01 21:57:09] INFO epoch 45 it 50/1704 loss 0.0585
[2026-06-01 21:57:10] INFO epoch 45 it 100/1704 loss 0.0596
[2026-06-01 21:57:10] INFO epoch 45 it 150/1704 loss 0.0588
[2026-06-01 21:57:10] INFO epoch 45 it 200/1704 loss 0.0560
[2026-06-01 21:57:11] INFO epoch 45 it 250/1704 loss 0.0578
[2026-06-01 21:57:11] INFO epoch 45 it 300/1704 loss 0.0597
[2026-06-01 21:57:12] INFO epoch 45 it 350/1704 loss 0.0586
[2026-06-01 21:57:12] INFO epoch 45 it 400/1704 loss 0.0558
[2026-06-01 21:57:13] INFO epoch 45 it 450/1704 loss 0.0566
[2026-06-01 21:57:14] INFO epoch 45 it 500/1704 loss 0.0563
[2026-06-01 21:57:14] INFO epoch 45 it 550/1704 loss 0.0560
[2026-06-01 21:57:14] INFO epoch 45 it 600/1704 loss 0.0570
[2026-06-01 21:57:15] INFO epoch 45 it 650/1704 loss 0.0564
[2026-06-01 21:57:15] INFO epoch 45 it 700/1704 loss 0.0557
[2026-06-01 21:57:16] INFO epoch 45 it 750/1704 loss 0.0565
[2026-06-01 21:57:16] INFO epoch 45 it 800/1704 loss 0.0577
[2026-06-01 21:57:17] INFO epoch 45 it 850/1704 loss 0.0574
[2026-06-01 21:57:17] INFO epoch 45 it 900/1704 loss 0.0606
[2026-06-01 21:57:18] INFO epoch 45 it 950/1704 loss 0.0554
[2026-06-01 21:57:19] INFO epoch 45 it 1000/1704 loss 0.0573
[2026-06-01 21:57:19] INFO epoch 45 it 1050/1704 loss 0.0576
[2026-06-01 21:57:20] INFO epoch 45 it 1100/1704 loss 0.0586
[2026-06-01 21:57:21] INFO epoch 45 it 1150/1704 loss 0.0581
[2026-06-01 21:57:21] INFO epoch 45 it 1200/1704 loss 0.0575
[2026-06-01 21:57:22] INFO epoch 45 it 1250/1704 loss 0.0579
[2026-06-01 21:57:22] INFO epoch 45 it 1300/1704 loss 0.0582
[2026-06-01 21:57:23] INFO epoch 45 it 1350/1704 loss 0.0571
[2026-06-01 21:57:23] INFO epoch 45 it 1400/1704 loss 0.0581
[2026-06-01 21:57:24] INFO epoch 45 it 1450/1704 loss 0.0575
[2026-06-01 21:57:25] INFO epoch 45 it 1500/1704 loss 0.0571
[2026-06-01 21:57:25] INFO epoch 45 it 1550/1704 loss 0.0562
[2026-06-01 21:57:26] INFO epoch 45 it 1600/1704 loss 0.0576
[2026-06-01 21:57:26] INFO epoch 45 it 1650/1704 loss 0.0589
[2026-06-01 21:57:27] INFO epoch 45 it 1700/1704 loss 0.0561
[2026-06-01 21:57:28] INFO epoch 45 done in 69.4s lr=5.63e-06 avg_train_loss=0.0575
[2026-06-01 21:58:15] INFO epoch 45 val MAE(HU): 67.29
[2026-06-01 21:58:15] INFO new best MAE: 67.29 ¡æ saved best.pth
[2026-06-01 21:59:05] INFO epoch 46 it 50/1704 loss 0.0566
[2026-06-01 21:59:06] INFO epoch 46 it 100/1704 loss 0.0563
[2026-06-01 21:59:06] INFO epoch 46 it 150/1704 loss 0.0598
[2026-06-01 21:59:07] INFO epoch 46 it 200/1704 loss 0.0568
[2026-06-01 21:59:07] INFO epoch 46 it 250/1704 loss 0.0570
[2026-06-01 21:59:07] INFO epoch 46 it 300/1704 loss 0.0568
[2026-06-01 21:59:08] INFO epoch 46 it 350/1704 loss 0.0569
[2026-06-01 21:59:08] INFO epoch 46 it 400/1704 loss 0.0581
[2026-06-01 21:59:09] INFO epoch 46 it 450/1704 loss 0.0571
[2026-06-01 21:59:09] INFO epoch 46 it 500/1704 loss 0.0576
[2026-06-01 21:59:10] INFO epoch 46 it 550/1704 loss 0.0567
[2026-06-01 21:59:10] INFO epoch 46 it 600/1704 loss 0.0591
[2026-06-01 21:59:11] INFO epoch 46 it 650/1704 loss 0.0579
[2026-06-01 21:59:11] INFO epoch 46 it 700/1704 loss 0.0547
[2026-06-01 21:59:12] INFO epoch 46 it 750/1704 loss 0.0579
[2026-06-01 21:59:12] INFO epoch 46 it 800/1704 loss 0.0560
[2026-06-01 21:59:13] INFO epoch 46 it 850/1704 loss 0.0569
[2026-06-01 21:59:13] INFO epoch 46 it 900/1704 loss 0.0573
[2026-06-01 21:59:13] INFO epoch 46 it 950/1704 loss 0.0574
[2026-06-01 21:59:14] INFO epoch 46 it 1000/1704 loss 0.0574
[2026-06-01 21:59:14] INFO epoch 46 it 1050/1704 loss 0.0558
[2026-06-01 21:59:15] INFO epoch 46 it 1100/1704 loss 0.0585
[2026-06-01 21:59:15] INFO epoch 46 it 1150/1704 loss 0.0582
[2026-06-01 21:59:16] INFO epoch 46 it 1200/1704 loss 0.0568
[2026-06-01 21:59:16] INFO epoch 46 it 1250/1704 loss 0.0569
[2026-06-01 21:59:17] INFO epoch 46 it 1300/1704 loss 0.0569
[2026-06-01 21:59:17] INFO epoch 46 it 1350/1704 loss 0.0611
[2026-06-01 21:59:18] INFO epoch 46 it 1400/1704 loss 0.0574
[2026-06-01 21:59:18] INFO epoch 46 it 1450/1704 loss 0.0561
[2026-06-01 21:59:19] INFO epoch 46 it 1500/1704 loss 0.0580
[2026-06-01 21:59:19] INFO epoch 46 it 1550/1704 loss 0.0597
[2026-06-01 21:59:19] INFO epoch 46 it 1600/1704 loss 0.0545
[2026-06-01 21:59:20] INFO epoch 46 it 1650/1704 loss 0.0555
[2026-06-01 21:59:20] INFO epoch 46 it 1700/1704 loss 0.0571
[2026-06-01 21:59:22] INFO epoch 46 done in 66.3s lr=5.47e-06 avg_train_loss=0.0573
[2026-06-01 22:00:06] INFO epoch 46 val MAE(HU): 67.09
[2026-06-01 22:00:06] INFO new best MAE: 67.09 ¡æ saved best.pth
[2026-06-01 22:00:54] INFO epoch 47 it 50/1704 loss 0.0585
[2026-06-01 22:00:55] INFO epoch 47 it 100/1704 loss 0.0567
[2026-06-01 22:00:55] INFO epoch 47 it 150/1704 loss 0.0573
[2026-06-01 22:00:56] INFO epoch 47 it 200/1704 loss 0.0575
[2026-06-01 22:00:56] INFO epoch 47 it 250/1704 loss 0.0576
[2026-06-01 22:00:57] INFO epoch 47 it 300/1704 loss 0.0588
[2026-06-01 22:00:57] INFO epoch 47 it 350/1704 loss 0.0575
[2026-06-01 22:00:58] INFO epoch 47 it 400/1704 loss 0.0552
[2026-06-01 22:00:59] INFO epoch 47 it 450/1704 loss 0.0572
[2026-06-01 22:00:59] INFO epoch 47 it 500/1704 loss 0.0574
[2026-06-01 22:01:00] INFO epoch 47 it 550/1704 loss 0.0562
[2026-06-01 22:01:00] INFO epoch 47 it 600/1704 loss 0.0580
[2026-06-01 22:01:01] INFO epoch 47 it 650/1704 loss 0.0571
[2026-06-01 22:01:01] INFO epoch 47 it 700/1704 loss 0.0560
[2026-06-01 22:01:02] INFO epoch 47 it 750/1704 loss 0.0572
[2026-06-01 22:01:02] INFO epoch 47 it 800/1704 loss 0.0566
[2026-06-01 22:01:03] INFO epoch 47 it 850/1704 loss 0.0561
[2026-06-01 22:01:03] INFO epoch 47 it 900/1704 loss 0.0569
[2026-06-01 22:01:04] INFO epoch 47 it 950/1704 loss 0.0562
[2026-06-01 22:01:04] INFO epoch 47 it 1000/1704 loss 0.0568
[2026-06-01 22:01:05] INFO epoch 47 it 1050/1704 loss 0.0591
[2026-06-01 22:01:06] INFO epoch 47 it 1100/1704 loss 0.0567
[2026-06-01 22:01:06] INFO epoch 47 it 1150/1704 loss 0.0570
[2026-06-01 22:01:07] INFO epoch 47 it 1200/1704 loss 0.0540
[2026-06-01 22:01:07] INFO epoch 47 it 1250/1704 loss 0.0583
[2026-06-01 22:01:08] INFO epoch 47 it 1300/1704 loss 0.0562
[2026-06-01 22:01:08] INFO epoch 47 it 1350/1704 loss 0.0568
[2026-06-01 22:01:09] INFO epoch 47 it 1400/1704 loss 0.0586
[2026-06-01 22:01:09] INFO epoch 47 it 1450/1704 loss 0.0586
[2026-06-01 22:01:10] INFO epoch 47 it 1500/1704 loss 0.0603
[2026-06-01 22:01:10] INFO epoch 47 it 1550/1704 loss 0.0571
[2026-06-01 22:01:11] INFO epoch 47 it 1600/1704 loss 0.0563
[2026-06-01 22:01:12] INFO epoch 47 it 1650/1704 loss 0.0563
[2026-06-01 22:01:12] INFO epoch 47 it 1700/1704 loss 0.0573
[2026-06-01 22:01:14] INFO epoch 47 done in 67.2s lr=5.31e-06 avg_train_loss=0.0572
[2026-06-01 22:01:58] INFO epoch 47 val MAE(HU): 66.92
[2026-06-01 22:01:58] INFO new best MAE: 66.92 ¡æ saved best.pth
[2026-06-01 22:02:46] INFO epoch 48 it 50/1704 loss 0.0566
[2026-06-01 22:02:46] INFO epoch 48 it 100/1704 loss 0.0582
[2026-06-01 22:02:47] INFO epoch 48 it 150/1704 loss 0.0569
[2026-06-01 22:02:47] INFO epoch 48 it 200/1704 loss 0.0569
[2026-06-01 22:02:48] INFO epoch 48 it 250/1704 loss 0.0577
[2026-06-01 22:02:48] INFO epoch 48 it 300/1704 loss 0.0562
[2026-06-01 22:02:49] INFO epoch 48 it 350/1704 loss 0.0562
[2026-06-01 22:02:49] INFO epoch 48 it 400/1704 loss 0.0572
[2026-06-01 22:02:50] INFO epoch 48 it 450/1704 loss 0.0564
[2026-06-01 22:02:50] INFO epoch 48 it 500/1704 loss 0.0595
[2026-06-01 22:02:51] INFO epoch 48 it 550/1704 loss 0.0558
[2026-06-01 22:02:51] INFO epoch 48 it 600/1704 loss 0.0543
[2026-06-01 22:02:52] INFO epoch 48 it 650/1704 loss 0.0590
[2026-06-01 22:02:52] INFO epoch 48 it 700/1704 loss 0.0566
[2026-06-01 22:02:53] INFO epoch 48 it 750/1704 loss 0.0581
[2026-06-01 22:02:53] INFO epoch 48 it 800/1704 loss 0.0570
[2026-06-01 22:02:53] INFO epoch 48 it 850/1704 loss 0.0584
[2026-06-01 22:02:54] INFO epoch 48 it 900/1704 loss 0.0569
[2026-06-01 22:02:54] INFO epoch 48 it 950/1704 loss 0.0566
[2026-06-01 22:02:55] INFO epoch 48 it 1000/1704 loss 0.0559
[2026-06-01 22:02:55] INFO epoch 48 it 1050/1704 loss 0.0569
[2026-06-01 22:02:56] INFO epoch 48 it 1100/1704 loss 0.0558
[2026-06-01 22:02:56] INFO epoch 48 it 1150/1704 loss 0.0578
[2026-06-01 22:02:57] INFO epoch 48 it 1200/1704 loss 0.0568
[2026-06-01 22:02:57] INFO epoch 48 it 1250/1704 loss 0.0567
[2026-06-01 22:02:58] INFO epoch 48 it 1300/1704 loss 0.0581
[2026-06-01 22:02:58] INFO epoch 48 it 1350/1704 loss 0.0557
[2026-06-01 22:02:59] INFO epoch 48 it 1400/1704 loss 0.0566
[2026-06-01 22:02:59] INFO epoch 48 it 1450/1704 loss 0.0561
[2026-06-01 22:03:00] INFO epoch 48 it 1500/1704 loss 0.0581
[2026-06-01 22:03:00] INFO epoch 48 it 1550/1704 loss 0.0581
[2026-06-01 22:03:00] INFO epoch 48 it 1600/1704 loss 0.0574
[2026-06-01 22:03:01] INFO epoch 48 it 1650/1704 loss 0.0558
[2026-06-01 22:03:01] INFO epoch 48 it 1700/1704 loss 0.0602
[2026-06-01 22:03:03] INFO epoch 48 done in 64.7s lr=5.16e-06 avg_train_loss=0.0571
[2026-06-01 22:03:47] INFO epoch 48 val MAE(HU): 66.77
[2026-06-01 22:03:47] INFO new best MAE: 66.77 ¡æ saved best.pth
[2026-06-01 22:04:34] INFO epoch 49 it 50/1704 loss 0.0582
[2026-06-01 22:04:35] INFO epoch 49 it 100/1704 loss 0.0554
[2026-06-01 22:04:35] INFO epoch 49 it 150/1704 loss 0.0561
[2026-06-01 22:04:36] INFO epoch 49 it 200/1704 loss 0.0582
[2026-06-01 22:04:36] INFO epoch 49 it 250/1704 loss 0.0607
[2026-06-01 22:04:37] INFO epoch 49 it 300/1704 loss 0.0562
[2026-06-01 22:04:37] INFO epoch 49 it 350/1704 loss 0.0586
[2026-06-01 22:04:38] INFO epoch 49 it 400/1704 loss 0.0556
[2026-06-01 22:04:38] INFO epoch 49 it 450/1704 loss 0.0562
[2026-06-01 22:04:39] INFO epoch 49 it 500/1704 loss 0.0566
[2026-06-01 22:04:39] INFO epoch 49 it 550/1704 loss 0.0575
[2026-06-01 22:04:40] INFO epoch 49 it 600/1704 loss 0.0566
[2026-06-01 22:04:40] INFO epoch 49 it 650/1704 loss 0.0564
[2026-06-01 22:04:40] INFO epoch 49 it 700/1704 loss 0.0571
[2026-06-01 22:04:41] INFO epoch 49 it 750/1704 loss 0.0545
[2026-06-01 22:04:41] INFO epoch 49 it 800/1704 loss 0.0587
[2026-06-01 22:04:42] INFO epoch 49 it 850/1704 loss 0.0562
[2026-06-01 22:04:42] INFO epoch 49 it 900/1704 loss 0.0569
[2026-06-01 22:04:43] INFO epoch 49 it 950/1704 loss 0.0562
[2026-06-01 22:04:43] INFO epoch 49 it 1000/1704 loss 0.0572
[2026-06-01 22:04:44] INFO epoch 49 it 1050/1704 loss 0.0591
[2026-06-01 22:04:44] INFO epoch 49 it 1100/1704 loss 0.0558
[2026-06-01 22:04:45] INFO epoch 49 it 1150/1704 loss 0.0569
[2026-06-01 22:04:45] INFO epoch 49 it 1200/1704 loss 0.0570
[2026-06-01 22:04:46] INFO epoch 49 it 1250/1704 loss 0.0571
[2026-06-01 22:04:46] INFO epoch 49 it 1300/1704 loss 0.0552
[2026-06-01 22:04:47] INFO epoch 49 it 1350/1704 loss 0.0578
[2026-06-01 22:04:47] INFO epoch 49 it 1400/1704 loss 0.0553
[2026-06-01 22:04:47] INFO epoch 49 it 1450/1704 loss 0.0562
[2026-06-01 22:04:48] INFO epoch 49 it 1500/1704 loss 0.0589
[2026-06-01 22:04:48] INFO epoch 49 it 1550/1704 loss 0.0585
[2026-06-01 22:04:49] INFO epoch 49 it 1600/1704 loss 0.0569
[2026-06-01 22:04:49] INFO epoch 49 it 1650/1704 loss 0.0565
[2026-06-01 22:04:50] INFO epoch 49 it 1700/1704 loss 0.0566
[2026-06-01 22:04:51] INFO epoch 49 done in 64.2s lr=5.00e-06 avg_train_loss=0.0570
[2026-06-01 22:05:37] INFO epoch 49 val MAE(HU): 66.58
[2026-06-01 22:05:37] INFO new best MAE: 66.58 ¡æ saved best.pth
[2026-06-01 22:05:37] INFO saved periodic snapshot: checkpoint_epoch_0050.pth
[2026-06-01 22:06:25] INFO epoch 50 it 50/1704 loss 0.0578
[2026-06-01 22:06:25] INFO epoch 50 it 100/1704 loss 0.0559
[2026-06-01 22:06:26] INFO epoch 50 it 150/1704 loss 0.0565
[2026-06-01 22:06:26] INFO epoch 50 it 200/1704 loss 0.0549
[2026-06-01 22:06:27] INFO epoch 50 it 250/1704 loss 0.0565
[2026-06-01 22:06:27] INFO epoch 50 it 300/1704 loss 0.0561
[2026-06-01 22:06:27] INFO epoch 50 it 350/1704 loss 0.0554
[2026-06-01 22:06:28] INFO epoch 50 it 400/1704 loss 0.0565
[2026-06-01 22:06:28] INFO epoch 50 it 450/1704 loss 0.0581
[2026-06-01 22:06:29] INFO epoch 50 it 500/1704 loss 0.0590
[2026-06-01 22:06:29] INFO epoch 50 it 550/1704 loss 0.0564
[2026-06-01 22:06:30] INFO epoch 50 it 600/1704 loss 0.0559
[2026-06-01 22:06:30] INFO epoch 50 it 650/1704 loss 0.0573
[2026-06-01 22:06:31] INFO epoch 50 it 700/1704 loss 0.0561
[2026-06-01 22:06:31] INFO epoch 50 it 750/1704 loss 0.0561
[2026-06-01 22:06:32] INFO epoch 50 it 800/1704 loss 0.0599
[2026-06-01 22:06:32] INFO epoch 50 it 850/1704 loss 0.0582
[2026-06-01 22:06:33] INFO epoch 50 it 900/1704 loss 0.0552
[2026-06-01 22:06:33] INFO epoch 50 it 950/1704 loss 0.0574
[2026-06-01 22:06:34] INFO epoch 50 it 1000/1704 loss 0.0572
[2026-06-01 22:06:34] INFO epoch 50 it 1050/1704 loss 0.0564
[2026-06-01 22:06:34] INFO epoch 50 it 1100/1704 loss 0.0567
[2026-06-01 22:06:35] INFO epoch 50 it 1150/1704 loss 0.0577
[2026-06-01 22:06:35] INFO epoch 50 it 1200/1704 loss 0.0564
[2026-06-01 22:06:36] INFO epoch 50 it 1250/1704 loss 0.0579
[2026-06-01 22:06:36] INFO epoch 50 it 1300/1704 loss 0.0574
[2026-06-01 22:06:37] INFO epoch 50 it 1350/1704 loss 0.0559
[2026-06-01 22:06:37] INFO epoch 50 it 1400/1704 loss 0.0566
[2026-06-01 22:06:38] INFO epoch 50 it 1450/1704 loss 0.0575
[2026-06-01 22:06:38] INFO epoch 50 it 1500/1704 loss 0.0569
[2026-06-01 22:06:39] INFO epoch 50 it 1550/1704 loss 0.0584
[2026-06-01 22:06:39] INFO epoch 50 it 1600/1704 loss 0.0549
[2026-06-01 22:06:40] INFO epoch 50 it 1650/1704 loss 0.0579
[2026-06-01 22:06:40] INFO epoch 50 it 1700/1704 loss 0.0555
[2026-06-01 22:06:42] INFO epoch 50 done in 64.7s lr=4.84e-06 avg_train_loss=0.0568
[2026-06-01 22:07:26] INFO epoch 50 val MAE(HU): 66.38
[2026-06-01 22:07:26] INFO new best MAE: 66.38 ¡æ saved best.pth
[2026-06-01 22:08:13] INFO epoch 51 it 50/1704 loss 0.0568
[2026-06-01 22:08:14] INFO epoch 51 it 100/1704 loss 0.0572
[2026-06-01 22:08:14] INFO epoch 51 it 150/1704 loss 0.0583
[2026-06-01 22:08:15] INFO epoch 51 it 200/1704 loss 0.0573
[2026-06-01 22:08:15] INFO epoch 51 it 250/1704 loss 0.0581
[2026-06-01 22:08:16] INFO epoch 51 it 300/1704 loss 0.0549
[2026-06-01 22:08:16] INFO epoch 51 it 350/1704 loss 0.0551
[2026-06-01 22:08:17] INFO epoch 51 it 400/1704 loss 0.0563
[2026-06-01 22:08:17] INFO epoch 51 it 450/1704 loss 0.0586
[2026-06-01 22:08:18] INFO epoch 51 it 500/1704 loss 0.0570
[2026-06-01 22:08:18] INFO epoch 51 it 550/1704 loss 0.0550
[2026-06-01 22:08:19] INFO epoch 51 it 600/1704 loss 0.0560
[2026-06-01 22:08:19] INFO epoch 51 it 650/1704 loss 0.0552
[2026-06-01 22:08:19] INFO epoch 51 it 700/1704 loss 0.0577
[2026-06-01 22:08:20] INFO epoch 51 it 750/1704 loss 0.0565
[2026-06-01 22:08:20] INFO epoch 51 it 800/1704 loss 0.0568
[2026-06-01 22:08:21] INFO epoch 51 it 850/1704 loss 0.0570
[2026-06-01 22:08:21] INFO epoch 51 it 900/1704 loss 0.0561
[2026-06-01 22:08:22] INFO epoch 51 it 950/1704 loss 0.0572
[2026-06-01 22:08:22] INFO epoch 51 it 1000/1704 loss 0.0582
[2026-06-01 22:08:23] INFO epoch 51 it 1050/1704 loss 0.0554
[2026-06-01 22:08:23] INFO epoch 51 it 1100/1704 loss 0.0580
[2026-06-01 22:08:24] INFO epoch 51 it 1150/1704 loss 0.0555
[2026-06-01 22:08:24] INFO epoch 51 it 1200/1704 loss 0.0543
[2026-06-01 22:08:25] INFO epoch 51 it 1250/1704 loss 0.0543
[2026-06-01 22:08:25] INFO epoch 51 it 1300/1704 loss 0.0593
[2026-06-01 22:08:26] INFO epoch 51 it 1350/1704 loss 0.0572
[2026-06-01 22:08:26] INFO epoch 51 it 1400/1704 loss 0.0541
[2026-06-01 22:08:27] INFO epoch 51 it 1450/1704 loss 0.0573
[2026-06-01 22:08:27] INFO epoch 51 it 1500/1704 loss 0.0595
[2026-06-01 22:08:28] INFO epoch 51 it 1550/1704 loss 0.0574
[2026-06-01 22:08:28] INFO epoch 51 it 1600/1704 loss 0.0562
[2026-06-01 22:08:28] INFO epoch 51 it 1650/1704 loss 0.0578
[2026-06-01 22:08:29] INFO epoch 51 it 1700/1704 loss 0.0554
[2026-06-01 22:08:31] INFO epoch 51 done in 64.1s lr=4.69e-06 avg_train_loss=0.0567
[2026-06-01 22:09:14] INFO epoch 51 val MAE(HU): 66.33
[2026-06-01 22:09:15] INFO new best MAE: 66.33 ¡æ saved best.pth
[2026-06-01 22:10:01] INFO epoch 52 it 50/1704 loss 0.0576
[2026-06-01 22:10:02] INFO epoch 52 it 100/1704 loss 0.0561
[2026-06-01 22:10:02] INFO epoch 52 it 150/1704 loss 0.0587
[2026-06-01 22:10:02] INFO epoch 52 it 200/1704 loss 0.0585
[2026-06-01 22:10:03] INFO epoch 52 it 250/1704 loss 0.0588
[2026-06-01 22:10:03] INFO epoch 52 it 300/1704 loss 0.0559
[2026-06-01 22:10:04] INFO epoch 52 it 350/1704 loss 0.0552
[2026-06-01 22:10:04] INFO epoch 52 it 400/1704 loss 0.0579
[2026-06-01 22:10:05] INFO epoch 52 it 450/1704 loss 0.0590
[2026-06-01 22:10:05] INFO epoch 52 it 500/1704 loss 0.0565
[2026-06-01 22:10:06] INFO epoch 52 it 550/1704 loss 0.0556
[2026-06-01 22:10:06] INFO epoch 52 it 600/1704 loss 0.0565
[2026-06-01 22:10:07] INFO epoch 52 it 650/1704 loss 0.0556
[2026-06-01 22:10:07] INFO epoch 52 it 700/1704 loss 0.0556
[2026-06-01 22:10:08] INFO epoch 52 it 750/1704 loss 0.0582
[2026-06-01 22:10:08] INFO epoch 52 it 800/1704 loss 0.0575
[2026-06-01 22:10:08] INFO epoch 52 it 850/1704 loss 0.0579
[2026-06-01 22:10:09] INFO epoch 52 it 900/1704 loss 0.0567
[2026-06-01 22:10:09] INFO epoch 52 it 950/1704 loss 0.0548
[2026-06-01 22:10:10] INFO epoch 52 it 1000/1704 loss 0.0537
[2026-06-01 22:10:10] INFO epoch 52 it 1050/1704 loss 0.0538
[2026-06-01 22:10:11] INFO epoch 52 it 1100/1704 loss 0.0541
[2026-06-01 22:10:11] INFO epoch 52 it 1150/1704 loss 0.0579
[2026-06-01 22:10:12] INFO epoch 52 it 1200/1704 loss 0.0551
[2026-06-01 22:10:12] INFO epoch 52 it 1250/1704 loss 0.0561
[2026-06-01 22:10:13] INFO epoch 52 it 1300/1704 loss 0.0555
[2026-06-01 22:10:13] INFO epoch 52 it 1350/1704 loss 0.0580
[2026-06-01 22:10:14] INFO epoch 52 it 1400/1704 loss 0.0574
[2026-06-01 22:10:14] INFO epoch 52 it 1450/1704 loss 0.0557
[2026-06-01 22:10:14] INFO epoch 52 it 1500/1704 loss 0.0568
[2026-06-01 22:10:15] INFO epoch 52 it 1550/1704 loss 0.0565
[2026-06-01 22:10:15] INFO epoch 52 it 1600/1704 loss 0.0553
[2026-06-01 22:10:16] INFO epoch 52 it 1650/1704 loss 0.0574
[2026-06-01 22:10:16] INFO epoch 52 it 1700/1704 loss 0.0558
[2026-06-01 22:10:18] INFO epoch 52 done in 62.9s lr=4.53e-06 avg_train_loss=0.0565
[2026-06-01 22:11:01] INFO epoch 52 val MAE(HU): 66.03
[2026-06-01 22:11:01] INFO new best MAE: 66.03 ¡æ saved best.pth
[2026-06-01 22:11:48] INFO epoch 53 it 50/1704 loss 0.0577
[2026-06-01 22:11:48] INFO epoch 53 it 100/1704 loss 0.0565
[2026-06-01 22:11:49] INFO epoch 53 it 150/1704 loss 0.0608
[2026-06-01 22:11:49] INFO epoch 53 it 200/1704 loss 0.0595
[2026-06-01 22:11:50] INFO epoch 53 it 250/1704 loss 0.0548
[2026-06-01 22:11:50] INFO epoch 53 it 300/1704 loss 0.0572
[2026-06-01 22:11:51] INFO epoch 53 it 350/1704 loss 0.0561
[2026-06-01 22:11:51] INFO epoch 53 it 400/1704 loss 0.0571
[2026-06-01 22:11:52] INFO epoch 53 it 450/1704 loss 0.0564
[2026-06-01 22:11:52] INFO epoch 53 it 500/1704 loss 0.0570
[2026-06-01 22:11:53] INFO epoch 53 it 550/1704 loss 0.0574
[2026-06-01 22:11:53] INFO epoch 53 it 600/1704 loss 0.0572
[2026-06-01 22:11:54] INFO epoch 53 it 650/1704 loss 0.0575
[2026-06-01 22:11:54] INFO epoch 53 it 700/1704 loss 0.0594
[2026-06-01 22:11:54] INFO epoch 53 it 750/1704 loss 0.0558
[2026-06-01 22:11:55] INFO epoch 53 it 800/1704 loss 0.0542
[2026-06-01 22:11:55] INFO epoch 53 it 850/1704 loss 0.0567
[2026-06-01 22:11:56] INFO epoch 53 it 900/1704 loss 0.0558
[2026-06-01 22:11:56] INFO epoch 53 it 950/1704 loss 0.0564
[2026-06-01 22:11:57] INFO epoch 53 it 1000/1704 loss 0.0550
[2026-06-01 22:11:57] INFO epoch 53 it 1050/1704 loss 0.0549
[2026-06-01 22:11:58] INFO epoch 53 it 1100/1704 loss 0.0571
[2026-06-01 22:11:58] INFO epoch 53 it 1150/1704 loss 0.0562
[2026-06-01 22:11:59] INFO epoch 53 it 1200/1704 loss 0.0545
[2026-06-01 22:11:59] INFO epoch 53 it 1250/1704 loss 0.0558
[2026-06-01 22:12:00] INFO epoch 53 it 1300/1704 loss 0.0553
[2026-06-01 22:12:00] INFO epoch 53 it 1350/1704 loss 0.0578
[2026-06-01 22:12:00] INFO epoch 53 it 1400/1704 loss 0.0546
[2026-06-01 22:12:01] INFO epoch 53 it 1450/1704 loss 0.0559
[2026-06-01 22:12:01] INFO epoch 53 it 1500/1704 loss 0.0545
[2026-06-01 22:12:02] INFO epoch 53 it 1550/1704 loss 0.0556
[2026-06-01 22:12:02] INFO epoch 53 it 1600/1704 loss 0.0558
[2026-06-01 22:12:03] INFO epoch 53 it 1650/1704 loss 0.0557
[2026-06-01 22:12:03] INFO epoch 53 it 1700/1704 loss 0.0563
[2026-06-01 22:12:05] INFO epoch 53 done in 63.1s lr=4.37e-06 avg_train_loss=0.0564
[2026-06-01 22:12:48] INFO epoch 53 val MAE(HU): 65.89
[2026-06-01 22:12:48] INFO new best MAE: 65.89 ¡æ saved best.pth
[2026-06-01 22:13:36] INFO epoch 54 it 50/1704 loss 0.0568
[2026-06-01 22:13:36] INFO epoch 54 it 100/1704 loss 0.0559
[2026-06-01 22:13:37] INFO epoch 54 it 150/1704 loss 0.0571
[2026-06-01 22:13:37] INFO epoch 54 it 200/1704 loss 0.0568
[2026-06-01 22:13:37] INFO epoch 54 it 250/1704 loss 0.0562
[2026-06-01 22:13:38] INFO epoch 54 it 300/1704 loss 0.0556
[2026-06-01 22:13:38] INFO epoch 54 it 350/1704 loss 0.0576
[2026-06-01 22:13:39] INFO epoch 54 it 400/1704 loss 0.0599
[2026-06-01 22:13:39] INFO epoch 54 it 450/1704 loss 0.0548
[2026-06-01 22:13:40] INFO epoch 54 it 500/1704 loss 0.0539
[2026-06-01 22:13:40] INFO epoch 54 it 550/1704 loss 0.0570
[2026-06-01 22:13:41] INFO epoch 54 it 600/1704 loss 0.0563
[2026-06-01 22:13:41] INFO epoch 54 it 650/1704 loss 0.0560
[2026-06-01 22:13:42] INFO epoch 54 it 700/1704 loss 0.0554
[2026-06-01 22:13:42] INFO epoch 54 it 750/1704 loss 0.0564
[2026-06-01 22:13:43] INFO epoch 54 it 800/1704 loss 0.0567
[2026-06-01 22:13:43] INFO epoch 54 it 850/1704 loss 0.0560
[2026-06-01 22:13:43] INFO epoch 54 it 900/1704 loss 0.0550
[2026-06-01 22:13:44] INFO epoch 54 it 950/1704 loss 0.0568
[2026-06-01 22:13:44] INFO epoch 54 it 1000/1704 loss 0.0569
[2026-06-01 22:13:45] INFO epoch 54 it 1050/1704 loss 0.0544
[2026-06-01 22:13:45] INFO epoch 54 it 1100/1704 loss 0.0561
[2026-06-01 22:13:46] INFO epoch 54 it 1150/1704 loss 0.0569
[2026-06-01 22:13:46] INFO epoch 54 it 1200/1704 loss 0.0565
[2026-06-01 22:13:47] INFO epoch 54 it 1250/1704 loss 0.0540
[2026-06-01 22:13:47] INFO epoch 54 it 1300/1704 loss 0.0580
[2026-06-01 22:13:48] INFO epoch 54 it 1350/1704 loss 0.0590
[2026-06-01 22:13:48] INFO epoch 54 it 1400/1704 loss 0.0558
[2026-06-01 22:13:49] INFO epoch 54 it 1450/1704 loss 0.0578
[2026-06-01 22:13:49] INFO epoch 54 it 1500/1704 loss 0.0549
[2026-06-01 22:13:50] INFO epoch 54 it 1550/1704 loss 0.0545
[2026-06-01 22:13:50] INFO epoch 54 it 1600/1704 loss 0.0557
[2026-06-01 22:13:50] INFO epoch 54 it 1650/1704 loss 0.0561
[2026-06-01 22:13:51] INFO epoch 54 it 1700/1704 loss 0.0580
[2026-06-01 22:13:52] INFO epoch 54 done in 63.8s lr=4.22e-06 avg_train_loss=0.0563
[2026-06-01 22:14:36] INFO epoch 54 val MAE(HU): 65.68
[2026-06-01 22:14:36] INFO new best MAE: 65.68 ¡æ saved best.pth
[2026-06-01 22:15:23] INFO epoch 55 it 50/1704 loss 0.0586
[2026-06-01 22:15:24] INFO epoch 55 it 100/1704 loss 0.0578
[2026-06-01 22:15:24] INFO epoch 55 it 150/1704 loss 0.0539
[2026-06-01 22:15:25] INFO epoch 55 it 200/1704 loss 0.0585
[2026-06-01 22:15:25] INFO epoch 55 it 250/1704 loss 0.0567
[2026-06-01 22:15:26] INFO epoch 55 it 300/1704 loss 0.0537
[2026-06-01 22:15:26] INFO epoch 55 it 350/1704 loss 0.0551
[2026-06-01 22:15:27] INFO epoch 55 it 400/1704 loss 0.0564
[2026-06-01 22:15:27] INFO epoch 55 it 450/1704 loss 0.0571
[2026-06-01 22:15:27] INFO epoch 55 it 500/1704 loss 0.0553
[2026-06-01 22:15:28] INFO epoch 55 it 550/1704 loss 0.0566
[2026-06-01 22:15:28] INFO epoch 55 it 600/1704 loss 0.0562
[2026-06-01 22:15:29] INFO epoch 55 it 650/1704 loss 0.0539
[2026-06-01 22:15:29] INFO epoch 55 it 700/1704 loss 0.0566
[2026-06-01 22:15:30] INFO epoch 55 it 750/1704 loss 0.0586
[2026-06-01 22:15:30] INFO epoch 55 it 800/1704 loss 0.0548
[2026-06-01 22:15:31] INFO epoch 55 it 850/1704 loss 0.0564
[2026-06-01 22:15:31] INFO epoch 55 it 900/1704 loss 0.0569
[2026-06-01 22:15:32] INFO epoch 55 it 950/1704 loss 0.0559
[2026-06-01 22:15:32] INFO epoch 55 it 1000/1704 loss 0.0559
[2026-06-01 22:15:33] INFO epoch 55 it 1050/1704 loss 0.0566
[2026-06-01 22:15:33] INFO epoch 55 it 1100/1704 loss 0.0560
[2026-06-01 22:15:33] INFO epoch 55 it 1150/1704 loss 0.0563
[2026-06-01 22:15:34] INFO epoch 55 it 1200/1704 loss 0.0564
[2026-06-01 22:15:34] INFO epoch 55 it 1250/1704 loss 0.0566
[2026-06-01 22:15:35] INFO epoch 55 it 1300/1704 loss 0.0560
[2026-06-01 22:15:35] INFO epoch 55 it 1350/1704 loss 0.0549
[2026-06-01 22:15:36] INFO epoch 55 it 1400/1704 loss 0.0564
[2026-06-01 22:15:36] INFO epoch 55 it 1450/1704 loss 0.0552
[2026-06-01 22:15:37] INFO epoch 55 it 1500/1704 loss 0.0580
[2026-06-01 22:15:37] INFO epoch 55 it 1550/1704 loss 0.0551
[2026-06-01 22:15:38] INFO epoch 55 it 1600/1704 loss 0.0568
[2026-06-01 22:15:38] INFO epoch 55 it 1650/1704 loss 0.0558
[2026-06-01 22:15:39] INFO epoch 55 it 1700/1704 loss 0.0580
[2026-06-01 22:15:40] INFO epoch 55 done in 63.5s lr=4.06e-06 avg_train_loss=0.0563
[2026-06-01 22:16:24] INFO epoch 55 val MAE(HU): 65.53
[2026-06-01 22:16:24] INFO new best MAE: 65.53 ¡æ saved best.pth
[2026-06-01 22:17:11] INFO epoch 56 it 50/1704 loss 0.0561
[2026-06-01 22:17:11] INFO epoch 56 it 100/1704 loss 0.0592
[2026-06-01 22:17:12] INFO epoch 56 it 150/1704 loss 0.0578
[2026-06-01 22:17:12] INFO epoch 56 it 200/1704 loss 0.0575
[2026-06-01 22:17:13] INFO epoch 56 it 250/1704 loss 0.0570
[2026-06-01 22:17:13] INFO epoch 56 it 300/1704 loss 0.0609
[2026-06-01 22:17:14] INFO epoch 56 it 350/1704 loss 0.0558
[2026-06-01 22:17:14] INFO epoch 56 it 400/1704 loss 0.0563
[2026-06-01 22:17:15] INFO epoch 56 it 450/1704 loss 0.0565
[2026-06-01 22:17:15] INFO epoch 56 it 500/1704 loss 0.0545
[2026-06-01 22:17:16] INFO epoch 56 it 550/1704 loss 0.0571
[2026-06-01 22:17:16] INFO epoch 56 it 600/1704 loss 0.0567
[2026-06-01 22:17:16] INFO epoch 56 it 650/1704 loss 0.0564
[2026-06-01 22:17:17] INFO epoch 56 it 700/1704 loss 0.0551
[2026-06-01 22:17:17] INFO epoch 56 it 750/1704 loss 0.0552
[2026-06-01 22:17:18] INFO epoch 56 it 800/1704 loss 0.0548
[2026-06-01 22:17:18] INFO epoch 56 it 850/1704 loss 0.0552
[2026-06-01 22:17:19] INFO epoch 56 it 900/1704 loss 0.0540
[2026-06-01 22:17:19] INFO epoch 56 it 950/1704 loss 0.0548
[2026-06-01 22:17:20] INFO epoch 56 it 1000/1704 loss 0.0562
[2026-06-01 22:17:20] INFO epoch 56 it 1050/1704 loss 0.0582
[2026-06-01 22:17:21] INFO epoch 56 it 1100/1704 loss 0.0560
[2026-06-01 22:17:21] INFO epoch 56 it 1150/1704 loss 0.0555
[2026-06-01 22:17:22] INFO epoch 56 it 1200/1704 loss 0.0566
[2026-06-01 22:17:22] INFO epoch 56 it 1250/1704 loss 0.0566
[2026-06-01 22:17:23] INFO epoch 56 it 1300/1704 loss 0.0559
[2026-06-01 22:17:23] INFO epoch 56 it 1350/1704 loss 0.0552
[2026-06-01 22:17:24] INFO epoch 56 it 1400/1704 loss 0.0545
[2026-06-01 22:17:24] INFO epoch 56 it 1450/1704 loss 0.0552
[2026-06-01 22:17:24] INFO epoch 56 it 1500/1704 loss 0.0562
[2026-06-01 22:17:25] INFO epoch 56 it 1550/1704 loss 0.0560
[2026-06-01 22:17:25] INFO epoch 56 it 1600/1704 loss 0.0547
[2026-06-01 22:17:26] INFO epoch 56 it 1650/1704 loss 0.0540
[2026-06-01 22:17:26] INFO epoch 56 it 1700/1704 loss 0.0577
[2026-06-01 22:17:28] INFO epoch 56 done in 63.4s lr=3.91e-06 avg_train_loss=0.0561
[2026-06-01 22:18:13] INFO epoch 56 val MAE(HU): 65.27
[2026-06-01 22:18:13] INFO new best MAE: 65.27 ¡æ saved best.pth
[2026-06-01 22:19:02] INFO epoch 57 it 50/1704 loss 0.0567
[2026-06-01 22:19:02] INFO epoch 57 it 100/1704 loss 0.0581
[2026-06-01 22:19:02] INFO epoch 57 it 150/1704 loss 0.0538
[2026-06-01 22:19:03] INFO epoch 57 it 200/1704 loss 0.0551
[2026-06-01 22:19:03] INFO epoch 57 it 250/1704 loss 0.0550
[2026-06-01 22:19:04] INFO epoch 57 it 300/1704 loss 0.0538
[2026-06-01 22:19:04] INFO epoch 57 it 350/1704 loss 0.0569
[2026-06-01 22:19:05] INFO epoch 57 it 400/1704 loss 0.0567
[2026-06-01 22:19:05] INFO epoch 57 it 450/1704 loss 0.0577
[2026-06-01 22:19:06] INFO epoch 57 it 500/1704 loss 0.0552
[2026-06-01 22:19:06] INFO epoch 57 it 550/1704 loss 0.0590
[2026-06-01 22:19:07] INFO epoch 57 it 600/1704 loss 0.0565
[2026-06-01 22:19:07] INFO epoch 57 it 650/1704 loss 0.0583
[2026-06-01 22:19:08] INFO epoch 57 it 700/1704 loss 0.0563
[2026-06-01 22:19:08] INFO epoch 57 it 750/1704 loss 0.0569
[2026-06-01 22:19:09] INFO epoch 57 it 800/1704 loss 0.0544
[2026-06-01 22:19:09] INFO epoch 57 it 850/1704 loss 0.0541
[2026-06-01 22:19:10] INFO epoch 57 it 900/1704 loss 0.0537
[2026-06-01 22:19:10] INFO epoch 57 it 950/1704 loss 0.0526
[2026-06-01 22:19:10] INFO epoch 57 it 1000/1704 loss 0.0545
[2026-06-01 22:19:11] INFO epoch 57 it 1050/1704 loss 0.0574
[2026-06-01 22:19:11] INFO epoch 57 it 1100/1704 loss 0.0576
[2026-06-01 22:19:12] INFO epoch 57 it 1150/1704 loss 0.0576
[2026-06-01 22:19:12] INFO epoch 57 it 1200/1704 loss 0.0558
[2026-06-01 22:19:13] INFO epoch 57 it 1250/1704 loss 0.0556
[2026-06-01 22:19:13] INFO epoch 57 it 1300/1704 loss 0.0542
[2026-06-01 22:19:14] INFO epoch 57 it 1350/1704 loss 0.0545
[2026-06-01 22:19:14] INFO epoch 57 it 1400/1704 loss 0.0549
[2026-06-01 22:19:15] INFO epoch 57 it 1450/1704 loss 0.0563
[2026-06-01 22:19:15] INFO epoch 57 it 1500/1704 loss 0.0554
[2026-06-01 22:19:16] INFO epoch 57 it 1550/1704 loss 0.0550
[2026-06-01 22:19:16] INFO epoch 57 it 1600/1704 loss 0.0563
[2026-06-01 22:19:17] INFO epoch 57 it 1650/1704 loss 0.0580
[2026-06-01 22:19:17] INFO epoch 57 it 1700/1704 loss 0.0558
[2026-06-01 22:19:19] INFO epoch 57 done in 65.6s lr=3.76e-06 avg_train_loss=0.0559
[2026-06-01 22:20:02] INFO epoch 57 val MAE(HU): 65.10
[2026-06-01 22:20:03] INFO new best MAE: 65.10 ¡æ saved best.pth
[2026-06-01 22:20:50] INFO epoch 58 it 50/1704 loss 0.0555
[2026-06-01 22:20:51] INFO epoch 58 it 100/1704 loss 0.0567
[2026-06-01 22:20:51] INFO epoch 58 it 150/1704 loss 0.0554
[2026-06-01 22:20:52] INFO epoch 58 it 200/1704 loss 0.0582
[2026-06-01 22:20:52] INFO epoch 58 it 250/1704 loss 0.0554
[2026-06-01 22:20:52] INFO epoch 58 it 300/1704 loss 0.0565
[2026-06-01 22:20:53] INFO epoch 58 it 350/1704 loss 0.0565
[2026-06-01 22:20:53] INFO epoch 58 it 400/1704 loss 0.0557
[2026-06-01 22:20:54] INFO epoch 58 it 450/1704 loss 0.0545
[2026-06-01 22:20:54] INFO epoch 58 it 500/1704 loss 0.0522
[2026-06-01 22:20:55] INFO epoch 58 it 550/1704 loss 0.0547
[2026-06-01 22:20:55] INFO epoch 58 it 600/1704 loss 0.0548
[2026-06-01 22:20:56] INFO epoch 58 it 650/1704 loss 0.0554
[2026-06-01 22:20:56] INFO epoch 58 it 700/1704 loss 0.0558
[2026-06-01 22:20:57] INFO epoch 58 it 750/1704 loss 0.0555
[2026-06-01 22:20:57] INFO epoch 58 it 800/1704 loss 0.0565
[2026-06-01 22:20:58] INFO epoch 58 it 850/1704 loss 0.0550
[2026-06-01 22:20:58] INFO epoch 58 it 900/1704 loss 0.0566
[2026-06-01 22:20:58] INFO epoch 58 it 950/1704 loss 0.0543
[2026-06-01 22:20:59] INFO epoch 58 it 1000/1704 loss 0.0560
[2026-06-01 22:20:59] INFO epoch 58 it 1050/1704 loss 0.0553
[2026-06-01 22:21:00] INFO epoch 58 it 1100/1704 loss 0.0556
[2026-06-01 22:21:00] INFO epoch 58 it 1150/1704 loss 0.0573
[2026-06-01 22:21:01] INFO epoch 58 it 1200/1704 loss 0.0567
[2026-06-01 22:21:01] INFO epoch 58 it 1250/1704 loss 0.0577
[2026-06-01 22:21:02] INFO epoch 58 it 1300/1704 loss 0.0557
[2026-06-01 22:21:02] INFO epoch 58 it 1350/1704 loss 0.0569
[2026-06-01 22:21:03] INFO epoch 58 it 1400/1704 loss 0.0576
[2026-06-01 22:21:03] INFO epoch 58 it 1450/1704 loss 0.0572
[2026-06-01 22:21:04] INFO epoch 58 it 1500/1704 loss 0.0559
[2026-06-01 22:21:04] INFO epoch 58 it 1550/1704 loss 0.0545
[2026-06-01 22:21:05] INFO epoch 58 it 1600/1704 loss 0.0555
[2026-06-01 22:21:05] INFO epoch 58 it 1650/1704 loss 0.0546
[2026-06-01 22:21:06] INFO epoch 58 it 1700/1704 loss 0.0570
[2026-06-01 22:21:07] INFO epoch 58 done in 64.4s lr=3.61e-06 avg_train_loss=0.0558
[2026-06-01 22:21:51] INFO epoch 58 val MAE(HU): 64.99
[2026-06-01 22:21:51] INFO new best MAE: 64.99 ¡æ saved best.pth
[2026-06-01 22:22:38] INFO epoch 59 it 50/1704 loss 0.0562
[2026-06-01 22:22:39] INFO epoch 59 it 100/1704 loss 0.0558
[2026-06-01 22:22:39] INFO epoch 59 it 150/1704 loss 0.0552
[2026-06-01 22:22:39] INFO epoch 59 it 200/1704 loss 0.0562
[2026-06-01 22:22:40] INFO epoch 59 it 250/1704 loss 0.0551
[2026-06-01 22:22:41] INFO epoch 59 it 300/1704 loss 0.0543
[2026-06-01 22:22:41] INFO epoch 59 it 350/1704 loss 0.0550
[2026-06-01 22:22:41] INFO epoch 59 it 400/1704 loss 0.0552
[2026-06-01 22:22:42] INFO epoch 59 it 450/1704 loss 0.0545
[2026-06-01 22:22:42] INFO epoch 59 it 500/1704 loss 0.0577
[2026-06-01 22:22:43] INFO epoch 59 it 550/1704 loss 0.0555
[2026-06-01 22:22:43] INFO epoch 59 it 600/1704 loss 0.0558
[2026-06-01 22:22:44] INFO epoch 59 it 650/1704 loss 0.0569
[2026-06-01 22:22:44] INFO epoch 59 it 700/1704 loss 0.0556
[2026-06-01 22:22:45] INFO epoch 59 it 750/1704 loss 0.0566
[2026-06-01 22:22:45] INFO epoch 59 it 800/1704 loss 0.0555
[2026-06-01 22:22:46] INFO epoch 59 it 850/1704 loss 0.0557
[2026-06-01 22:22:46] INFO epoch 59 it 900/1704 loss 0.0564
[2026-06-01 22:22:47] INFO epoch 59 it 950/1704 loss 0.0548
[2026-06-01 22:22:47] INFO epoch 59 it 1000/1704 loss 0.0560
[2026-06-01 22:22:47] INFO epoch 59 it 1050/1704 loss 0.0564
[2026-06-01 22:22:48] INFO epoch 59 it 1100/1704 loss 0.0559
[2026-06-01 22:22:48] INFO epoch 59 it 1150/1704 loss 0.0546
[2026-06-01 22:22:49] INFO epoch 59 it 1200/1704 loss 0.0571
[2026-06-01 22:22:49] INFO epoch 59 it 1250/1704 loss 0.0538
[2026-06-01 22:22:50] INFO epoch 59 it 1300/1704 loss 0.0546
[2026-06-01 22:22:50] INFO epoch 59 it 1350/1704 loss 0.0555
[2026-06-01 22:22:51] INFO epoch 59 it 1400/1704 loss 0.0569
[2026-06-01 22:22:51] INFO epoch 59 it 1450/1704 loss 0.0559
[2026-06-01 22:22:51] INFO epoch 59 it 1500/1704 loss 0.0566
[2026-06-01 22:22:52] INFO epoch 59 it 1550/1704 loss 0.0563
[2026-06-01 22:22:52] INFO epoch 59 it 1600/1704 loss 0.0553
[2026-06-01 22:22:53] INFO epoch 59 it 1650/1704 loss 0.0549
[2026-06-01 22:22:53] INFO epoch 59 it 1700/1704 loss 0.0557
[2026-06-01 22:22:55] INFO epoch 59 done in 63.2s lr=3.45e-06 avg_train_loss=0.0557
[2026-06-01 22:23:38] INFO epoch 59 val MAE(HU): 64.75
[2026-06-01 22:23:38] INFO new best MAE: 64.75 ¡æ saved best.pth
[2026-06-01 22:24:26] INFO epoch 60 it 50/1704 loss 0.0562
[2026-06-01 22:24:26] INFO epoch 60 it 100/1704 loss 0.0541
[2026-06-01 22:24:27] INFO epoch 60 it 150/1704 loss 0.0567
[2026-06-01 22:24:27] INFO epoch 60 it 200/1704 loss 0.0533
[2026-06-01 22:24:28] INFO epoch 60 it 250/1704 loss 0.0552
[2026-06-01 22:24:28] INFO epoch 60 it 300/1704 loss 0.0559
[2026-06-01 22:24:29] INFO epoch 60 it 350/1704 loss 0.0551
[2026-06-01 22:24:29] INFO epoch 60 it 400/1704 loss 0.0592
[2026-06-01 22:24:30] INFO epoch 60 it 450/1704 loss 0.0577
[2026-06-01 22:24:30] INFO epoch 60 it 500/1704 loss 0.0550
[2026-06-01 22:24:30] INFO epoch 60 it 550/1704 loss 0.0568
[2026-06-01 22:24:31] INFO epoch 60 it 600/1704 loss 0.0560
[2026-06-01 22:24:31] INFO epoch 60 it 650/1704 loss 0.0546
[2026-06-01 22:24:32] INFO epoch 60 it 700/1704 loss 0.0567
[2026-06-01 22:24:32] INFO epoch 60 it 750/1704 loss 0.0547
[2026-06-01 22:24:33] INFO epoch 60 it 800/1704 loss 0.0546
[2026-06-01 22:24:33] INFO epoch 60 it 850/1704 loss 0.0583
[2026-06-01 22:24:34] INFO epoch 60 it 900/1704 loss 0.0556
[2026-06-01 22:24:34] INFO epoch 60 it 950/1704 loss 0.0550
[2026-06-01 22:24:35] INFO epoch 60 it 1000/1704 loss 0.0557
[2026-06-01 22:24:35] INFO epoch 60 it 1050/1704 loss 0.0537
[2026-06-01 22:24:35] INFO epoch 60 it 1100/1704 loss 0.0557
[2026-06-01 22:24:36] INFO epoch 60 it 1150/1704 loss 0.0539
[2026-06-01 22:24:36] INFO epoch 60 it 1200/1704 loss 0.0559
[2026-06-01 22:24:37] INFO epoch 60 it 1250/1704 loss 0.0544
[2026-06-01 22:24:37] INFO epoch 60 it 1300/1704 loss 0.0548
[2026-06-01 22:24:38] INFO epoch 60 it 1350/1704 loss 0.0563
[2026-06-01 22:24:38] INFO epoch 60 it 1400/1704 loss 0.0575
[2026-06-01 22:24:39] INFO epoch 60 it 1450/1704 loss 0.0533
[2026-06-01 22:24:39] INFO epoch 60 it 1500/1704 loss 0.0565
[2026-06-01 22:24:39] INFO epoch 60 it 1550/1704 loss 0.0540
[2026-06-01 22:24:40] INFO epoch 60 it 1600/1704 loss 0.0556
[2026-06-01 22:24:40] INFO epoch 60 it 1650/1704 loss 0.0562
[2026-06-01 22:24:41] INFO epoch 60 it 1700/1704 loss 0.0561
[2026-06-01 22:24:42] INFO epoch 60 done in 63.7s lr=3.31e-06 avg_train_loss=0.0556
[2026-06-01 22:25:25] INFO epoch 60 val MAE(HU): 64.59
[2026-06-01 22:25:26] INFO new best MAE: 64.59 ¡æ saved best.pth
[2026-06-01 22:26:12] INFO epoch 61 it 50/1704 loss 0.0531
[2026-06-01 22:26:13] INFO epoch 61 it 100/1704 loss 0.0555
[2026-06-01 22:26:13] INFO epoch 61 it 150/1704 loss 0.0539
[2026-06-01 22:26:14] INFO epoch 61 it 200/1704 loss 0.0543
[2026-06-01 22:26:14] INFO epoch 61 it 250/1704 loss 0.0542
[2026-06-01 22:26:15] INFO epoch 61 it 300/1704 loss 0.0539
[2026-06-01 22:26:15] INFO epoch 61 it 350/1704 loss 0.0561
[2026-06-01 22:26:16] INFO epoch 61 it 400/1704 loss 0.0567
[2026-06-01 22:26:16] INFO epoch 61 it 450/1704 loss 0.0559
[2026-06-01 22:26:16] INFO epoch 61 it 500/1704 loss 0.0553
[2026-06-01 22:26:17] INFO epoch 61 it 550/1704 loss 0.0543
[2026-06-01 22:26:17] INFO epoch 61 it 600/1704 loss 0.0564
[2026-06-01 22:26:18] INFO epoch 61 it 650/1704 loss 0.0548
[2026-06-01 22:26:18] INFO epoch 61 it 700/1704 loss 0.0564
[2026-06-01 22:26:19] INFO epoch 61 it 750/1704 loss 0.0590
[2026-06-01 22:26:19] INFO epoch 61 it 800/1704 loss 0.0570
[2026-06-01 22:26:20] INFO epoch 61 it 850/1704 loss 0.0558
[2026-06-01 22:26:20] INFO epoch 61 it 900/1704 loss 0.0548
[2026-06-01 22:26:20] INFO epoch 61 it 950/1704 loss 0.0556
[2026-06-01 22:26:21] INFO epoch 61 it 1000/1704 loss 0.0560
[2026-06-01 22:26:21] INFO epoch 61 it 1050/1704 loss 0.0553
[2026-06-01 22:26:22] INFO epoch 61 it 1100/1704 loss 0.0542
[2026-06-01 22:26:22] INFO epoch 61 it 1150/1704 loss 0.0543
[2026-06-01 22:26:23] INFO epoch 61 it 1200/1704 loss 0.0530
[2026-06-01 22:26:23] INFO epoch 61 it 1250/1704 loss 0.0548
[2026-06-01 22:26:24] INFO epoch 61 it 1300/1704 loss 0.0574
[2026-06-01 22:26:24] INFO epoch 61 it 1350/1704 loss 0.0557
[2026-06-01 22:26:24] INFO epoch 61 it 1400/1704 loss 0.0569
[2026-06-01 22:26:25] INFO epoch 61 it 1450/1704 loss 0.0573
[2026-06-01 22:26:25] INFO epoch 61 it 1500/1704 loss 0.0556
[2026-06-01 22:26:26] INFO epoch 61 it 1550/1704 loss 0.0560
[2026-06-01 22:26:26] INFO epoch 61 it 1600/1704 loss 0.0564
[2026-06-01 22:26:27] INFO epoch 61 it 1650/1704 loss 0.0556
[2026-06-01 22:26:27] INFO epoch 61 it 1700/1704 loss 0.0574
[2026-06-01 22:26:29] INFO epoch 61 done in 62.9s lr=3.16e-06 avg_train_loss=0.0555
[2026-06-01 22:27:12] INFO epoch 61 val MAE(HU): 64.43
[2026-06-01 22:27:12] INFO new best MAE: 64.43 ¡æ saved best.pth
[2026-06-01 22:27:59] INFO epoch 62 it 50/1704 loss 0.0555
[2026-06-01 22:27:59] INFO epoch 62 it 100/1704 loss 0.0552
[2026-06-01 22:27:59] INFO epoch 62 it 150/1704 loss 0.0581
[2026-06-01 22:28:00] INFO epoch 62 it 200/1704 loss 0.0547
[2026-06-01 22:28:00] INFO epoch 62 it 250/1704 loss 0.0546
[2026-06-01 22:28:01] INFO epoch 62 it 300/1704 loss 0.0550
[2026-06-01 22:28:01] INFO epoch 62 it 350/1704 loss 0.0556
[2026-06-01 22:28:02] INFO epoch 62 it 400/1704 loss 0.0542
[2026-06-01 22:28:02] INFO epoch 62 it 450/1704 loss 0.0565
[2026-06-01 22:28:03] INFO epoch 62 it 500/1704 loss 0.0563
[2026-06-01 22:28:03] INFO epoch 62 it 550/1704 loss 0.0564
[2026-06-01 22:28:04] INFO epoch 62 it 600/1704 loss 0.0561
[2026-06-01 22:28:04] INFO epoch 62 it 650/1704 loss 0.0565
[2026-06-01 22:28:04] INFO epoch 62 it 700/1704 loss 0.0566
[2026-06-01 22:28:05] INFO epoch 62 it 750/1704 loss 0.0560
[2026-06-01 22:28:05] INFO epoch 62 it 800/1704 loss 0.0529
[2026-06-01 22:28:06] INFO epoch 62 it 850/1704 loss 0.0554
[2026-06-01 22:28:06] INFO epoch 62 it 900/1704 loss 0.0532
[2026-06-01 22:28:07] INFO epoch 62 it 950/1704 loss 0.0536
[2026-06-01 22:28:07] INFO epoch 62 it 1000/1704 loss 0.0565
[2026-06-01 22:28:08] INFO epoch 62 it 1050/1704 loss 0.0581
[2026-06-01 22:28:08] INFO epoch 62 it 1100/1704 loss 0.0555
[2026-06-01 22:28:09] INFO epoch 62 it 1150/1704 loss 0.0557
[2026-06-01 22:28:09] INFO epoch 62 it 1200/1704 loss 0.0561
[2026-06-01 22:28:09] INFO epoch 62 it 1250/1704 loss 0.0549
[2026-06-01 22:28:10] INFO epoch 62 it 1300/1704 loss 0.0531
[2026-06-01 22:28:10] INFO epoch 62 it 1350/1704 loss 0.0565
[2026-06-01 22:28:11] INFO epoch 62 it 1400/1704 loss 0.0537
[2026-06-01 22:28:11] INFO epoch 62 it 1450/1704 loss 0.0551
[2026-06-01 22:28:12] INFO epoch 62 it 1500/1704 loss 0.0569
[2026-06-01 22:28:12] INFO epoch 62 it 1550/1704 loss 0.0547
[2026-06-01 22:28:13] INFO epoch 62 it 1600/1704 loss 0.0535
[2026-06-01 22:28:13] INFO epoch 62 it 1650/1704 loss 0.0555
[2026-06-01 22:28:13] INFO epoch 62 it 1700/1704 loss 0.0552
[2026-06-01 22:28:15] INFO epoch 62 done in 63.1s lr=3.01e-06 avg_train_loss=0.0554
[2026-06-01 22:28:58] INFO epoch 62 val MAE(HU): 64.33
[2026-06-01 22:28:58] INFO new best MAE: 64.33 ¡æ saved best.pth
[2026-06-01 22:29:44] INFO epoch 63 it 50/1704 loss 0.0576
[2026-06-01 22:29:45] INFO epoch 63 it 100/1704 loss 0.0593
[2026-06-01 22:29:45] INFO epoch 63 it 150/1704 loss 0.0561
[2026-06-01 22:29:46] INFO epoch 63 it 200/1704 loss 0.0536
[2026-06-01 22:29:46] INFO epoch 63 it 250/1704 loss 0.0543
[2026-06-01 22:29:47] INFO epoch 63 it 300/1704 loss 0.0533
[2026-06-01 22:29:47] INFO epoch 63 it 350/1704 loss 0.0537
[2026-06-01 22:29:48] INFO epoch 63 it 400/1704 loss 0.0568
[2026-06-01 22:29:48] INFO epoch 63 it 450/1704 loss 0.0557
[2026-06-01 22:29:48] INFO epoch 63 it 500/1704 loss 0.0545
[2026-06-01 22:29:49] INFO epoch 63 it 550/1704 loss 0.0554
[2026-06-01 22:29:49] INFO epoch 63 it 600/1704 loss 0.0556
[2026-06-01 22:29:50] INFO epoch 63 it 650/1704 loss 0.0563
[2026-06-01 22:29:50] INFO epoch 63 it 700/1704 loss 0.0537
[2026-06-01 22:29:51] INFO epoch 63 it 750/1704 loss 0.0550
[2026-06-01 22:29:51] INFO epoch 63 it 800/1704 loss 0.0536
[2026-06-01 22:29:52] INFO epoch 63 it 850/1704 loss 0.0550
[2026-06-01 22:29:52] INFO epoch 63 it 900/1704 loss 0.0545
[2026-06-01 22:29:52] INFO epoch 63 it 950/1704 loss 0.0555
[2026-06-01 22:29:53] INFO epoch 63 it 1000/1704 loss 0.0575
[2026-06-01 22:29:53] INFO epoch 63 it 1050/1704 loss 0.0563
[2026-06-01 22:29:54] INFO epoch 63 it 1100/1704 loss 0.0547
[2026-06-01 22:29:54] INFO epoch 63 it 1150/1704 loss 0.0554
[2026-06-01 22:29:55] INFO epoch 63 it 1200/1704 loss 0.0562
[2026-06-01 22:29:55] INFO epoch 63 it 1250/1704 loss 0.0556
[2026-06-01 22:29:56] INFO epoch 63 it 1300/1704 loss 0.0559
[2026-06-01 22:29:56] INFO epoch 63 it 1350/1704 loss 0.0571
[2026-06-01 22:29:57] INFO epoch 63 it 1400/1704 loss 0.0536
[2026-06-01 22:29:57] INFO epoch 63 it 1450/1704 loss 0.0560
[2026-06-01 22:29:57] INFO epoch 63 it 1500/1704 loss 0.0527
[2026-06-01 22:29:58] INFO epoch 63 it 1550/1704 loss 0.0539
[2026-06-01 22:29:58] INFO epoch 63 it 1600/1704 loss 0.0549
[2026-06-01 22:29:59] INFO epoch 63 it 1650/1704 loss 0.0546
[2026-06-01 22:29:59] INFO epoch 63 it 1700/1704 loss 0.0539
[2026-06-01 22:30:01] INFO epoch 63 done in 62.3s lr=2.87e-06 avg_train_loss=0.0552
[2026-06-01 22:30:44] INFO epoch 63 val MAE(HU): 64.14
[2026-06-01 22:30:44] INFO new best MAE: 64.14 ¡æ saved best.pth
[2026-06-01 22:31:29] INFO epoch 64 it 50/1704 loss 0.0554
[2026-06-01 22:31:29] INFO epoch 64 it 100/1704 loss 0.0546
[2026-06-01 22:31:30] INFO epoch 64 it 150/1704 loss 0.0573
[2026-06-01 22:31:30] INFO epoch 64 it 200/1704 loss 0.0547
[2026-06-01 22:31:31] INFO epoch 64 it 250/1704 loss 0.0574
[2026-06-01 22:31:31] INFO epoch 64 it 300/1704 loss 0.0542
[2026-06-01 22:31:32] INFO epoch 64 it 350/1704 loss 0.0546
[2026-06-01 22:31:32] INFO epoch 64 it 400/1704 loss 0.0551
[2026-06-01 22:31:33] INFO epoch 64 it 450/1704 loss 0.0562
[2026-06-01 22:31:33] INFO epoch 64 it 500/1704 loss 0.0573
[2026-06-01 22:31:33] INFO epoch 64 it 550/1704 loss 0.0567
[2026-06-01 22:31:34] INFO epoch 64 it 600/1704 loss 0.0548
[2026-06-01 22:31:34] INFO epoch 64 it 650/1704 loss 0.0550
[2026-06-01 22:31:35] INFO epoch 64 it 700/1704 loss 0.0551
[2026-06-01 22:31:35] INFO epoch 64 it 750/1704 loss 0.0564
[2026-06-01 22:31:36] INFO epoch 64 it 800/1704 loss 0.0526
[2026-06-01 22:31:36] INFO epoch 64 it 850/1704 loss 0.0544
[2026-06-01 22:31:36] INFO epoch 64 it 900/1704 loss 0.0567
[2026-06-01 22:31:37] INFO epoch 64 it 950/1704 loss 0.0560
[2026-06-01 22:31:37] INFO epoch 64 it 1000/1704 loss 0.0562
[2026-06-01 22:31:38] INFO epoch 64 it 1050/1704 loss 0.0524
[2026-06-01 22:31:38] INFO epoch 64 it 1100/1704 loss 0.0574
[2026-06-01 22:31:39] INFO epoch 64 it 1150/1704 loss 0.0521
[2026-06-01 22:31:39] INFO epoch 64 it 1200/1704 loss 0.0555
[2026-06-01 22:31:40] INFO epoch 64 it 1250/1704 loss 0.0556
[2026-06-01 22:31:40] INFO epoch 64 it 1300/1704 loss 0.0552
[2026-06-01 22:31:40] INFO epoch 64 it 1350/1704 loss 0.0554
[2026-06-01 22:31:41] INFO epoch 64 it 1400/1704 loss 0.0554
[2026-06-01 22:31:41] INFO epoch 64 it 1450/1704 loss 0.0568
[2026-06-01 22:31:42] INFO epoch 64 it 1500/1704 loss 0.0523
[2026-06-01 22:31:42] INFO epoch 64 it 1550/1704 loss 0.0541
[2026-06-01 22:31:43] INFO epoch 64 it 1600/1704 loss 0.0537
[2026-06-01 22:31:43] INFO epoch 64 it 1650/1704 loss 0.0546
[2026-06-01 22:31:44] INFO epoch 64 it 1700/1704 loss 0.0540
[2026-06-01 22:31:45] INFO epoch 64 done in 61.2s lr=2.73e-06 avg_train_loss=0.0552
[2026-06-01 22:32:27] INFO epoch 64 val MAE(HU): 64.04
[2026-06-01 22:32:27] INFO new best MAE: 64.04 ¡æ saved best.pth
[2026-06-01 22:33:12] INFO epoch 65 it 50/1704 loss 0.0562
[2026-06-01 22:33:12] INFO epoch 65 it 100/1704 loss 0.0564
[2026-06-01 22:33:13] INFO epoch 65 it 150/1704 loss 0.0574
[2026-06-01 22:33:13] INFO epoch 65 it 200/1704 loss 0.0536
[2026-06-01 22:33:14] INFO epoch 65 it 250/1704 loss 0.0536
[2026-06-01 22:33:14] INFO epoch 65 it 300/1704 loss 0.0541
[2026-06-01 22:33:14] INFO epoch 65 it 350/1704 loss 0.0561
[2026-06-01 22:33:15] INFO epoch 65 it 400/1704 loss 0.0567
[2026-06-01 22:33:15] INFO epoch 65 it 450/1704 loss 0.0537
[2026-06-01 22:33:16] INFO epoch 65 it 500/1704 loss 0.0557
[2026-06-01 22:33:16] INFO epoch 65 it 550/1704 loss 0.0549
[2026-06-01 22:33:17] INFO epoch 65 it 600/1704 loss 0.0537
[2026-06-01 22:33:17] INFO epoch 65 it 650/1704 loss 0.0539
[2026-06-01 22:33:18] INFO epoch 65 it 700/1704 loss 0.0547
[2026-06-01 22:33:18] INFO epoch 65 it 750/1704 loss 0.0536
[2026-06-01 22:33:18] INFO epoch 65 it 800/1704 loss 0.0553
[2026-06-01 22:33:19] INFO epoch 65 it 850/1704 loss 0.0542
[2026-06-01 22:33:19] INFO epoch 65 it 900/1704 loss 0.0556
[2026-06-01 22:33:20] INFO epoch 65 it 950/1704 loss 0.0561
[2026-06-01 22:33:20] INFO epoch 65 it 1000/1704 loss 0.0528
[2026-06-01 22:33:21] INFO epoch 65 it 1050/1704 loss 0.0544
[2026-06-01 22:33:21] INFO epoch 65 it 1100/1704 loss 0.0562
[2026-06-01 22:33:22] INFO epoch 65 it 1150/1704 loss 0.0539
[2026-06-01 22:33:22] INFO epoch 65 it 1200/1704 loss 0.0556
[2026-06-01 22:33:23] INFO epoch 65 it 1250/1704 loss 0.0556
[2026-06-01 22:33:23] INFO epoch 65 it 1300/1704 loss 0.0556
[2026-06-01 22:33:23] INFO epoch 65 it 1350/1704 loss 0.0564
[2026-06-01 22:33:24] INFO epoch 65 it 1400/1704 loss 0.0563
[2026-06-01 22:33:24] INFO epoch 65 it 1450/1704 loss 0.0548
[2026-06-01 22:33:25] INFO epoch 65 it 1500/1704 loss 0.0557
[2026-06-01 22:33:25] INFO epoch 65 it 1550/1704 loss 0.0546
[2026-06-01 22:33:26] INFO epoch 65 it 1600/1704 loss 0.0566
[2026-06-01 22:33:26] INFO epoch 65 it 1650/1704 loss 0.0547
[2026-06-01 22:33:26] INFO epoch 65 it 1700/1704 loss 0.0556
[2026-06-01 22:33:28] INFO epoch 65 done in 60.8s lr=2.59e-06 avg_train_loss=0.0551
[2026-06-01 22:34:10] INFO epoch 65 val MAE(HU): 63.93
[2026-06-01 22:34:10] INFO new best MAE: 63.93 ¡æ saved best.pth
[2026-06-01 22:34:54] INFO epoch 66 it 50/1704 loss 0.0549
[2026-06-01 22:34:55] INFO epoch 66 it 100/1704 loss 0.0557
[2026-06-01 22:34:55] INFO epoch 66 it 150/1704 loss 0.0536
[2026-06-01 22:34:56] INFO epoch 66 it 200/1704 loss 0.0562
[2026-06-01 22:34:56] INFO epoch 66 it 250/1704 loss 0.0569
[2026-06-01 22:34:57] INFO epoch 66 it 300/1704 loss 0.0560
[2026-06-01 22:34:57] INFO epoch 66 it 350/1704 loss 0.0555
[2026-06-01 22:34:58] INFO epoch 66 it 400/1704 loss 0.0545
[2026-06-01 22:34:58] INFO epoch 66 it 450/1704 loss 0.0555
[2026-06-01 22:34:59] INFO epoch 66 it 500/1704 loss 0.0547
[2026-06-01 22:34:59] INFO epoch 66 it 550/1704 loss 0.0551
[2026-06-01 22:34:59] INFO epoch 66 it 600/1704 loss 0.0558
[2026-06-01 22:35:00] INFO epoch 66 it 650/1704 loss 0.0530
[2026-06-01 22:35:00] INFO epoch 66 it 700/1704 loss 0.0545
[2026-06-01 22:35:01] INFO epoch 66 it 750/1704 loss 0.0529
[2026-06-01 22:35:01] INFO epoch 66 it 800/1704 loss 0.0537
[2026-06-01 22:35:02] INFO epoch 66 it 850/1704 loss 0.0546
[2026-06-01 22:35:02] INFO epoch 66 it 900/1704 loss 0.0534
[2026-06-01 22:35:03] INFO epoch 66 it 950/1704 loss 0.0545
[2026-06-01 22:35:03] INFO epoch 66 it 1000/1704 loss 0.0537
[2026-06-01 22:35:03] INFO epoch 66 it 1050/1704 loss 0.0558
[2026-06-01 22:35:04] INFO epoch 66 it 1100/1704 loss 0.0544
[2026-06-01 22:35:04] INFO epoch 66 it 1150/1704 loss 0.0570
[2026-06-01 22:35:05] INFO epoch 66 it 1200/1704 loss 0.0553
[2026-06-01 22:35:05] INFO epoch 66 it 1250/1704 loss 0.0539
[2026-06-01 22:35:06] INFO epoch 66 it 1300/1704 loss 0.0543
[2026-06-01 22:35:06] INFO epoch 66 it 1350/1704 loss 0.0569
[2026-06-01 22:35:07] INFO epoch 66 it 1400/1704 loss 0.0550
[2026-06-01 22:35:07] INFO epoch 66 it 1450/1704 loss 0.0549
[2026-06-01 22:35:08] INFO epoch 66 it 1500/1704 loss 0.0552
[2026-06-01 22:35:08] INFO epoch 66 it 1550/1704 loss 0.0543
[2026-06-01 22:35:08] INFO epoch 66 it 1600/1704 loss 0.0574
[2026-06-01 22:35:09] INFO epoch 66 it 1650/1704 loss 0.0561
[2026-06-01 22:35:09] INFO epoch 66 it 1700/1704 loss 0.0550
[2026-06-01 22:35:11] INFO epoch 66 done in 60.7s lr=2.45e-06 avg_train_loss=0.0550
[2026-06-01 22:35:53] INFO epoch 66 val MAE(HU): 63.77
[2026-06-01 22:35:53] INFO new best MAE: 63.77 ¡æ saved best.pth
[2026-06-01 22:36:37] INFO epoch 67 it 50/1704 loss 0.0579
[2026-06-01 22:36:38] INFO epoch 67 it 100/1704 loss 0.0541
[2026-06-01 22:36:38] INFO epoch 67 it 150/1704 loss 0.0542
[2026-06-01 22:36:38] INFO epoch 67 it 200/1704 loss 0.0568
[2026-06-01 22:36:39] INFO epoch 67 it 250/1704 loss 0.0550
[2026-06-01 22:36:39] INFO epoch 67 it 300/1704 loss 0.0525
[2026-06-01 22:36:40] INFO epoch 67 it 350/1704 loss 0.0550
[2026-06-01 22:36:40] INFO epoch 67 it 400/1704 loss 0.0543
[2026-06-01 22:36:41] INFO epoch 67 it 450/1704 loss 0.0537
[2026-06-01 22:36:41] INFO epoch 67 it 500/1704 loss 0.0542
[2026-06-01 22:36:42] INFO epoch 67 it 550/1704 loss 0.0566
[2026-06-01 22:36:42] INFO epoch 67 it 600/1704 loss 0.0542
[2026-06-01 22:36:42] INFO epoch 67 it 650/1704 loss 0.0535
[2026-06-01 22:36:43] INFO epoch 67 it 700/1704 loss 0.0572
[2026-06-01 22:36:43] INFO epoch 67 it 750/1704 loss 0.0556
[2026-06-01 22:36:44] INFO epoch 67 it 800/1704 loss 0.0545
[2026-06-01 22:36:44] INFO epoch 67 it 850/1704 loss 0.0534
[2026-06-01 22:36:45] INFO epoch 67 it 900/1704 loss 0.0548
[2026-06-01 22:36:45] INFO epoch 67 it 950/1704 loss 0.0545
[2026-06-01 22:36:46] INFO epoch 67 it 1000/1704 loss 0.0534
[2026-06-01 22:36:46] INFO epoch 67 it 1050/1704 loss 0.0557
[2026-06-01 22:36:46] INFO epoch 67 it 1100/1704 loss 0.0531
[2026-06-01 22:36:47] INFO epoch 67 it 1150/1704 loss 0.0560
[2026-06-01 22:36:47] INFO epoch 67 it 1200/1704 loss 0.0548
[2026-06-01 22:36:48] INFO epoch 67 it 1250/1704 loss 0.0563
[2026-06-01 22:36:48] INFO epoch 67 it 1300/1704 loss 0.0528
[2026-06-01 22:36:49] INFO epoch 67 it 1350/1704 loss 0.0557
[2026-06-01 22:36:49] INFO epoch 67 it 1400/1704 loss 0.0549
[2026-06-01 22:36:50] INFO epoch 67 it 1450/1704 loss 0.0549
[2026-06-01 22:36:50] INFO epoch 67 it 1500/1704 loss 0.0554
[2026-06-01 22:36:50] INFO epoch 67 it 1550/1704 loss 0.0567
[2026-06-01 22:36:51] INFO epoch 67 it 1600/1704 loss 0.0555
[2026-06-01 22:36:51] INFO epoch 67 it 1650/1704 loss 0.0572
[2026-06-01 22:36:52] INFO epoch 67 it 1700/1704 loss 0.0536
[2026-06-01 22:36:53] INFO epoch 67 done in 60.4s lr=2.32e-06 avg_train_loss=0.0550
[2026-06-01 22:37:35] INFO epoch 67 val MAE(HU): 63.69
[2026-06-01 22:37:35] INFO new best MAE: 63.69 ¡æ saved best.pth
[2026-06-01 22:38:20] INFO epoch 68 it 50/1704 loss 0.0557
[2026-06-01 22:38:20] INFO epoch 68 it 100/1704 loss 0.0544
[2026-06-01 22:38:21] INFO epoch 68 it 150/1704 loss 0.0540
[2026-06-01 22:38:21] INFO epoch 68 it 200/1704 loss 0.0571
[2026-06-01 22:38:21] INFO epoch 68 it 250/1704 loss 0.0560
[2026-06-01 22:38:22] INFO epoch 68 it 300/1704 loss 0.0531
[2026-06-01 22:38:22] INFO epoch 68 it 350/1704 loss 0.0554
[2026-06-01 22:38:23] INFO epoch 68 it 400/1704 loss 0.0566
[2026-06-01 22:38:23] INFO epoch 68 it 450/1704 loss 0.0573
[2026-06-01 22:38:24] INFO epoch 68 it 500/1704 loss 0.0547
[2026-06-01 22:38:24] INFO epoch 68 it 550/1704 loss 0.0567
[2026-06-01 22:38:25] INFO epoch 68 it 600/1704 loss 0.0514
[2026-06-01 22:38:25] INFO epoch 68 it 650/1704 loss 0.0535
[2026-06-01 22:38:25] INFO epoch 68 it 700/1704 loss 0.0534
[2026-06-01 22:38:26] INFO epoch 68 it 750/1704 loss 0.0571
[2026-06-01 22:38:26] INFO epoch 68 it 800/1704 loss 0.0565
[2026-06-01 22:38:27] INFO epoch 68 it 850/1704 loss 0.0553
[2026-06-01 22:38:27] INFO epoch 68 it 900/1704 loss 0.0517
[2026-06-01 22:38:28] INFO epoch 68 it 950/1704 loss 0.0552
[2026-06-01 22:38:28] INFO epoch 68 it 1000/1704 loss 0.0556
[2026-06-01 22:38:29] INFO epoch 68 it 1050/1704 loss 0.0538
[2026-06-01 22:38:29] INFO epoch 68 it 1100/1704 loss 0.0545
[2026-06-01 22:38:29] INFO epoch 68 it 1150/1704 loss 0.0546
[2026-06-01 22:38:30] INFO epoch 68 it 1200/1704 loss 0.0543
[2026-06-01 22:38:30] INFO epoch 68 it 1250/1704 loss 0.0538
[2026-06-01 22:38:31] INFO epoch 68 it 1300/1704 loss 0.0537
[2026-06-01 22:38:31] INFO epoch 68 it 1350/1704 loss 0.0557
[2026-06-01 22:38:32] INFO epoch 68 it 1400/1704 loss 0.0566
[2026-06-01 22:38:32] INFO epoch 68 it 1450/1704 loss 0.0534
[2026-06-01 22:38:33] INFO epoch 68 it 1500/1704 loss 0.0517
[2026-06-01 22:38:33] INFO epoch 68 it 1550/1704 loss 0.0555
[2026-06-01 22:38:33] INFO epoch 68 it 1600/1704 loss 0.0564
[2026-06-01 22:38:34] INFO epoch 68 it 1650/1704 loss 0.0562
[2026-06-01 22:38:34] INFO epoch 68 it 1700/1704 loss 0.0524
[2026-06-01 22:38:36] INFO epoch 68 done in 60.6s lr=2.19e-06 avg_train_loss=0.0548
[2026-06-01 22:39:18] INFO epoch 68 val MAE(HU): 63.55
[2026-06-01 22:39:18] INFO new best MAE: 63.55 ¡æ saved best.pth
[2026-06-01 22:40:02] INFO epoch 69 it 50/1704 loss 0.0549
[2026-06-01 22:40:02] INFO epoch 69 it 100/1704 loss 0.0552
[2026-06-01 22:40:03] INFO epoch 69 it 150/1704 loss 0.0533
[2026-06-01 22:40:03] INFO epoch 69 it 200/1704 loss 0.0548
[2026-06-01 22:40:04] INFO epoch 69 it 250/1704 loss 0.0566
[2026-06-01 22:40:04] INFO epoch 69 it 300/1704 loss 0.0521
[2026-06-01 22:40:05] INFO epoch 69 it 350/1704 loss 0.0557
[2026-06-01 22:40:05] INFO epoch 69 it 400/1704 loss 0.0538
[2026-06-01 22:40:06] INFO epoch 69 it 450/1704 loss 0.0534
[2026-06-01 22:40:06] INFO epoch 69 it 500/1704 loss 0.0544
[2026-06-01 22:40:06] INFO epoch 69 it 550/1704 loss 0.0569
[2026-06-01 22:40:07] INFO epoch 69 it 600/1704 loss 0.0553
[2026-06-01 22:40:07] INFO epoch 69 it 650/1704 loss 0.0567
[2026-06-01 22:40:08] INFO epoch 69 it 700/1704 loss 0.0560
[2026-06-01 22:40:08] INFO epoch 69 it 750/1704 loss 0.0521
[2026-06-01 22:40:09] INFO epoch 69 it 800/1704 loss 0.0544
[2026-06-01 22:40:09] INFO epoch 69 it 850/1704 loss 0.0562
[2026-06-01 22:40:10] INFO epoch 69 it 900/1704 loss 0.0549
[2026-06-01 22:40:10] INFO epoch 69 it 950/1704 loss 0.0550
[2026-06-01 22:40:11] INFO epoch 69 it 1000/1704 loss 0.0548
[2026-06-01 22:40:11] INFO epoch 69 it 1050/1704 loss 0.0540
[2026-06-01 22:40:11] INFO epoch 69 it 1100/1704 loss 0.0550
[2026-06-01 22:40:12] INFO epoch 69 it 1150/1704 loss 0.0554
[2026-06-01 22:40:12] INFO epoch 69 it 1200/1704 loss 0.0534
[2026-06-01 22:40:13] INFO epoch 69 it 1250/1704 loss 0.0545
[2026-06-01 22:40:13] INFO epoch 69 it 1300/1704 loss 0.0554
[2026-06-01 22:40:14] INFO epoch 69 it 1350/1704 loss 0.0544
[2026-06-01 22:40:14] INFO epoch 69 it 1400/1704 loss 0.0564
[2026-06-01 22:40:15] INFO epoch 69 it 1450/1704 loss 0.0554
[2026-06-01 22:40:15] INFO epoch 69 it 1500/1704 loss 0.0540
[2026-06-01 22:40:15] INFO epoch 69 it 1550/1704 loss 0.0531
[2026-06-01 22:40:16] INFO epoch 69 it 1600/1704 loss 0.0552
[2026-06-01 22:40:16] INFO epoch 69 it 1650/1704 loss 0.0553
[2026-06-01 22:40:17] INFO epoch 69 it 1700/1704 loss 0.0544
[2026-06-01 22:40:18] INFO epoch 69 done in 60.3s lr=2.06e-06 avg_train_loss=0.0548
[2026-06-01 22:41:00] INFO epoch 69 val MAE(HU): 63.45
[2026-06-01 22:41:00] INFO new best MAE: 63.45 ¡æ saved best.pth
[2026-06-01 22:41:44] INFO epoch 70 it 50/1704 loss 0.0532
[2026-06-01 22:41:45] INFO epoch 70 it 100/1704 loss 0.0549
[2026-06-01 22:41:45] INFO epoch 70 it 150/1704 loss 0.0543
[2026-06-01 22:41:46] INFO epoch 70 it 200/1704 loss 0.0562
[2026-06-01 22:41:46] INFO epoch 70 it 250/1704 loss 0.0551
[2026-06-01 22:41:47] INFO epoch 70 it 300/1704 loss 0.0525
[2026-06-01 22:41:47] INFO epoch 70 it 350/1704 loss 0.0542
[2026-06-01 22:41:48] INFO epoch 70 it 400/1704 loss 0.0555
[2026-06-01 22:41:48] INFO epoch 70 it 450/1704 loss 0.0547
[2026-06-01 22:41:48] INFO epoch 70 it 500/1704 loss 0.0568
[2026-06-01 22:41:49] INFO epoch 70 it 550/1704 loss 0.0551
[2026-06-01 22:41:49] INFO epoch 70 it 600/1704 loss 0.0560
[2026-06-01 22:41:50] INFO epoch 70 it 650/1704 loss 0.0542
[2026-06-01 22:41:50] INFO epoch 70 it 700/1704 loss 0.0540
[2026-06-01 22:41:51] INFO epoch 70 it 750/1704 loss 0.0562
[2026-06-01 22:41:51] INFO epoch 70 it 800/1704 loss 0.0551
[2026-06-01 22:41:52] INFO epoch 70 it 850/1704 loss 0.0554
[2026-06-01 22:41:52] INFO epoch 70 it 900/1704 loss 0.0526
[2026-06-01 22:41:52] INFO epoch 70 it 950/1704 loss 0.0558
[2026-06-01 22:41:53] INFO epoch 70 it 1000/1704 loss 0.0559
[2026-06-01 22:41:53] INFO epoch 70 it 1050/1704 loss 0.0537
[2026-06-01 22:41:54] INFO epoch 70 it 1100/1704 loss 0.0542
[2026-06-01 22:41:54] INFO epoch 70 it 1150/1704 loss 0.0537
[2026-06-01 22:41:55] INFO epoch 70 it 1200/1704 loss 0.0555
[2026-06-01 22:41:55] INFO epoch 70 it 1250/1704 loss 0.0546
[2026-06-01 22:41:56] INFO epoch 70 it 1300/1704 loss 0.0529
[2026-06-01 22:41:56] INFO epoch 70 it 1350/1704 loss 0.0532
[2026-06-01 22:41:56] INFO epoch 70 it 1400/1704 loss 0.0553
[2026-06-01 22:41:57] INFO epoch 70 it 1450/1704 loss 0.0548
[2026-06-01 22:41:57] INFO epoch 70 it 1500/1704 loss 0.0553
[2026-06-01 22:41:58] INFO epoch 70 it 1550/1704 loss 0.0539
[2026-06-01 22:41:58] INFO epoch 70 it 1600/1704 loss 0.0566
[2026-06-01 22:41:59] INFO epoch 70 it 1650/1704 loss 0.0559
[2026-06-01 22:41:59] INFO epoch 70 it 1700/1704 loss 0.0547
[2026-06-01 22:42:00] INFO epoch 70 done in 60.5s lr=1.94e-06 avg_train_loss=0.0548
[2026-06-01 22:42:42] INFO epoch 70 val MAE(HU): 63.36
[2026-06-01 22:42:42] INFO new best MAE: 63.36 ¡æ saved best.pth
[2026-06-01 22:43:27] INFO epoch 71 it 50/1704 loss 0.0544
[2026-06-01 22:43:27] INFO epoch 71 it 100/1704 loss 0.0555
[2026-06-01 22:43:28] INFO epoch 71 it 150/1704 loss 0.0539
[2026-06-01 22:43:28] INFO epoch 71 it 200/1704 loss 0.0550
[2026-06-01 22:43:29] INFO epoch 71 it 250/1704 loss 0.0528
[2026-06-01 22:43:29] INFO epoch 71 it 300/1704 loss 0.0569
[2026-06-01 22:43:29] INFO epoch 71 it 350/1704 loss 0.0525
[2026-06-01 22:43:30] INFO epoch 71 it 400/1704 loss 0.0543
[2026-06-01 22:43:30] INFO epoch 71 it 450/1704 loss 0.0537
[2026-06-01 22:43:31] INFO epoch 71 it 500/1704 loss 0.0551
[2026-06-01 22:43:31] INFO epoch 71 it 550/1704 loss 0.0551
[2026-06-01 22:43:32] INFO epoch 71 it 600/1704 loss 0.0564
[2026-06-01 22:43:32] INFO epoch 71 it 650/1704 loss 0.0550
[2026-06-01 22:43:33] INFO epoch 71 it 700/1704 loss 0.0537
[2026-06-01 22:43:33] INFO epoch 71 it 750/1704 loss 0.0538
[2026-06-01 22:43:33] INFO epoch 71 it 800/1704 loss 0.0525
[2026-06-01 22:43:34] INFO epoch 71 it 850/1704 loss 0.0579
[2026-06-01 22:43:34] INFO epoch 71 it 900/1704 loss 0.0566
[2026-06-01 22:43:35] INFO epoch 71 it 950/1704 loss 0.0547
[2026-06-01 22:43:35] INFO epoch 71 it 1000/1704 loss 0.0568
[2026-06-01 22:43:36] INFO epoch 71 it 1050/1704 loss 0.0526
[2026-06-01 22:43:36] INFO epoch 71 it 1100/1704 loss 0.0534
[2026-06-01 22:43:37] INFO epoch 71 it 1150/1704 loss 0.0515
[2026-06-01 22:43:37] INFO epoch 71 it 1200/1704 loss 0.0552
[2026-06-01 22:43:37] INFO epoch 71 it 1250/1704 loss 0.0549
[2026-06-01 22:43:38] INFO epoch 71 it 1300/1704 loss 0.0525
[2026-06-01 22:43:38] INFO epoch 71 it 1350/1704 loss 0.0534
[2026-06-01 22:43:39] INFO epoch 71 it 1400/1704 loss 0.0558
[2026-06-01 22:43:39] INFO epoch 71 it 1450/1704 loss 0.0547
[2026-06-01 22:43:40] INFO epoch 71 it 1500/1704 loss 0.0553
[2026-06-01 22:43:40] INFO epoch 71 it 1550/1704 loss 0.0561
[2026-06-01 22:43:41] INFO epoch 71 it 1600/1704 loss 0.0535
[2026-06-01 22:43:41] INFO epoch 71 it 1650/1704 loss 0.0572
[2026-06-01 22:43:41] INFO epoch 71 it 1700/1704 loss 0.0527
[2026-06-01 22:43:43] INFO epoch 71 done in 60.2s lr=1.81e-06 avg_train_loss=0.0546
[2026-06-01 22:44:24] INFO epoch 71 val MAE(HU): 63.26
[2026-06-01 22:44:24] INFO new best MAE: 63.26 ¡æ saved best.pth
[2026-06-01 22:45:09] INFO epoch 72 it 50/1704 loss 0.0546
[2026-06-01 22:45:09] INFO epoch 72 it 100/1704 loss 0.0533
[2026-06-01 22:45:10] INFO epoch 72 it 150/1704 loss 0.0570
[2026-06-01 22:45:10] INFO epoch 72 it 200/1704 loss 0.0551
[2026-06-01 22:45:11] INFO epoch 72 it 250/1704 loss 0.0543
[2026-06-01 22:45:11] INFO epoch 72 it 300/1704 loss 0.0562
[2026-06-01 22:45:12] INFO epoch 72 it 350/1704 loss 0.0543
[2026-06-01 22:45:12] INFO epoch 72 it 400/1704 loss 0.0566
[2026-06-01 22:45:13] INFO epoch 72 it 450/1704 loss 0.0522
[2026-06-01 22:45:13] INFO epoch 72 it 500/1704 loss 0.0536
[2026-06-01 22:45:13] INFO epoch 72 it 550/1704 loss 0.0551
[2026-06-01 22:45:14] INFO epoch 72 it 600/1704 loss 0.0551
[2026-06-01 22:45:14] INFO epoch 72 it 650/1704 loss 0.0520
[2026-06-01 22:45:15] INFO epoch 72 it 700/1704 loss 0.0548
[2026-06-01 22:45:15] INFO epoch 72 it 750/1704 loss 0.0534
[2026-06-01 22:45:16] INFO epoch 72 it 800/1704 loss 0.0536
[2026-06-01 22:45:16] INFO epoch 72 it 850/1704 loss 0.0542
[2026-06-01 22:45:17] INFO epoch 72 it 900/1704 loss 0.0544
[2026-06-01 22:45:17] INFO epoch 72 it 950/1704 loss 0.0526
[2026-06-01 22:45:17] INFO epoch 72 it 1000/1704 loss 0.0562
[2026-06-01 22:45:18] INFO epoch 72 it 1050/1704 loss 0.0541
[2026-06-01 22:45:18] INFO epoch 72 it 1100/1704 loss 0.0534
[2026-06-01 22:45:19] INFO epoch 72 it 1150/1704 loss 0.0539
[2026-06-01 22:45:19] INFO epoch 72 it 1200/1704 loss 0.0542
[2026-06-01 22:45:20] INFO epoch 72 it 1250/1704 loss 0.0566
[2026-06-01 22:45:20] INFO epoch 72 it 1300/1704 loss 0.0525
[2026-06-01 22:45:21] INFO epoch 72 it 1350/1704 loss 0.0560
[2026-06-01 22:45:21] INFO epoch 72 it 1400/1704 loss 0.0533
[2026-06-01 22:45:21] INFO epoch 72 it 1450/1704 loss 0.0561
[2026-06-01 22:45:22] INFO epoch 72 it 1500/1704 loss 0.0530
[2026-06-01 22:45:22] INFO epoch 72 it 1550/1704 loss 0.0559
[2026-06-01 22:45:23] INFO epoch 72 it 1600/1704 loss 0.0541
[2026-06-01 22:45:23] INFO epoch 72 it 1650/1704 loss 0.0561
[2026-06-01 22:45:24] INFO epoch 72 it 1700/1704 loss 0.0563
[2026-06-01 22:45:25] INFO epoch 72 done in 60.5s lr=1.69e-06 avg_train_loss=0.0545
[2026-06-01 22:46:07] INFO epoch 72 val MAE(HU): 63.17
[2026-06-01 22:46:07] INFO new best MAE: 63.17 ¡æ saved best.pth
[2026-06-01 22:46:51] INFO epoch 73 it 50/1704 loss 0.0546
[2026-06-01 22:46:52] INFO epoch 73 it 100/1704 loss 0.0539
[2026-06-01 22:46:52] INFO epoch 73 it 150/1704 loss 0.0558
[2026-06-01 22:46:53] INFO epoch 73 it 200/1704 loss 0.0549
[2026-06-01 22:46:53] INFO epoch 73 it 250/1704 loss 0.0536
[2026-06-01 22:46:54] INFO epoch 73 it 300/1704 loss 0.0542
[2026-06-01 22:46:54] INFO epoch 73 it 350/1704 loss 0.0550
[2026-06-01 22:46:54] INFO epoch 73 it 400/1704 loss 0.0533
[2026-06-01 22:46:55] INFO epoch 73 it 450/1704 loss 0.0556
[2026-06-01 22:46:55] INFO epoch 73 it 500/1704 loss 0.0547
[2026-06-01 22:46:56] INFO epoch 73 it 550/1704 loss 0.0558
[2026-06-01 22:46:56] INFO epoch 73 it 600/1704 loss 0.0546
[2026-06-01 22:46:57] INFO epoch 73 it 650/1704 loss 0.0555
[2026-06-01 22:46:57] INFO epoch 73 it 700/1704 loss 0.0541
[2026-06-01 22:46:58] INFO epoch 73 it 750/1704 loss 0.0540
[2026-06-01 22:46:58] INFO epoch 73 it 800/1704 loss 0.0563
[2026-06-01 22:46:58] INFO epoch 73 it 850/1704 loss 0.0532
[2026-06-01 22:46:59] INFO epoch 73 it 900/1704 loss 0.0554
[2026-06-01 22:46:59] INFO epoch 73 it 950/1704 loss 0.0554
[2026-06-01 22:47:00] INFO epoch 73 it 1000/1704 loss 0.0536
[2026-06-01 22:47:00] INFO epoch 73 it 1050/1704 loss 0.0544
[2026-06-01 22:47:01] INFO epoch 73 it 1100/1704 loss 0.0541
[2026-06-01 22:47:01] INFO epoch 73 it 1150/1704 loss 0.0536
[2026-06-01 22:47:02] INFO epoch 73 it 1200/1704 loss 0.0536
[2026-06-01 22:47:02] INFO epoch 73 it 1250/1704 loss 0.0559
[2026-06-01 22:47:03] INFO epoch 73 it 1300/1704 loss 0.0545
[2026-06-01 22:47:03] INFO epoch 73 it 1350/1704 loss 0.0550
[2026-06-01 22:47:03] INFO epoch 73 it 1400/1704 loss 0.0564
[2026-06-01 22:47:04] INFO epoch 73 it 1450/1704 loss 0.0521
[2026-06-01 22:47:04] INFO epoch 73 it 1500/1704 loss 0.0542
[2026-06-01 22:47:05] INFO epoch 73 it 1550/1704 loss 0.0561
[2026-06-01 22:47:05] INFO epoch 73 it 1600/1704 loss 0.0538
[2026-06-01 22:47:06] INFO epoch 73 it 1650/1704 loss 0.0537
[2026-06-01 22:47:06] INFO epoch 73 it 1700/1704 loss 0.0542
[2026-06-01 22:47:08] INFO epoch 73 done in 60.5s lr=1.58e-06 avg_train_loss=0.0545
[2026-06-01 22:47:49] INFO epoch 73 val MAE(HU): 63.10
[2026-06-01 22:47:49] INFO new best MAE: 63.10 ¡æ saved best.pth
[2026-06-01 22:48:34] INFO epoch 74 it 50/1704 loss 0.0532
[2026-06-01 22:48:34] INFO epoch 74 it 100/1704 loss 0.0538
[2026-06-01 22:48:35] INFO epoch 74 it 150/1704 loss 0.0544
[2026-06-01 22:48:35] INFO epoch 74 it 200/1704 loss 0.0547
[2026-06-01 22:48:35] INFO epoch 74 it 250/1704 loss 0.0545
[2026-06-01 22:48:36] INFO epoch 74 it 300/1704 loss 0.0518
[2026-06-01 22:48:36] INFO epoch 74 it 350/1704 loss 0.0520
[2026-06-01 22:48:37] INFO epoch 74 it 400/1704 loss 0.0567
[2026-06-01 22:48:37] INFO epoch 74 it 450/1704 loss 0.0559
[2026-06-01 22:48:38] INFO epoch 74 it 500/1704 loss 0.0548
[2026-06-01 22:48:38] INFO epoch 74 it 550/1704 loss 0.0546
[2026-06-01 22:48:39] INFO epoch 74 it 600/1704 loss 0.0555
[2026-06-01 22:48:39] INFO epoch 74 it 650/1704 loss 0.0550
[2026-06-01 22:48:39] INFO epoch 74 it 700/1704 loss 0.0539
[2026-06-01 22:48:40] INFO epoch 74 it 750/1704 loss 0.0529
[2026-06-01 22:48:40] INFO epoch 74 it 800/1704 loss 0.0534
[2026-06-01 22:48:41] INFO epoch 74 it 850/1704 loss 0.0558
[2026-06-01 22:48:41] INFO epoch 74 it 900/1704 loss 0.0558
[2026-06-01 22:48:42] INFO epoch 74 it 950/1704 loss 0.0537
[2026-06-01 22:48:42] INFO epoch 74 it 1000/1704 loss 0.0544
[2026-06-01 22:48:43] INFO epoch 74 it 1050/1704 loss 0.0556
[2026-06-01 22:48:43] INFO epoch 74 it 1100/1704 loss 0.0549
[2026-06-01 22:48:43] INFO epoch 74 it 1150/1704 loss 0.0554
[2026-06-01 22:48:44] INFO epoch 74 it 1200/1704 loss 0.0543
[2026-06-01 22:48:44] INFO epoch 74 it 1250/1704 loss 0.0551
[2026-06-01 22:48:45] INFO epoch 74 it 1300/1704 loss 0.0545
[2026-06-01 22:48:45] INFO epoch 74 it 1350/1704 loss 0.0548
[2026-06-01 22:48:46] INFO epoch 74 it 1400/1704 loss 0.0522
[2026-06-01 22:48:46] INFO epoch 74 it 1450/1704 loss 0.0550
[2026-06-01 22:48:47] INFO epoch 74 it 1500/1704 loss 0.0546
[2026-06-01 22:48:47] INFO epoch 74 it 1550/1704 loss 0.0553
[2026-06-01 22:48:47] INFO epoch 74 it 1600/1704 loss 0.0536
[2026-06-01 22:48:48] INFO epoch 74 it 1650/1704 loss 0.0548
[2026-06-01 22:48:48] INFO epoch 74 it 1700/1704 loss 0.0548
[2026-06-01 22:48:50] INFO epoch 74 done in 60.2s lr=1.46e-06 avg_train_loss=0.0545
[2026-06-01 22:49:32] INFO epoch 74 val MAE(HU): 63.04
[2026-06-01 22:49:32] INFO new best MAE: 63.04 ¡æ saved best.pth
[2026-06-01 22:50:16] INFO epoch 75 it 50/1704 loss 0.0553
[2026-06-01 22:50:17] INFO epoch 75 it 100/1704 loss 0.0560
[2026-06-01 22:50:17] INFO epoch 75 it 150/1704 loss 0.0529
[2026-06-01 22:50:18] INFO epoch 75 it 200/1704 loss 0.0549
[2026-06-01 22:50:18] INFO epoch 75 it 250/1704 loss 0.0543
[2026-06-01 22:50:19] INFO epoch 75 it 300/1704 loss 0.0528
[2026-06-01 22:50:19] INFO epoch 75 it 350/1704 loss 0.0546
[2026-06-01 22:50:19] INFO epoch 75 it 400/1704 loss 0.0543
[2026-06-01 22:50:20] INFO epoch 75 it 450/1704 loss 0.0542
[2026-06-01 22:50:20] INFO epoch 75 it 500/1704 loss 0.0567
[2026-06-01 22:50:21] INFO epoch 75 it 550/1704 loss 0.0535
[2026-06-01 22:50:21] INFO epoch 75 it 600/1704 loss 0.0561
[2026-06-01 22:50:22] INFO epoch 75 it 650/1704 loss 0.0533
[2026-06-01 22:50:22] INFO epoch 75 it 700/1704 loss 0.0555
[2026-06-01 22:50:23] INFO epoch 75 it 750/1704 loss 0.0549
[2026-06-01 22:50:23] INFO epoch 75 it 800/1704 loss 0.0548
[2026-06-01 22:50:24] INFO epoch 75 it 850/1704 loss 0.0552
[2026-06-01 22:50:24] INFO epoch 75 it 900/1704 loss 0.0535
[2026-06-01 22:50:24] INFO epoch 75 it 950/1704 loss 0.0539
[2026-06-01 22:50:25] INFO epoch 75 it 1000/1704 loss 0.0545
[2026-06-01 22:50:25] INFO epoch 75 it 1050/1704 loss 0.0559
[2026-06-01 22:50:26] INFO epoch 75 it 1100/1704 loss 0.0513
[2026-06-01 22:50:26] INFO epoch 75 it 1150/1704 loss 0.0561
[2026-06-01 22:50:27] INFO epoch 75 it 1200/1704 loss 0.0551
[2026-06-01 22:50:27] INFO epoch 75 it 1250/1704 loss 0.0539
[2026-06-01 22:50:28] INFO epoch 75 it 1300/1704 loss 0.0542
[2026-06-01 22:50:28] INFO epoch 75 it 1350/1704 loss 0.0551
[2026-06-01 22:50:29] INFO epoch 75 it 1400/1704 loss 0.0527
[2026-06-01 22:50:29] INFO epoch 75 it 1450/1704 loss 0.0539
[2026-06-01 22:50:29] INFO epoch 75 it 1500/1704 loss 0.0537
[2026-06-01 22:50:30] INFO epoch 75 it 1550/1704 loss 0.0544
[2026-06-01 22:50:30] INFO epoch 75 it 1600/1704 loss 0.0557
[2026-06-01 22:50:31] INFO epoch 75 it 1650/1704 loss 0.0537
[2026-06-01 22:50:31] INFO epoch 75 it 1700/1704 loss 0.0518
[2026-06-01 22:50:33] INFO epoch 75 done in 60.7s lr=1.36e-06 avg_train_loss=0.0544
[2026-06-01 22:51:15] INFO epoch 75 val MAE(HU): 62.97
[2026-06-01 22:51:15] INFO new best MAE: 62.97 ¡æ saved best.pth
[2026-06-01 22:51:59] INFO epoch 76 it 50/1704 loss 0.0534
[2026-06-01 22:51:59] INFO epoch 76 it 100/1704 loss 0.0540
[2026-06-01 22:52:00] INFO epoch 76 it 150/1704 loss 0.0538
[2026-06-01 22:52:00] INFO epoch 76 it 200/1704 loss 0.0564
[2026-06-01 22:52:01] INFO epoch 76 it 250/1704 loss 0.0546
[2026-06-01 22:52:01] INFO epoch 76 it 300/1704 loss 0.0550
[2026-06-01 22:52:02] INFO epoch 76 it 350/1704 loss 0.0532
[2026-06-01 22:52:02] INFO epoch 76 it 400/1704 loss 0.0545
[2026-06-01 22:52:02] INFO epoch 76 it 450/1704 loss 0.0554
[2026-06-01 22:52:03] INFO epoch 76 it 500/1704 loss 0.0528
[2026-06-01 22:52:03] INFO epoch 76 it 550/1704 loss 0.0531
[2026-06-01 22:52:04] INFO epoch 76 it 600/1704 loss 0.0553
[2026-06-01 22:52:04] INFO epoch 76 it 650/1704 loss 0.0539
[2026-06-01 22:52:05] INFO epoch 76 it 700/1704 loss 0.0539
[2026-06-01 22:52:05] INFO epoch 76 it 750/1704 loss 0.0534
[2026-06-01 22:52:06] INFO epoch 76 it 800/1704 loss 0.0545
[2026-06-01 22:52:06] INFO epoch 76 it 850/1704 loss 0.0557
[2026-06-01 22:52:06] INFO epoch 76 it 900/1704 loss 0.0530
[2026-06-01 22:52:07] INFO epoch 76 it 950/1704 loss 0.0547
[2026-06-01 22:52:07] INFO epoch 76 it 1000/1704 loss 0.0548
[2026-06-01 22:52:08] INFO epoch 76 it 1050/1704 loss 0.0535
[2026-06-01 22:52:08] INFO epoch 76 it 1100/1704 loss 0.0554
[2026-06-01 22:52:09] INFO epoch 76 it 1150/1704 loss 0.0549
[2026-06-01 22:52:09] INFO epoch 76 it 1200/1704 loss 0.0553
[2026-06-01 22:52:10] INFO epoch 76 it 1250/1704 loss 0.0551
[2026-06-01 22:52:10] INFO epoch 76 it 1300/1704 loss 0.0527
[2026-06-01 22:52:10] INFO epoch 76 it 1350/1704 loss 0.0544
[2026-06-01 22:52:11] INFO epoch 76 it 1400/1704 loss 0.0551
[2026-06-01 22:52:11] INFO epoch 76 it 1450/1704 loss 0.0538
[2026-06-01 22:52:12] INFO epoch 76 it 1500/1704 loss 0.0563
[2026-06-01 22:52:12] INFO epoch 76 it 1550/1704 loss 0.0552
[2026-06-01 22:52:13] INFO epoch 76 it 1600/1704 loss 0.0511
[2026-06-01 22:52:13] INFO epoch 76 it 1650/1704 loss 0.0533
[2026-06-01 22:52:14] INFO epoch 76 it 1700/1704 loss 0.0543
[2026-06-01 22:52:15] INFO epoch 76 done in 60.3s lr=1.25e-06 avg_train_loss=0.0543
[2026-06-01 22:52:57] INFO epoch 76 val MAE(HU): 62.91
[2026-06-01 22:52:57] INFO new best MAE: 62.91 ¡æ saved best.pth
[2026-06-01 22:53:41] INFO epoch 77 it 50/1704 loss 0.0532
[2026-06-01 22:53:42] INFO epoch 77 it 100/1704 loss 0.0559
[2026-06-01 22:53:42] INFO epoch 77 it 150/1704 loss 0.0552
[2026-06-01 22:53:43] INFO epoch 77 it 200/1704 loss 0.0546
[2026-06-01 22:53:43] INFO epoch 77 it 250/1704 loss 0.0568
[2026-06-01 22:53:44] INFO epoch 77 it 300/1704 loss 0.0532
[2026-06-01 22:53:44] INFO epoch 77 it 350/1704 loss 0.0535
[2026-06-01 22:53:45] INFO epoch 77 it 400/1704 loss 0.0539
[2026-06-01 22:53:45] INFO epoch 77 it 450/1704 loss 0.0537
[2026-06-01 22:53:45] INFO epoch 77 it 500/1704 loss 0.0556
[2026-06-01 22:53:46] INFO epoch 77 it 550/1704 loss 0.0560
[2026-06-01 22:53:46] INFO epoch 77 it 600/1704 loss 0.0538
[2026-06-01 22:53:47] INFO epoch 77 it 650/1704 loss 0.0556
[2026-06-01 22:53:47] INFO epoch 77 it 700/1704 loss 0.0556
[2026-06-01 22:53:48] INFO epoch 77 it 750/1704 loss 0.0527
[2026-06-01 22:53:48] INFO epoch 77 it 800/1704 loss 0.0517
[2026-06-01 22:53:49] INFO epoch 77 it 850/1704 loss 0.0525
[2026-06-01 22:53:49] INFO epoch 77 it 900/1704 loss 0.0530
[2026-06-01 22:53:49] INFO epoch 77 it 950/1704 loss 0.0542
[2026-06-01 22:53:50] INFO epoch 77 it 1000/1704 loss 0.0527
[2026-06-01 22:53:50] INFO epoch 77 it 1050/1704 loss 0.0543
[2026-06-01 22:53:51] INFO epoch 77 it 1100/1704 loss 0.0541
[2026-06-01 22:53:51] INFO epoch 77 it 1150/1704 loss 0.0544
[2026-06-01 22:53:52] INFO epoch 77 it 1200/1704 loss 0.0549
[2026-06-01 22:53:52] INFO epoch 77 it 1250/1704 loss 0.0539
[2026-06-01 22:53:53] INFO epoch 77 it 1300/1704 loss 0.0530
[2026-06-01 22:53:53] INFO epoch 77 it 1350/1704 loss 0.0576
[2026-06-01 22:53:53] INFO epoch 77 it 1400/1704 loss 0.0538
[2026-06-01 22:53:54] INFO epoch 77 it 1450/1704 loss 0.0545
[2026-06-01 22:53:54] INFO epoch 77 it 1500/1704 loss 0.0538
[2026-06-01 22:53:55] INFO epoch 77 it 1550/1704 loss 0.0541
[2026-06-01 22:53:55] INFO epoch 77 it 1600/1704 loss 0.0532
[2026-06-01 22:53:56] INFO epoch 77 it 1650/1704 loss 0.0520
[2026-06-01 22:53:56] INFO epoch 77 it 1700/1704 loss 0.0568
[2026-06-01 22:53:58] INFO epoch 77 done in 60.6s lr=1.15e-06 avg_train_loss=0.0542
[2026-06-01 22:54:39] INFO epoch 77 val MAE(HU): 62.84
[2026-06-01 22:54:39] INFO new best MAE: 62.84 ¡æ saved best.pth
[2026-06-01 22:55:24] INFO epoch 78 it 50/1704 loss 0.0538
[2026-06-01 22:55:25] INFO epoch 78 it 100/1704 loss 0.0530
[2026-06-01 22:55:25] INFO epoch 78 it 150/1704 loss 0.0543
[2026-06-01 22:55:25] INFO epoch 78 it 200/1704 loss 0.0562
[2026-06-01 22:55:26] INFO epoch 78 it 250/1704 loss 0.0561
[2026-06-01 22:55:26] INFO epoch 78 it 300/1704 loss 0.0537
[2026-06-01 22:55:27] INFO epoch 78 it 350/1704 loss 0.0569
[2026-06-01 22:55:27] INFO epoch 78 it 400/1704 loss 0.0519
[2026-06-01 22:55:28] INFO epoch 78 it 450/1704 loss 0.0538
[2026-06-01 22:55:28] INFO epoch 78 it 500/1704 loss 0.0547
[2026-06-01 22:55:29] INFO epoch 78 it 550/1704 loss 0.0561
[2026-06-01 22:55:29] INFO epoch 78 it 600/1704 loss 0.0536
[2026-06-01 22:55:30] INFO epoch 78 it 650/1704 loss 0.0544
[2026-06-01 22:55:30] INFO epoch 78 it 700/1704 loss 0.0539
[2026-06-01 22:55:30] INFO epoch 78 it 750/1704 loss 0.0545
[2026-06-01 22:55:31] INFO epoch 78 it 800/1704 loss 0.0523
[2026-06-01 22:55:31] INFO epoch 78 it 850/1704 loss 0.0533
[2026-06-01 22:55:32] INFO epoch 78 it 900/1704 loss 0.0551
[2026-06-01 22:55:32] INFO epoch 78 it 950/1704 loss 0.0550
[2026-06-01 22:55:33] INFO epoch 78 it 1000/1704 loss 0.0543
[2026-06-01 22:55:33] INFO epoch 78 it 1050/1704 loss 0.0539
[2026-06-01 22:55:34] INFO epoch 78 it 1100/1704 loss 0.0528
[2026-06-01 22:55:34] INFO epoch 78 it 1150/1704 loss 0.0539
[2026-06-01 22:55:35] INFO epoch 78 it 1200/1704 loss 0.0525
[2026-06-01 22:55:35] INFO epoch 78 it 1250/1704 loss 0.0555
[2026-06-01 22:55:35] INFO epoch 78 it 1300/1704 loss 0.0537
[2026-06-01 22:55:36] INFO epoch 78 it 1350/1704 loss 0.0546
[2026-06-01 22:55:36] INFO epoch 78 it 1400/1704 loss 0.0553
[2026-06-01 22:55:37] INFO epoch 78 it 1450/1704 loss 0.0538
[2026-06-01 22:55:37] INFO epoch 78 it 1500/1704 loss 0.0542
[2026-06-01 22:55:38] INFO epoch 78 it 1550/1704 loss 0.0544
[2026-06-01 22:55:38] INFO epoch 78 it 1600/1704 loss 0.0545
[2026-06-01 22:55:38] INFO epoch 78 it 1650/1704 loss 0.0533
[2026-06-01 22:55:39] INFO epoch 78 it 1700/1704 loss 0.0534
[2026-06-01 22:55:40] INFO epoch 78 done in 60.7s lr=1.05e-06 avg_train_loss=0.0542
[2026-06-01 22:56:22] INFO epoch 78 val MAE(HU): 62.81
[2026-06-01 22:56:22] INFO new best MAE: 62.81 ¡æ saved best.pth
[2026-06-01 22:57:07] INFO epoch 79 it 50/1704 loss 0.0521
[2026-06-01 22:57:07] INFO epoch 79 it 100/1704 loss 0.0543
[2026-06-01 22:57:08] INFO epoch 79 it 150/1704 loss 0.0529
[2026-06-01 22:57:08] INFO epoch 79 it 200/1704 loss 0.0566
[2026-06-01 22:57:08] INFO epoch 79 it 250/1704 loss 0.0548
[2026-06-01 22:57:09] INFO epoch 79 it 300/1704 loss 0.0552
[2026-06-01 22:57:09] INFO epoch 79 it 350/1704 loss 0.0550
[2026-06-01 22:57:10] INFO epoch 79 it 400/1704 loss 0.0554
[2026-06-01 22:57:10] INFO epoch 79 it 450/1704 loss 0.0543
[2026-06-01 22:57:11] INFO epoch 79 it 500/1704 loss 0.0523
[2026-06-01 22:57:11] INFO epoch 79 it 550/1704 loss 0.0544
[2026-06-01 22:57:12] INFO epoch 79 it 600/1704 loss 0.0568
[2026-06-01 22:57:12] INFO epoch 79 it 650/1704 loss 0.0542
[2026-06-01 22:57:12] INFO epoch 79 it 700/1704 loss 0.0541
[2026-06-01 22:57:13] INFO epoch 79 it 750/1704 loss 0.0524
[2026-06-01 22:57:13] INFO epoch 79 it 800/1704 loss 0.0547
[2026-06-01 22:57:14] INFO epoch 79 it 850/1704 loss 0.0541
[2026-06-01 22:57:14] INFO epoch 79 it 900/1704 loss 0.0518
[2026-06-01 22:57:15] INFO epoch 79 it 950/1704 loss 0.0530
[2026-06-01 22:57:15] INFO epoch 79 it 1000/1704 loss 0.0524
[2026-06-01 22:57:16] INFO epoch 79 it 1050/1704 loss 0.0545
[2026-06-01 22:57:16] INFO epoch 79 it 1100/1704 loss 0.0529
[2026-06-01 22:57:16] INFO epoch 79 it 1150/1704 loss 0.0538
[2026-06-01 22:57:17] INFO epoch 79 it 1200/1704 loss 0.0555
[2026-06-01 22:57:17] INFO epoch 79 it 1250/1704 loss 0.0560
[2026-06-01 22:57:18] INFO epoch 79 it 1300/1704 loss 0.0535
[2026-06-01 22:57:18] INFO epoch 79 it 1350/1704 loss 0.0529
[2026-06-01 22:57:19] INFO epoch 79 it 1400/1704 loss 0.0546
[2026-06-01 22:57:19] INFO epoch 79 it 1450/1704 loss 0.0538
[2026-06-01 22:57:20] INFO epoch 79 it 1500/1704 loss 0.0546
[2026-06-01 22:57:20] INFO epoch 79 it 1550/1704 loss 0.0560
[2026-06-01 22:57:20] INFO epoch 79 it 1600/1704 loss 0.0526
[2026-06-01 22:57:21] INFO epoch 79 it 1650/1704 loss 0.0550
[2026-06-01 22:57:21] INFO epoch 79 it 1700/1704 loss 0.0539
[2026-06-01 22:57:23] INFO epoch 79 done in 60.4s lr=9.55e-07 avg_train_loss=0.0541
[2026-06-01 22:58:05] INFO epoch 79 val MAE(HU): 62.75
[2026-06-01 22:58:05] INFO new best MAE: 62.75 ¡æ saved best.pth
[2026-06-01 22:58:49] INFO epoch 80 it 50/1704 loss 0.0537
[2026-06-01 22:58:50] INFO epoch 80 it 100/1704 loss 0.0533
[2026-06-01 22:58:50] INFO epoch 80 it 150/1704 loss 0.0541
[2026-06-01 22:58:50] INFO epoch 80 it 200/1704 loss 0.0526
[2026-06-01 22:58:51] INFO epoch 80 it 250/1704 loss 0.0522
[2026-06-01 22:58:51] INFO epoch 80 it 300/1704 loss 0.0550
[2026-06-01 22:58:52] INFO epoch 80 it 350/1704 loss 0.0531
[2026-06-01 22:58:52] INFO epoch 80 it 400/1704 loss 0.0555
[2026-06-01 22:58:53] INFO epoch 80 it 450/1704 loss 0.0557
[2026-06-01 22:58:53] INFO epoch 80 it 500/1704 loss 0.0528
[2026-06-01 22:58:54] INFO epoch 80 it 550/1704 loss 0.0534
[2026-06-01 22:58:54] INFO epoch 80 it 600/1704 loss 0.0525
[2026-06-01 22:58:54] INFO epoch 80 it 650/1704 loss 0.0529
[2026-06-01 22:58:55] INFO epoch 80 it 700/1704 loss 0.0541
[2026-06-01 22:58:55] INFO epoch 80 it 750/1704 loss 0.0542
[2026-06-01 22:58:56] INFO epoch 80 it 800/1704 loss 0.0536
[2026-06-01 22:58:56] INFO epoch 80 it 850/1704 loss 0.0540
[2026-06-01 22:58:57] INFO epoch 80 it 900/1704 loss 0.0554
[2026-06-01 22:58:57] INFO epoch 80 it 950/1704 loss 0.0539
[2026-06-01 22:58:58] INFO epoch 80 it 1000/1704 loss 0.0536
[2026-06-01 22:58:58] INFO epoch 80 it 1050/1704 loss 0.0566
[2026-06-01 22:58:58] INFO epoch 80 it 1100/1704 loss 0.0555
[2026-06-01 22:58:59] INFO epoch 80 it 1150/1704 loss 0.0534
[2026-06-01 22:58:59] INFO epoch 80 it 1200/1704 loss 0.0533
[2026-06-01 22:59:00] INFO epoch 80 it 1250/1704 loss 0.0546
[2026-06-01 22:59:00] INFO epoch 80 it 1300/1704 loss 0.0538
[2026-06-01 22:59:01] INFO epoch 80 it 1350/1704 loss 0.0535
[2026-06-01 22:59:01] INFO epoch 80 it 1400/1704 loss 0.0553
[2026-06-01 22:59:01] INFO epoch 80 it 1450/1704 loss 0.0536
[2026-06-01 22:59:02] INFO epoch 80 it 1500/1704 loss 0.0553
[2026-06-01 22:59:02] INFO epoch 80 it 1550/1704 loss 0.0533
[2026-06-01 22:59:03] INFO epoch 80 it 1600/1704 loss 0.0544
[2026-06-01 22:59:03] INFO epoch 80 it 1650/1704 loss 0.0582
[2026-06-01 22:59:04] INFO epoch 80 it 1700/1704 loss 0.0554
[2026-06-01 22:59:05] INFO epoch 80 done in 60.4s lr=8.65e-07 avg_train_loss=0.0542
[2026-06-01 22:59:47] INFO epoch 80 val MAE(HU): 62.69
[2026-06-01 22:59:47] INFO new best MAE: 62.69 ¡æ saved best.pth
[2026-06-01 23:00:32] INFO epoch 81 it 50/1704 loss 0.0538
[2026-06-01 23:00:32] INFO epoch 81 it 100/1704 loss 0.0554
[2026-06-01 23:00:32] INFO epoch 81 it 150/1704 loss 0.0538
[2026-06-01 23:00:33] INFO epoch 81 it 200/1704 loss 0.0537
[2026-06-01 23:00:33] INFO epoch 81 it 250/1704 loss 0.0553
[2026-06-01 23:00:34] INFO epoch 81 it 300/1704 loss 0.0542
[2026-06-01 23:00:34] INFO epoch 81 it 350/1704 loss 0.0553
[2026-06-01 23:00:35] INFO epoch 81 it 400/1704 loss 0.0540
[2026-06-01 23:00:35] INFO epoch 81 it 450/1704 loss 0.0539
[2026-06-01 23:00:36] INFO epoch 81 it 500/1704 loss 0.0525
[2026-06-01 23:00:36] INFO epoch 81 it 550/1704 loss 0.0549
[2026-06-01 23:00:36] INFO epoch 81 it 600/1704 loss 0.0565
[2026-06-01 23:00:37] INFO epoch 81 it 650/1704 loss 0.0544
[2026-06-01 23:00:37] INFO epoch 81 it 700/1704 loss 0.0535
[2026-06-01 23:00:38] INFO epoch 81 it 750/1704 loss 0.0523
[2026-06-01 23:00:38] INFO epoch 81 it 800/1704 loss 0.0523
[2026-06-01 23:00:39] INFO epoch 81 it 850/1704 loss 0.0522
[2026-06-01 23:00:39] INFO epoch 81 it 900/1704 loss 0.0512
[2026-06-01 23:00:40] INFO epoch 81 it 950/1704 loss 0.0561
[2026-06-01 23:00:40] INFO epoch 81 it 1000/1704 loss 0.0539
[2026-06-01 23:00:40] INFO epoch 81 it 1050/1704 loss 0.0563
[2026-06-01 23:00:41] INFO epoch 81 it 1100/1704 loss 0.0543
[2026-06-01 23:00:41] INFO epoch 81 it 1150/1704 loss 0.0552
[2026-06-01 23:00:42] INFO epoch 81 it 1200/1704 loss 0.0543
[2026-06-01 23:00:42] INFO epoch 81 it 1250/1704 loss 0.0527
[2026-06-01 23:00:43] INFO epoch 81 it 1300/1704 loss 0.0538
[2026-06-01 23:00:43] INFO epoch 81 it 1350/1704 loss 0.0551
[2026-06-01 23:00:44] INFO epoch 81 it 1400/1704 loss 0.0525
[2026-06-01 23:00:44] INFO epoch 81 it 1450/1704 loss 0.0561
[2026-06-01 23:00:45] INFO epoch 81 it 1500/1704 loss 0.0551
[2026-06-01 23:00:45] INFO epoch 81 it 1550/1704 loss 0.0543
[2026-06-01 23:00:46] INFO epoch 81 it 1600/1704 loss 0.0518
[2026-06-01 23:00:46] INFO epoch 81 it 1650/1704 loss 0.0542
[2026-06-01 23:00:46] INFO epoch 81 it 1700/1704 loss 0.0549
[2026-06-01 23:00:48] INFO epoch 81 done in 60.9s lr=7.78e-07 avg_train_loss=0.0541
[2026-06-01 23:01:30] INFO epoch 81 val MAE(HU): 62.66
[2026-06-01 23:01:30] INFO new best MAE: 62.66 ¡æ saved best.pth
[2026-06-01 23:02:14] INFO epoch 82 it 50/1704 loss 0.0521
[2026-06-01 23:02:15] INFO epoch 82 it 100/1704 loss 0.0555
[2026-06-01 23:02:15] INFO epoch 82 it 150/1704 loss 0.0556
[2026-06-01 23:02:16] INFO epoch 82 it 200/1704 loss 0.0530
[2026-06-01 23:02:16] INFO epoch 82 it 250/1704 loss 0.0540
[2026-06-01 23:02:16] INFO epoch 82 it 300/1704 loss 0.0549
[2026-06-01 23:02:17] INFO epoch 82 it 350/1704 loss 0.0551
[2026-06-01 23:02:17] INFO epoch 82 it 400/1704 loss 0.0547
[2026-06-01 23:02:18] INFO epoch 82 it 450/1704 loss 0.0558
[2026-06-01 23:02:18] INFO epoch 82 it 500/1704 loss 0.0550
[2026-06-01 23:02:19] INFO epoch 82 it 550/1704 loss 0.0554
[2026-06-01 23:02:19] INFO epoch 82 it 600/1704 loss 0.0536
[2026-06-01 23:02:20] INFO epoch 82 it 650/1704 loss 0.0523
[2026-06-01 23:02:20] INFO epoch 82 it 700/1704 loss 0.0535
[2026-06-01 23:02:20] INFO epoch 82 it 750/1704 loss 0.0526
[2026-06-01 23:02:21] INFO epoch 82 it 800/1704 loss 0.0551
[2026-06-01 23:02:21] INFO epoch 82 it 850/1704 loss 0.0531
[2026-06-01 23:02:22] INFO epoch 82 it 900/1704 loss 0.0537
[2026-06-01 23:02:22] INFO epoch 82 it 950/1704 loss 0.0531
[2026-06-01 23:02:23] INFO epoch 82 it 1000/1704 loss 0.0535
[2026-06-01 23:02:23] INFO epoch 82 it 1050/1704 loss 0.0553
[2026-06-01 23:02:24] INFO epoch 82 it 1100/1704 loss 0.0537
[2026-06-01 23:02:24] INFO epoch 82 it 1150/1704 loss 0.0543
[2026-06-01 23:02:24] INFO epoch 82 it 1200/1704 loss 0.0549
[2026-06-01 23:02:25] INFO epoch 82 it 1250/1704 loss 0.0549
[2026-06-01 23:02:25] INFO epoch 82 it 1300/1704 loss 0.0557
[2026-06-01 23:02:26] INFO epoch 82 it 1350/1704 loss 0.0542
[2026-06-01 23:02:26] INFO epoch 82 it 1400/1704 loss 0.0535
[2026-06-01 23:02:27] INFO epoch 82 it 1450/1704 loss 0.0542
[2026-06-01 23:02:27] INFO epoch 82 it 1500/1704 loss 0.0538
[2026-06-01 23:02:27] INFO epoch 82 it 1550/1704 loss 0.0541
[2026-06-01 23:02:28] INFO epoch 82 it 1600/1704 loss 0.0544
[2026-06-01 23:02:28] INFO epoch 82 it 1650/1704 loss 0.0528
[2026-06-01 23:02:29] INFO epoch 82 it 1700/1704 loss 0.0521
[2026-06-01 23:02:30] INFO epoch 82 done in 60.3s lr=6.96e-07 avg_train_loss=0.0541
[2026-06-01 23:03:12] INFO epoch 82 val MAE(HU): 62.62
[2026-06-01 23:03:12] INFO new best MAE: 62.62 ¡æ saved best.pth
[2026-06-01 23:03:56] INFO epoch 83 it 50/1704 loss 0.0553
[2026-06-01 23:03:57] INFO epoch 83 it 100/1704 loss 0.0562
[2026-06-01 23:03:57] INFO epoch 83 it 150/1704 loss 0.0520
[2026-06-01 23:03:58] INFO epoch 83 it 200/1704 loss 0.0521
[2026-06-01 23:03:58] INFO epoch 83 it 250/1704 loss 0.0544
[2026-06-01 23:03:59] INFO epoch 83 it 300/1704 loss 0.0535
[2026-06-01 23:03:59] INFO epoch 83 it 350/1704 loss 0.0542
[2026-06-01 23:04:00] INFO epoch 83 it 400/1704 loss 0.0554
[2026-06-01 23:04:00] INFO epoch 83 it 450/1704 loss 0.0541
[2026-06-01 23:04:01] INFO epoch 83 it 500/1704 loss 0.0548
[2026-06-01 23:04:01] INFO epoch 83 it 550/1704 loss 0.0557
[2026-06-01 23:04:01] INFO epoch 83 it 600/1704 loss 0.0542
[2026-06-01 23:04:02] INFO epoch 83 it 650/1704 loss 0.0541
[2026-06-01 23:04:02] INFO epoch 83 it 700/1704 loss 0.0526
[2026-06-01 23:04:03] INFO epoch 83 it 750/1704 loss 0.0530
[2026-06-01 23:04:03] INFO epoch 83 it 800/1704 loss 0.0542
[2026-06-01 23:04:04] INFO epoch 83 it 850/1704 loss 0.0539
[2026-06-01 23:04:04] INFO epoch 83 it 900/1704 loss 0.0535
[2026-06-01 23:04:05] INFO epoch 83 it 950/1704 loss 0.0560
[2026-06-01 23:04:05] INFO epoch 83 it 1000/1704 loss 0.0536
[2026-06-01 23:04:05] INFO epoch 83 it 1050/1704 loss 0.0537
[2026-06-01 23:04:06] INFO epoch 83 it 1100/1704 loss 0.0549
[2026-06-01 23:04:06] INFO epoch 83 it 1150/1704 loss 0.0523
[2026-06-01 23:04:07] INFO epoch 83 it 1200/1704 loss 0.0536
[2026-06-01 23:04:07] INFO epoch 83 it 1250/1704 loss 0.0556
[2026-06-01 23:04:08] INFO epoch 83 it 1300/1704 loss 0.0531
[2026-06-01 23:04:08] INFO epoch 83 it 1350/1704 loss 0.0535
[2026-06-01 23:04:09] INFO epoch 83 it 1400/1704 loss 0.0541
[2026-06-01 23:04:09] INFO epoch 83 it 1450/1704 loss 0.0550
[2026-06-01 23:04:09] INFO epoch 83 it 1500/1704 loss 0.0548
[2026-06-01 23:04:10] INFO epoch 83 it 1550/1704 loss 0.0508
[2026-06-01 23:04:10] INFO epoch 83 it 1600/1704 loss 0.0544
[2026-06-01 23:04:11] INFO epoch 83 it 1650/1704 loss 0.0544
[2026-06-01 23:04:11] INFO epoch 83 it 1700/1704 loss 0.0546
[2026-06-01 23:04:13] INFO epoch 83 done in 60.4s lr=6.18e-07 avg_train_loss=0.0540
[2026-06-01 23:04:54] INFO epoch 83 val MAE(HU): 62.60
[2026-06-01 23:04:54] INFO new best MAE: 62.60 ¡æ saved best.pth
[2026-06-01 23:05:39] INFO epoch 84 it 50/1704 loss 0.0528
[2026-06-01 23:05:39] INFO epoch 84 it 100/1704 loss 0.0532
[2026-06-01 23:05:39] INFO epoch 84 it 150/1704 loss 0.0553
[2026-06-01 23:05:40] INFO epoch 84 it 200/1704 loss 0.0554
[2026-06-01 23:05:40] INFO epoch 84 it 250/1704 loss 0.0538
[2026-06-01 23:05:41] INFO epoch 84 it 300/1704 loss 0.0542
[2026-06-01 23:05:41] INFO epoch 84 it 350/1704 loss 0.0565
[2026-06-01 23:05:42] INFO epoch 84 it 400/1704 loss 0.0542
[2026-06-01 23:05:42] INFO epoch 84 it 450/1704 loss 0.0528
[2026-06-01 23:05:43] INFO epoch 84 it 500/1704 loss 0.0545
[2026-06-01 23:05:43] INFO epoch 84 it 550/1704 loss 0.0550
[2026-06-01 23:05:44] INFO epoch 84 it 600/1704 loss 0.0529
[2026-06-01 23:05:44] INFO epoch 84 it 650/1704 loss 0.0554
[2026-06-01 23:05:44] INFO epoch 84 it 700/1704 loss 0.0550
[2026-06-01 23:05:45] INFO epoch 84 it 750/1704 loss 0.0535
[2026-06-01 23:05:45] INFO epoch 84 it 800/1704 loss 0.0525
[2026-06-01 23:05:46] INFO epoch 84 it 850/1704 loss 0.0541
[2026-06-01 23:05:46] INFO epoch 84 it 900/1704 loss 0.0555
[2026-06-01 23:05:47] INFO epoch 84 it 950/1704 loss 0.0563
[2026-06-01 23:05:47] INFO epoch 84 it 1000/1704 loss 0.0535
[2026-06-01 23:05:48] INFO epoch 84 it 1050/1704 loss 0.0549
[2026-06-01 23:05:48] INFO epoch 84 it 1100/1704 loss 0.0531
[2026-06-01 23:05:48] INFO epoch 84 it 1150/1704 loss 0.0524
[2026-06-01 23:05:49] INFO epoch 84 it 1200/1704 loss 0.0525
[2026-06-01 23:05:49] INFO epoch 84 it 1250/1704 loss 0.0519
[2026-06-01 23:05:50] INFO epoch 84 it 1300/1704 loss 0.0552
[2026-06-01 23:05:50] INFO epoch 84 it 1350/1704 loss 0.0546
[2026-06-01 23:05:51] INFO epoch 84 it 1400/1704 loss 0.0543
[2026-06-01 23:05:51] INFO epoch 84 it 1450/1704 loss 0.0517
[2026-06-01 23:05:52] INFO epoch 84 it 1500/1704 loss 0.0529
[2026-06-01 23:05:52] INFO epoch 84 it 1550/1704 loss 0.0544
[2026-06-01 23:05:52] INFO epoch 84 it 1600/1704 loss 0.0526
[2026-06-01 23:05:53] INFO epoch 84 it 1650/1704 loss 0.0538
[2026-06-01 23:05:53] INFO epoch 84 it 1700/1704 loss 0.0551
[2026-06-01 23:05:55] INFO epoch 84 done in 60.3s lr=5.45e-07 avg_train_loss=0.0540
[2026-06-01 23:06:37] INFO epoch 84 val MAE(HU): 62.55
[2026-06-01 23:06:37] INFO new best MAE: 62.55 ¡æ saved best.pth
[2026-06-01 23:07:21] INFO epoch 85 it 50/1704 loss 0.0518
[2026-06-01 23:07:22] INFO epoch 85 it 100/1704 loss 0.0540
[2026-06-01 23:07:22] INFO epoch 85 it 150/1704 loss 0.0529
[2026-06-01 23:07:23] INFO epoch 85 it 200/1704 loss 0.0544
[2026-06-01 23:07:23] INFO epoch 85 it 250/1704 loss 0.0516
[2026-06-01 23:07:24] INFO epoch 85 it 300/1704 loss 0.0542
[2026-06-01 23:07:24] INFO epoch 85 it 350/1704 loss 0.0536
[2026-06-01 23:07:24] INFO epoch 85 it 400/1704 loss 0.0541
[2026-06-01 23:07:25] INFO epoch 85 it 450/1704 loss 0.0515
[2026-06-01 23:07:25] INFO epoch 85 it 500/1704 loss 0.0538
[2026-06-01 23:07:26] INFO epoch 85 it 550/1704 loss 0.0538
[2026-06-01 23:07:26] INFO epoch 85 it 600/1704 loss 0.0531
[2026-06-01 23:07:27] INFO epoch 85 it 650/1704 loss 0.0550
[2026-06-01 23:07:27] INFO epoch 85 it 700/1704 loss 0.0512
[2026-06-01 23:07:28] INFO epoch 85 it 750/1704 loss 0.0534
[2026-06-01 23:07:28] INFO epoch 85 it 800/1704 loss 0.0539
[2026-06-01 23:07:28] INFO epoch 85 it 850/1704 loss 0.0554
[2026-06-01 23:07:29] INFO epoch 85 it 900/1704 loss 0.0530
[2026-06-01 23:07:29] INFO epoch 85 it 950/1704 loss 0.0553
[2026-06-01 23:07:30] INFO epoch 85 it 1000/1704 loss 0.0547
[2026-06-01 23:07:30] INFO epoch 85 it 1050/1704 loss 0.0537
[2026-06-01 23:07:31] INFO epoch 85 it 1100/1704 loss 0.0564
[2026-06-01 23:07:31] INFO epoch 85 it 1150/1704 loss 0.0543
[2026-06-01 23:07:32] INFO epoch 85 it 1200/1704 loss 0.0559
[2026-06-01 23:07:32] INFO epoch 85 it 1250/1704 loss 0.0576
[2026-06-01 23:07:32] INFO epoch 85 it 1300/1704 loss 0.0536
[2026-06-01 23:07:33] INFO epoch 85 it 1350/1704 loss 0.0529
[2026-06-01 23:07:33] INFO epoch 85 it 1400/1704 loss 0.0552
[2026-06-01 23:07:34] INFO epoch 85 it 1450/1704 loss 0.0541
[2026-06-01 23:07:34] INFO epoch 85 it 1500/1704 loss 0.0548
[2026-06-01 23:07:35] INFO epoch 85 it 1550/1704 loss 0.0566
[2026-06-01 23:07:35] INFO epoch 85 it 1600/1704 loss 0.0524
[2026-06-01 23:07:36] INFO epoch 85 it 1650/1704 loss 0.0537
[2026-06-01 23:07:36] INFO epoch 85 it 1700/1704 loss 0.0539
[2026-06-01 23:07:37] INFO epoch 85 done in 60.7s lr=4.76e-07 avg_train_loss=0.0540
[2026-06-01 23:08:19] INFO epoch 85 val MAE(HU): 62.53
[2026-06-01 23:08:19] INFO new best MAE: 62.53 ¡æ saved best.pth
[2026-06-01 23:09:04] INFO epoch 86 it 50/1704 loss 0.0516
[2026-06-01 23:09:05] INFO epoch 86 it 100/1704 loss 0.0531
[2026-06-01 23:09:05] INFO epoch 86 it 150/1704 loss 0.0530
[2026-06-01 23:09:05] INFO epoch 86 it 200/1704 loss 0.0537
[2026-06-01 23:09:06] INFO epoch 86 it 250/1704 loss 0.0536
[2026-06-01 23:09:06] INFO epoch 86 it 300/1704 loss 0.0542
[2026-06-01 23:09:07] INFO epoch 86 it 350/1704 loss 0.0549
[2026-06-01 23:09:07] INFO epoch 86 it 400/1704 loss 0.0534
[2026-06-01 23:09:08] INFO epoch 86 it 450/1704 loss 0.0523
[2026-06-01 23:09:08] INFO epoch 86 it 500/1704 loss 0.0554
[2026-06-01 23:09:09] INFO epoch 86 it 550/1704 loss 0.0539
[2026-06-01 23:09:09] INFO epoch 86 it 600/1704 loss 0.0533
[2026-06-01 23:09:09] INFO epoch 86 it 650/1704 loss 0.0537
[2026-06-01 23:09:10] INFO epoch 86 it 700/1704 loss 0.0553
[2026-06-01 23:09:10] INFO epoch 86 it 750/1704 loss 0.0540
[2026-06-01 23:09:11] INFO epoch 86 it 800/1704 loss 0.0541
[2026-06-01 23:09:11] INFO epoch 86 it 850/1704 loss 0.0548
[2026-06-01 23:09:12] INFO epoch 86 it 900/1704 loss 0.0546
[2026-06-01 23:09:12] INFO epoch 86 it 950/1704 loss 0.0552
[2026-06-01 23:09:13] INFO epoch 86 it 1000/1704 loss 0.0546
[2026-06-01 23:09:13] INFO epoch 86 it 1050/1704 loss 0.0556
[2026-06-01 23:09:13] INFO epoch 86 it 1100/1704 loss 0.0549
[2026-06-01 23:09:14] INFO epoch 86 it 1150/1704 loss 0.0535
[2026-06-01 23:09:14] INFO epoch 86 it 1200/1704 loss 0.0528
[2026-06-01 23:09:15] INFO epoch 86 it 1250/1704 loss 0.0534
[2026-06-01 23:09:15] INFO epoch 86 it 1300/1704 loss 0.0545
[2026-06-01 23:09:16] INFO epoch 86 it 1350/1704 loss 0.0555
[2026-06-01 23:09:16] INFO epoch 86 it 1400/1704 loss 0.0548
[2026-06-01 23:09:17] INFO epoch 86 it 1450/1704 loss 0.0529
[2026-06-01 23:09:17] INFO epoch 86 it 1500/1704 loss 0.0525
[2026-06-01 23:09:17] INFO epoch 86 it 1550/1704 loss 0.0537
[2026-06-01 23:09:18] INFO epoch 86 it 1600/1704 loss 0.0572
[2026-06-01 23:09:18] INFO epoch 86 it 1650/1704 loss 0.0541
[2026-06-01 23:09:19] INFO epoch 86 it 1700/1704 loss 0.0515
[2026-06-01 23:09:20] INFO epoch 86 done in 60.6s lr=4.11e-07 avg_train_loss=0.0540
[2026-06-01 23:10:02] INFO epoch 86 val MAE(HU): 62.51
[2026-06-01 23:10:02] INFO new best MAE: 62.51 ¡æ saved best.pth
[2026-06-01 23:10:47] INFO epoch 87 it 50/1704 loss 0.0534
[2026-06-01 23:10:48] INFO epoch 87 it 100/1704 loss 0.0547
[2026-06-01 23:10:48] INFO epoch 87 it 150/1704 loss 0.0542
[2026-06-01 23:10:48] INFO epoch 87 it 200/1704 loss 0.0530
[2026-06-01 23:10:49] INFO epoch 87 it 250/1704 loss 0.0565
[2026-06-01 23:10:49] INFO epoch 87 it 300/1704 loss 0.0536
[2026-06-01 23:10:50] INFO epoch 87 it 350/1704 loss 0.0539
[2026-06-01 23:10:50] INFO epoch 87 it 400/1704 loss 0.0520
[2026-06-01 23:10:51] INFO epoch 87 it 450/1704 loss 0.0550
[2026-06-01 23:10:51] INFO epoch 87 it 500/1704 loss 0.0548
[2026-06-01 23:10:52] INFO epoch 87 it 550/1704 loss 0.0542
[2026-06-01 23:10:52] INFO epoch 87 it 600/1704 loss 0.0528
[2026-06-01 23:10:52] INFO epoch 87 it 650/1704 loss 0.0541
[2026-06-01 23:10:53] INFO epoch 87 it 700/1704 loss 0.0554
[2026-06-01 23:10:53] INFO epoch 87 it 750/1704 loss 0.0551
[2026-06-01 23:10:54] INFO epoch 87 it 800/1704 loss 0.0529
[2026-06-01 23:10:54] INFO epoch 87 it 850/1704 loss 0.0507
[2026-06-01 23:10:55] INFO epoch 87 it 900/1704 loss 0.0556
[2026-06-01 23:10:55] INFO epoch 87 it 950/1704 loss 0.0528
[2026-06-01 23:10:56] INFO epoch 87 it 1000/1704 loss 0.0538
[2026-06-01 23:10:56] INFO epoch 87 it 1050/1704 loss 0.0547
[2026-06-01 23:10:56] INFO epoch 87 it 1100/1704 loss 0.0532
[2026-06-01 23:10:57] INFO epoch 87 it 1150/1704 loss 0.0533
[2026-06-01 23:10:57] INFO epoch 87 it 1200/1704 loss 0.0540
[2026-06-01 23:10:58] INFO epoch 87 it 1250/1704 loss 0.0543
[2026-06-01 23:10:58] INFO epoch 87 it 1300/1704 loss 0.0542
[2026-06-01 23:10:59] INFO epoch 87 it 1350/1704 loss 0.0555
[2026-06-01 23:10:59] INFO epoch 87 it 1400/1704 loss 0.0542
[2026-06-01 23:11:00] INFO epoch 87 it 1450/1704 loss 0.0540
[2026-06-01 23:11:00] INFO epoch 87 it 1500/1704 loss 0.0538
[2026-06-01 23:11:01] INFO epoch 87 it 1550/1704 loss 0.0522
[2026-06-01 23:11:01] INFO epoch 87 it 1600/1704 loss 0.0529
[2026-06-01 23:11:01] INFO epoch 87 it 1650/1704 loss 0.0558
[2026-06-01 23:11:02] INFO epoch 87 it 1700/1704 loss 0.0557
[2026-06-01 23:11:03] INFO epoch 87 done in 60.7s lr=3.51e-07 avg_train_loss=0.0540
[2026-06-01 23:11:45] INFO epoch 87 val MAE(HU): 62.49
[2026-06-01 23:11:45] INFO new best MAE: 62.49 ¡æ saved best.pth
[2026-06-01 23:12:30] INFO epoch 88 it 50/1704 loss 0.0533
[2026-06-01 23:12:31] INFO epoch 88 it 100/1704 loss 0.0534
[2026-06-01 23:12:31] INFO epoch 88 it 150/1704 loss 0.0523
[2026-06-01 23:12:31] INFO epoch 88 it 200/1704 loss 0.0518
[2026-06-01 23:12:32] INFO epoch 88 it 250/1704 loss 0.0530
[2026-06-01 23:12:32] INFO epoch 88 it 300/1704 loss 0.0545
[2026-06-01 23:12:33] INFO epoch 88 it 350/1704 loss 0.0540
[2026-06-01 23:12:33] INFO epoch 88 it 400/1704 loss 0.0532
[2026-06-01 23:12:34] INFO epoch 88 it 450/1704 loss 0.0516
[2026-06-01 23:12:34] INFO epoch 88 it 500/1704 loss 0.0531
[2026-06-01 23:12:35] INFO epoch 88 it 550/1704 loss 0.0555
[2026-06-01 23:12:35] INFO epoch 88 it 600/1704 loss 0.0543
[2026-06-01 23:12:36] INFO epoch 88 it 650/1704 loss 0.0537
[2026-06-01 23:12:36] INFO epoch 88 it 700/1704 loss 0.0521
[2026-06-01 23:12:36] INFO epoch 88 it 750/1704 loss 0.0539
[2026-06-01 23:12:37] INFO epoch 88 it 800/1704 loss 0.0550
[2026-06-01 23:12:37] INFO epoch 88 it 850/1704 loss 0.0542
[2026-06-01 23:12:38] INFO epoch 88 it 900/1704 loss 0.0526
[2026-06-01 23:12:38] INFO epoch 88 it 950/1704 loss 0.0548
[2026-06-01 23:12:39] INFO epoch 88 it 1000/1704 loss 0.0543
[2026-06-01 23:12:39] INFO epoch 88 it 1050/1704 loss 0.0521
[2026-06-01 23:12:40] INFO epoch 88 it 1100/1704 loss 0.0544
[2026-06-01 23:12:40] INFO epoch 88 it 1150/1704 loss 0.0564
[2026-06-01 23:12:40] INFO epoch 88 it 1200/1704 loss 0.0559
[2026-06-01 23:12:41] INFO epoch 88 it 1250/1704 loss 0.0555
[2026-06-01 23:12:41] INFO epoch 88 it 1300/1704 loss 0.0554
[2026-06-01 23:12:42] INFO epoch 88 it 1350/1704 loss 0.0567
[2026-06-01 23:12:42] INFO epoch 88 it 1400/1704 loss 0.0522
[2026-06-01 23:12:43] INFO epoch 88 it 1450/1704 loss 0.0540
[2026-06-01 23:12:43] INFO epoch 88 it 1500/1704 loss 0.0552
[2026-06-01 23:12:44] INFO epoch 88 it 1550/1704 loss 0.0544
[2026-06-01 23:12:44] INFO epoch 88 it 1600/1704 loss 0.0550
[2026-06-01 23:12:44] INFO epoch 88 it 1650/1704 loss 0.0529
[2026-06-01 23:12:45] INFO epoch 88 it 1700/1704 loss 0.0535
[2026-06-01 23:12:46] INFO epoch 88 done in 60.8s lr=2.96e-07 avg_train_loss=0.0539
[2026-06-01 23:13:29] INFO epoch 88 val MAE(HU): 62.48
[2026-06-01 23:13:29] INFO new best MAE: 62.48 ¡æ saved best.pth
[2026-06-01 23:14:13] INFO epoch 89 it 50/1704 loss 0.0513
[2026-06-01 23:14:14] INFO epoch 89 it 100/1704 loss 0.0531
[2026-06-01 23:14:14] INFO epoch 89 it 150/1704 loss 0.0548
[2026-06-01 23:14:15] INFO epoch 89 it 200/1704 loss 0.0545
[2026-06-01 23:14:15] INFO epoch 89 it 250/1704 loss 0.0556
[2026-06-01 23:14:16] INFO epoch 89 it 300/1704 loss 0.0544
[2026-06-01 23:14:16] INFO epoch 89 it 350/1704 loss 0.0540
[2026-06-01 23:14:16] INFO epoch 89 it 400/1704 loss 0.0548
[2026-06-01 23:14:17] INFO epoch 89 it 450/1704 loss 0.0533
[2026-06-01 23:14:17] INFO epoch 89 it 500/1704 loss 0.0558
[2026-06-01 23:14:18] INFO epoch 89 it 550/1704 loss 0.0531
[2026-06-01 23:14:18] INFO epoch 89 it 600/1704 loss 0.0530
[2026-06-01 23:14:19] INFO epoch 89 it 650/1704 loss 0.0534
[2026-06-01 23:14:19] INFO epoch 89 it 700/1704 loss 0.0525
[2026-06-01 23:14:20] INFO epoch 89 it 750/1704 loss 0.0537
[2026-06-01 23:14:20] INFO epoch 89 it 800/1704 loss 0.0536
[2026-06-01 23:14:21] INFO epoch 89 it 850/1704 loss 0.0540
[2026-06-01 23:14:21] INFO epoch 89 it 900/1704 loss 0.0527
[2026-06-01 23:14:21] INFO epoch 89 it 950/1704 loss 0.0529
[2026-06-01 23:14:22] INFO epoch 89 it 1000/1704 loss 0.0540
[2026-06-01 23:14:22] INFO epoch 89 it 1050/1704 loss 0.0541
[2026-06-01 23:14:23] INFO epoch 89 it 1100/1704 loss 0.0565
[2026-06-01 23:14:23] INFO epoch 89 it 1150/1704 loss 0.0538
[2026-06-01 23:14:24] INFO epoch 89 it 1200/1704 loss 0.0526
[2026-06-01 23:14:24] INFO epoch 89 it 1250/1704 loss 0.0521
[2026-06-01 23:14:25] INFO epoch 89 it 1300/1704 loss 0.0532
[2026-06-01 23:14:25] INFO epoch 89 it 1350/1704 loss 0.0546
[2026-06-01 23:14:25] INFO epoch 89 it 1400/1704 loss 0.0575
[2026-06-01 23:14:26] INFO epoch 89 it 1450/1704 loss 0.0540
[2026-06-01 23:14:26] INFO epoch 89 it 1500/1704 loss 0.0547
[2026-06-01 23:14:27] INFO epoch 89 it 1550/1704 loss 0.0557
[2026-06-01 23:14:27] INFO epoch 89 it 1600/1704 loss 0.0546
[2026-06-01 23:14:28] INFO epoch 89 it 1650/1704 loss 0.0552
[2026-06-01 23:14:28] INFO epoch 89 it 1700/1704 loss 0.0521
[2026-06-01 23:14:30] INFO epoch 89 done in 60.9s lr=2.45e-07 avg_train_loss=0.0540
[2026-06-01 23:15:12] INFO epoch 89 val MAE(HU): 62.48
[2026-06-01 23:15:56] INFO epoch 90 it 50/1704 loss 0.0537
[2026-06-01 23:15:57] INFO epoch 90 it 100/1704 loss 0.0546
[2026-06-01 23:15:57] INFO epoch 90 it 150/1704 loss 0.0530
[2026-06-01 23:15:58] INFO epoch 90 it 200/1704 loss 0.0552
[2026-06-01 23:15:58] INFO epoch 90 it 250/1704 loss 0.0528
[2026-06-01 23:15:59] INFO epoch 90 it 300/1704 loss 0.0553
[2026-06-01 23:15:59] INFO epoch 90 it 350/1704 loss 0.0547
[2026-06-01 23:15:59] INFO epoch 90 it 400/1704 loss 0.0529
[2026-06-01 23:16:00] INFO epoch 90 it 450/1704 loss 0.0534
[2026-06-01 23:16:00] INFO epoch 90 it 500/1704 loss 0.0552
[2026-06-01 23:16:01] INFO epoch 90 it 550/1704 loss 0.0521
[2026-06-01 23:16:01] INFO epoch 90 it 600/1704 loss 0.0545
[2026-06-01 23:16:02] INFO epoch 90 it 650/1704 loss 0.0555
[2026-06-01 23:16:02] INFO epoch 90 it 700/1704 loss 0.0540
[2026-06-01 23:16:03] INFO epoch 90 it 750/1704 loss 0.0533
[2026-06-01 23:16:03] INFO epoch 90 it 800/1704 loss 0.0535
[2026-06-01 23:16:03] INFO epoch 90 it 850/1704 loss 0.0550
[2026-06-01 23:16:04] INFO epoch 90 it 900/1704 loss 0.0539
[2026-06-01 23:16:04] INFO epoch 90 it 950/1704 loss 0.0542
[2026-06-01 23:16:05] INFO epoch 90 it 1000/1704 loss 0.0543
[2026-06-01 23:16:05] INFO epoch 90 it 1050/1704 loss 0.0535
[2026-06-01 23:16:06] INFO epoch 90 it 1100/1704 loss 0.0532
[2026-06-01 23:16:06] INFO epoch 90 it 1150/1704 loss 0.0525
[2026-06-01 23:16:07] INFO epoch 90 it 1200/1704 loss 0.0528
[2026-06-01 23:16:07] INFO epoch 90 it 1250/1704 loss 0.0533
[2026-06-01 23:16:07] INFO epoch 90 it 1300/1704 loss 0.0537
[2026-06-01 23:16:08] INFO epoch 90 it 1350/1704 loss 0.0538
[2026-06-01 23:16:08] INFO epoch 90 it 1400/1704 loss 0.0537
[2026-06-01 23:16:09] INFO epoch 90 it 1450/1704 loss 0.0544
[2026-06-01 23:16:09] INFO epoch 90 it 1500/1704 loss 0.0537
[2026-06-01 23:16:10] INFO epoch 90 it 1550/1704 loss 0.0555
[2026-06-01 23:16:10] INFO epoch 90 it 1600/1704 loss 0.0534
[2026-06-01 23:16:11] INFO epoch 90 it 1650/1704 loss 0.0533
[2026-06-01 23:16:11] INFO epoch 90 it 1700/1704 loss 0.0556
[2026-06-01 23:16:12] INFO epoch 90 done in 60.7s lr=1.99e-07 avg_train_loss=0.0539
[2026-06-01 23:16:55] INFO epoch 90 val MAE(HU): 62.46
[2026-06-01 23:16:55] INFO new best MAE: 62.46 ¡æ saved best.pth
[2026-06-01 23:17:40] INFO epoch 91 it 50/1704 loss 0.0536
[2026-06-01 23:17:40] INFO epoch 91 it 100/1704 loss 0.0535
[2026-06-01 23:17:41] INFO epoch 91 it 150/1704 loss 0.0535
[2026-06-01 23:17:41] INFO epoch 91 it 200/1704 loss 0.0526
[2026-06-01 23:17:42] INFO epoch 91 it 250/1704 loss 0.0533
[2026-06-01 23:17:42] INFO epoch 91 it 300/1704 loss 0.0534
[2026-06-01 23:17:42] INFO epoch 91 it 350/1704 loss 0.0539
[2026-06-01 23:17:43] INFO epoch 91 it 400/1704 loss 0.0541
[2026-06-01 23:17:43] INFO epoch 91 it 450/1704 loss 0.0527
[2026-06-01 23:17:44] INFO epoch 91 it 500/1704 loss 0.0543
[2026-06-01 23:17:44] INFO epoch 91 it 550/1704 loss 0.0550
[2026-06-01 23:17:45] INFO epoch 91 it 600/1704 loss 0.0559
[2026-06-01 23:17:45] INFO epoch 91 it 650/1704 loss 0.0543
[2026-06-01 23:17:46] INFO epoch 91 it 700/1704 loss 0.0547
[2026-06-01 23:17:46] INFO epoch 91 it 750/1704 loss 0.0537
[2026-06-01 23:17:46] INFO epoch 91 it 800/1704 loss 0.0554
[2026-06-01 23:17:47] INFO epoch 91 it 850/1704 loss 0.0550
[2026-06-01 23:17:47] INFO epoch 91 it 900/1704 loss 0.0542
[2026-06-01 23:17:48] INFO epoch 91 it 950/1704 loss 0.0530
[2026-06-01 23:17:48] INFO epoch 91 it 1000/1704 loss 0.0555
[2026-06-01 23:17:49] INFO epoch 91 it 1050/1704 loss 0.0533
[2026-06-01 23:17:49] INFO epoch 91 it 1100/1704 loss 0.0537
[2026-06-01 23:17:50] INFO epoch 91 it 1150/1704 loss 0.0523
[2026-06-01 23:17:50] INFO epoch 91 it 1200/1704 loss 0.0541
[2026-06-01 23:17:50] INFO epoch 91 it 1250/1704 loss 0.0559
[2026-06-01 23:17:51] INFO epoch 91 it 1300/1704 loss 0.0540
[2026-06-01 23:17:51] INFO epoch 91 it 1350/1704 loss 0.0536
[2026-06-01 23:17:52] INFO epoch 91 it 1400/1704 loss 0.0525
[2026-06-01 23:17:52] INFO epoch 91 it 1450/1704 loss 0.0535
[2026-06-01 23:17:53] INFO epoch 91 it 1500/1704 loss 0.0521
[2026-06-01 23:17:53] INFO epoch 91 it 1550/1704 loss 0.0570
[2026-06-01 23:17:54] INFO epoch 91 it 1600/1704 loss 0.0536
[2026-06-01 23:17:54] INFO epoch 91 it 1650/1704 loss 0.0525
[2026-06-01 23:17:54] INFO epoch 91 it 1700/1704 loss 0.0538
[2026-06-01 23:17:56] INFO epoch 91 done in 61.0s lr=1.57e-07 avg_train_loss=0.0539
[2026-06-01 23:18:38] INFO epoch 91 val MAE(HU): 62.45
[2026-06-01 23:18:38] INFO new best MAE: 62.45 ¡æ saved best.pth
[2026-06-01 23:19:23] INFO epoch 92 it 50/1704 loss 0.0522
[2026-06-01 23:19:23] INFO epoch 92 it 100/1704 loss 0.0530
[2026-06-01 23:19:24] INFO epoch 92 it 150/1704 loss 0.0541
[2026-06-01 23:19:24] INFO epoch 92 it 200/1704 loss 0.0530
[2026-06-01 23:19:24] INFO epoch 92 it 250/1704 loss 0.0565
[2026-06-01 23:19:25] INFO epoch 92 it 300/1704 loss 0.0523
[2026-06-01 23:19:25] INFO epoch 92 it 350/1704 loss 0.0550
[2026-06-01 23:19:26] INFO epoch 92 it 400/1704 loss 0.0536
[2026-06-01 23:19:26] INFO epoch 92 it 450/1704 loss 0.0531
[2026-06-01 23:19:27] INFO epoch 92 it 500/1704 loss 0.0517
[2026-06-01 23:19:27] INFO epoch 92 it 550/1704 loss 0.0533
[2026-06-01 23:19:28] INFO epoch 92 it 600/1704 loss 0.0542
[2026-06-01 23:19:28] INFO epoch 92 it 650/1704 loss 0.0516
[2026-06-01 23:19:29] INFO epoch 92 it 700/1704 loss 0.0547
[2026-06-01 23:19:29] INFO epoch 92 it 750/1704 loss 0.0566
[2026-06-01 23:19:29] INFO epoch 92 it 800/1704 loss 0.0544
[2026-06-01 23:19:30] INFO epoch 92 it 850/1704 loss 0.0530
[2026-06-01 23:19:30] INFO epoch 92 it 900/1704 loss 0.0556
[2026-06-01 23:19:31] INFO epoch 92 it 950/1704 loss 0.0548
[2026-06-01 23:19:31] INFO epoch 92 it 1000/1704 loss 0.0557
[2026-06-01 23:19:32] INFO epoch 92 it 1050/1704 loss 0.0550
[2026-06-01 23:19:32] INFO epoch 92 it 1100/1704 loss 0.0548
[2026-06-01 23:19:33] INFO epoch 92 it 1150/1704 loss 0.0525
[2026-06-01 23:19:33] INFO epoch 92 it 1200/1704 loss 0.0536
[2026-06-01 23:19:33] INFO epoch 92 it 1250/1704 loss 0.0524
[2026-06-01 23:19:34] INFO epoch 92 it 1300/1704 loss 0.0542
[2026-06-01 23:19:34] INFO epoch 92 it 1350/1704 loss 0.0545
[2026-06-01 23:19:35] INFO epoch 92 it 1400/1704 loss 0.0543
[2026-06-01 23:19:35] INFO epoch 92 it 1450/1704 loss 0.0542
[2026-06-01 23:19:36] INFO epoch 92 it 1500/1704 loss 0.0559
[2026-06-01 23:19:36] INFO epoch 92 it 1550/1704 loss 0.0533
[2026-06-01 23:19:37] INFO epoch 92 it 1600/1704 loss 0.0553
[2026-06-01 23:19:37] INFO epoch 92 it 1650/1704 loss 0.0524
[2026-06-01 23:19:37] INFO epoch 92 it 1700/1704 loss 0.0546
[2026-06-01 23:19:39] INFO epoch 92 done in 60.7s lr=1.20e-07 avg_train_loss=0.0540
[2026-06-01 23:20:21] INFO epoch 92 val MAE(HU): 62.45
[2026-06-01 23:20:21] INFO new best MAE: 62.45 ¡æ saved best.pth
[2026-06-01 23:21:06] INFO epoch 93 it 50/1704 loss 0.0551
[2026-06-01 23:21:06] INFO epoch 93 it 100/1704 loss 0.0533
[2026-06-01 23:21:07] INFO epoch 93 it 150/1704 loss 0.0510
[2026-06-01 23:21:07] INFO epoch 93 it 200/1704 loss 0.0557
[2026-06-01 23:21:08] INFO epoch 93 it 250/1704 loss 0.0558
[2026-06-01 23:21:08] INFO epoch 93 it 300/1704 loss 0.0534
[2026-06-01 23:21:09] INFO epoch 93 it 350/1704 loss 0.0539
[2026-06-01 23:21:09] INFO epoch 93 it 400/1704 loss 0.0513
[2026-06-01 23:21:10] INFO epoch 93 it 450/1704 loss 0.0534
[2026-06-01 23:21:10] INFO epoch 93 it 500/1704 loss 0.0520
[2026-06-01 23:21:11] INFO epoch 93 it 550/1704 loss 0.0526
[2026-06-01 23:21:11] INFO epoch 93 it 600/1704 loss 0.0543
[2026-06-01 23:21:11] INFO epoch 93 it 650/1704 loss 0.0548
[2026-06-01 23:21:12] INFO epoch 93 it 700/1704 loss 0.0535
[2026-06-01 23:21:12] INFO epoch 93 it 750/1704 loss 0.0550
[2026-06-01 23:21:13] INFO epoch 93 it 800/1704 loss 0.0539
[2026-06-01 23:21:13] INFO epoch 93 it 850/1704 loss 0.0545
[2026-06-01 23:21:14] INFO epoch 93 it 900/1704 loss 0.0524
[2026-06-01 23:21:14] INFO epoch 93 it 950/1704 loss 0.0516
[2026-06-01 23:21:15] INFO epoch 93 it 1000/1704 loss 0.0553
[2026-06-01 23:21:15] INFO epoch 93 it 1050/1704 loss 0.0529
[2026-06-01 23:21:16] INFO epoch 93 it 1100/1704 loss 0.0547
[2026-06-01 23:21:16] INFO epoch 93 it 1150/1704 loss 0.0543
[2026-06-01 23:21:16] INFO epoch 93 it 1200/1704 loss 0.0542
[2026-06-01 23:21:17] INFO epoch 93 it 1250/1704 loss 0.0545
[2026-06-01 23:21:17] INFO epoch 93 it 1300/1704 loss 0.0538
[2026-06-01 23:21:18] INFO epoch 93 it 1350/1704 loss 0.0551
[2026-06-01 23:21:18] INFO epoch 93 it 1400/1704 loss 0.0556
[2026-06-01 23:21:19] INFO epoch 93 it 1450/1704 loss 0.0555
[2026-06-01 23:21:19] INFO epoch 93 it 1500/1704 loss 0.0539
[2026-06-01 23:21:20] INFO epoch 93 it 1550/1704 loss 0.0518
[2026-06-01 23:21:20] INFO epoch 93 it 1600/1704 loss 0.0547
[2026-06-01 23:21:21] INFO epoch 93 it 1650/1704 loss 0.0539
[2026-06-01 23:21:21] INFO epoch 93 it 1700/1704 loss 0.0532
[2026-06-01 23:21:23] INFO epoch 93 done in 61.1s lr=8.86e-08 avg_train_loss=0.0539
[2026-06-01 23:22:05] INFO epoch 93 val MAE(HU): 62.44
[2026-06-01 23:22:05] INFO new best MAE: 62.44 ¡æ saved best.pth
[2026-06-01 23:22:50] INFO epoch 94 it 50/1704 loss 0.0546
[2026-06-01 23:22:50] INFO epoch 94 it 100/1704 loss 0.0540
[2026-06-01 23:22:50] INFO epoch 94 it 150/1704 loss 0.0553
[2026-06-01 23:22:51] INFO epoch 94 it 200/1704 loss 0.0555
[2026-06-01 23:22:51] INFO epoch 94 it 250/1704 loss 0.0550
[2026-06-01 23:22:52] INFO epoch 94 it 300/1704 loss 0.0548
[2026-06-01 23:22:52] INFO epoch 94 it 350/1704 loss 0.0529
[2026-06-01 23:22:53] INFO epoch 94 it 400/1704 loss 0.0533
[2026-06-01 23:22:53] INFO epoch 94 it 450/1704 loss 0.0539
[2026-06-01 23:22:54] INFO epoch 94 it 500/1704 loss 0.0540
[2026-06-01 23:22:54] INFO epoch 94 it 550/1704 loss 0.0551
[2026-06-01 23:22:55] INFO epoch 94 it 600/1704 loss 0.0540
[2026-06-01 23:22:55] INFO epoch 94 it 650/1704 loss 0.0532
[2026-06-01 23:22:55] INFO epoch 94 it 700/1704 loss 0.0537
[2026-06-01 23:22:56] INFO epoch 94 it 750/1704 loss 0.0541
[2026-06-01 23:22:56] INFO epoch 94 it 800/1704 loss 0.0546
[2026-06-01 23:22:57] INFO epoch 94 it 850/1704 loss 0.0547
[2026-06-01 23:22:57] INFO epoch 94 it 900/1704 loss 0.0525
[2026-06-01 23:22:58] INFO epoch 94 it 950/1704 loss 0.0529
[2026-06-01 23:22:58] INFO epoch 94 it 1000/1704 loss 0.0563
[2026-06-01 23:22:59] INFO epoch 94 it 1050/1704 loss 0.0522
[2026-06-01 23:22:59] INFO epoch 94 it 1100/1704 loss 0.0532
[2026-06-01 23:22:59] INFO epoch 94 it 1150/1704 loss 0.0544
[2026-06-01 23:23:00] INFO epoch 94 it 1200/1704 loss 0.0536
[2026-06-01 23:23:00] INFO epoch 94 it 1250/1704 loss 0.0536
[2026-06-01 23:23:01] INFO epoch 94 it 1300/1704 loss 0.0544
[2026-06-01 23:23:01] INFO epoch 94 it 1350/1704 loss 0.0539
[2026-06-01 23:23:02] INFO epoch 94 it 1400/1704 loss 0.0539
[2026-06-01 23:23:02] INFO epoch 94 it 1450/1704 loss 0.0526
[2026-06-01 23:23:03] INFO epoch 94 it 1500/1704 loss 0.0521
[2026-06-01 23:23:03] INFO epoch 94 it 1550/1704 loss 0.0523
[2026-06-01 23:23:03] INFO epoch 94 it 1600/1704 loss 0.0558
[2026-06-01 23:23:04] INFO epoch 94 it 1650/1704 loss 0.0524
[2026-06-01 23:23:04] INFO epoch 94 it 1700/1704 loss 0.0529
[2026-06-01 23:23:06] INFO epoch 94 done in 60.9s lr=6.16e-08 avg_train_loss=0.0539
[2026-06-01 23:23:48] INFO epoch 94 val MAE(HU): 62.44
[2026-06-01 23:23:48] INFO new best MAE: 62.44 ¡æ saved best.pth
[2026-06-01 23:24:33] INFO epoch 95 it 50/1704 loss 0.0508
[2026-06-01 23:24:33] INFO epoch 95 it 100/1704 loss 0.0554
[2026-06-01 23:24:34] INFO epoch 95 it 150/1704 loss 0.0557
[2026-06-01 23:24:34] INFO epoch 95 it 200/1704 loss 0.0533
[2026-06-01 23:24:35] INFO epoch 95 it 250/1704 loss 0.0546
[2026-06-01 23:24:35] INFO epoch 95 it 300/1704 loss 0.0535
[2026-06-01 23:24:35] INFO epoch 95 it 350/1704 loss 0.0535
[2026-06-01 23:24:36] INFO epoch 95 it 400/1704 loss 0.0540
[2026-06-01 23:24:36] INFO epoch 95 it 450/1704 loss 0.0543
[2026-06-01 23:24:37] INFO epoch 95 it 500/1704 loss 0.0564
[2026-06-01 23:24:37] INFO epoch 95 it 550/1704 loss 0.0548
[2026-06-01 23:24:38] INFO epoch 95 it 600/1704 loss 0.0551
[2026-06-01 23:24:38] INFO epoch 95 it 650/1704 loss 0.0533
[2026-06-01 23:24:39] INFO epoch 95 it 700/1704 loss 0.0530
[2026-06-01 23:24:39] INFO epoch 95 it 750/1704 loss 0.0526
[2026-06-01 23:24:39] INFO epoch 95 it 800/1704 loss 0.0555
[2026-06-01 23:24:40] INFO epoch 95 it 850/1704 loss 0.0554
[2026-06-01 23:24:40] INFO epoch 95 it 900/1704 loss 0.0543
[2026-06-01 23:24:41] INFO epoch 95 it 950/1704 loss 0.0534
[2026-06-01 23:24:41] INFO epoch 95 it 1000/1704 loss 0.0573
[2026-06-01 23:24:42] INFO epoch 95 it 1050/1704 loss 0.0536
[2026-06-01 23:24:42] INFO epoch 95 it 1100/1704 loss 0.0529
[2026-06-01 23:24:43] INFO epoch 95 it 1150/1704 loss 0.0545
[2026-06-01 23:24:43] INFO epoch 95 it 1200/1704 loss 0.0527
[2026-06-01 23:24:43] INFO epoch 95 it 1250/1704 loss 0.0513
[2026-06-01 23:24:44] INFO epoch 95 it 1300/1704 loss 0.0521
[2026-06-01 23:24:44] INFO epoch 95 it 1350/1704 loss 0.0514
[2026-06-01 23:24:45] INFO epoch 95 it 1400/1704 loss 0.0529
[2026-06-01 23:24:45] INFO epoch 95 it 1450/1704 loss 0.0539
[2026-06-01 23:24:46] INFO epoch 95 it 1500/1704 loss 0.0548
[2026-06-01 23:24:46] INFO epoch 95 it 1550/1704 loss 0.0537
[2026-06-01 23:24:47] INFO epoch 95 it 1600/1704 loss 0.0546
[2026-06-01 23:24:47] INFO epoch 95 it 1650/1704 loss 0.0541
[2026-06-01 23:24:47] INFO epoch 95 it 1700/1704 loss 0.0544
[2026-06-01 23:24:49] INFO epoch 95 done in 60.7s lr=3.94e-08 avg_train_loss=0.0539
[2026-06-01 23:25:31] INFO epoch 95 val MAE(HU): 62.44
[2026-06-01 23:25:31] INFO new best MAE: 62.44 ¡æ saved best.pth
[2026-06-01 23:26:17] INFO epoch 96 it 50/1704 loss 0.0525
[2026-06-01 23:26:17] INFO epoch 96 it 100/1704 loss 0.0523
[2026-06-01 23:26:17] INFO epoch 96 it 150/1704 loss 0.0548
[2026-06-01 23:26:18] INFO epoch 96 it 200/1704 loss 0.0530
[2026-06-01 23:26:18] INFO epoch 96 it 250/1704 loss 0.0548
[2026-06-01 23:26:19] INFO epoch 96 it 300/1704 loss 0.0527
[2026-06-01 23:26:19] INFO epoch 96 it 350/1704 loss 0.0537
[2026-06-01 23:26:20] INFO epoch 96 it 400/1704 loss 0.0517
[2026-06-01 23:26:20] INFO epoch 96 it 450/1704 loss 0.0540
[2026-06-01 23:26:21] INFO epoch 96 it 500/1704 loss 0.0532
[2026-06-01 23:26:21] INFO epoch 96 it 550/1704 loss 0.0552
[2026-06-01 23:26:21] INFO epoch 96 it 600/1704 loss 0.0552
[2026-06-01 23:26:22] INFO epoch 96 it 650/1704 loss 0.0535
[2026-06-01 23:26:22] INFO epoch 96 it 700/1704 loss 0.0545
[2026-06-01 23:26:23] INFO epoch 96 it 750/1704 loss 0.0537
[2026-06-01 23:26:23] INFO epoch 96 it 800/1704 loss 0.0569
[2026-06-01 23:26:24] INFO epoch 96 it 850/1704 loss 0.0543
[2026-06-01 23:26:24] INFO epoch 96 it 900/1704 loss 0.0528
[2026-06-01 23:26:24] INFO epoch 96 it 950/1704 loss 0.0555
[2026-06-01 23:26:25] INFO epoch 96 it 1000/1704 loss 0.0553
[2026-06-01 23:26:25] INFO epoch 96 it 1050/1704 loss 0.0527
[2026-06-01 23:26:26] INFO epoch 96 it 1100/1704 loss 0.0555
[2026-06-01 23:26:26] INFO epoch 96 it 1150/1704 loss 0.0531
[2026-06-01 23:26:27] INFO epoch 96 it 1200/1704 loss 0.0557
[2026-06-01 23:26:27] INFO epoch 96 it 1250/1704 loss 0.0555
[2026-06-01 23:26:28] INFO epoch 96 it 1300/1704 loss 0.0526
[2026-06-01 23:26:28] INFO epoch 96 it 1350/1704 loss 0.0528
[2026-06-01 23:26:29] INFO epoch 96 it 1400/1704 loss 0.0535
[2026-06-01 23:26:29] INFO epoch 96 it 1450/1704 loss 0.0549
[2026-06-01 23:26:29] INFO epoch 96 it 1500/1704 loss 0.0538
[2026-06-01 23:26:30] INFO epoch 96 it 1550/1704 loss 0.0529
[2026-06-01 23:26:30] INFO epoch 96 it 1600/1704 loss 0.0529
[2026-06-01 23:26:31] INFO epoch 96 it 1650/1704 loss 0.0538
[2026-06-01 23:26:31] INFO epoch 96 it 1700/1704 loss 0.0539
[2026-06-01 23:26:33] INFO epoch 96 done in 61.3s lr=2.22e-08 avg_train_loss=0.0539
[2026-06-01 23:27:15] INFO epoch 96 val MAE(HU): 62.44
[2026-06-01 23:27:15] INFO new best MAE: 62.44 ¡æ saved best.pth
[2026-06-01 23:28:00] INFO epoch 97 it 50/1704 loss 0.0537
[2026-06-01 23:28:00] INFO epoch 97 it 100/1704 loss 0.0531
[2026-06-01 23:28:00] INFO epoch 97 it 150/1704 loss 0.0563
[2026-06-01 23:28:01] INFO epoch 97 it 200/1704 loss 0.0530
[2026-06-01 23:28:01] INFO epoch 97 it 250/1704 loss 0.0546
[2026-06-01 23:28:02] INFO epoch 97 it 300/1704 loss 0.0545
[2026-06-01 23:28:02] INFO epoch 97 it 350/1704 loss 0.0533
[2026-06-01 23:28:03] INFO epoch 97 it 400/1704 loss 0.0537
[2026-06-01 23:28:03] INFO epoch 97 it 450/1704 loss 0.0534
[2026-06-01 23:28:04] INFO epoch 97 it 500/1704 loss 0.0565
[2026-06-01 23:28:04] INFO epoch 97 it 550/1704 loss 0.0549
[2026-06-01 23:28:05] INFO epoch 97 it 600/1704 loss 0.0563
[2026-06-01 23:28:05] INFO epoch 97 it 650/1704 loss 0.0517
[2026-06-01 23:28:05] INFO epoch 97 it 700/1704 loss 0.0548
[2026-06-01 23:28:06] INFO epoch 97 it 750/1704 loss 0.0540
[2026-06-01 23:28:06] INFO epoch 97 it 800/1704 loss 0.0542
[2026-06-01 23:28:07] INFO epoch 97 it 850/1704 loss 0.0541
[2026-06-01 23:28:07] INFO epoch 97 it 900/1704 loss 0.0539
[2026-06-01 23:28:08] INFO epoch 97 it 950/1704 loss 0.0535
[2026-06-01 23:28:08] INFO epoch 97 it 1000/1704 loss 0.0535
[2026-06-01 23:28:09] INFO epoch 97 it 1050/1704 loss 0.0558
[2026-06-01 23:28:09] INFO epoch 97 it 1100/1704 loss 0.0535
[2026-06-01 23:28:09] INFO epoch 97 it 1150/1704 loss 0.0535
[2026-06-01 23:28:10] INFO epoch 97 it 1200/1704 loss 0.0552
[2026-06-01 23:28:10] INFO epoch 97 it 1250/1704 loss 0.0514
[2026-06-01 23:28:11] INFO epoch 97 it 1300/1704 loss 0.0541
[2026-06-01 23:28:11] INFO epoch 97 it 1350/1704 loss 0.0542
[2026-06-01 23:28:12] INFO epoch 97 it 1400/1704 loss 0.0542
[2026-06-01 23:28:12] INFO epoch 97 it 1450/1704 loss 0.0537
[2026-06-01 23:28:13] INFO epoch 97 it 1500/1704 loss 0.0541
[2026-06-01 23:28:13] INFO epoch 97 it 1550/1704 loss 0.0534
[2026-06-01 23:28:13] INFO epoch 97 it 1600/1704 loss 0.0521
[2026-06-01 23:28:14] INFO epoch 97 it 1650/1704 loss 0.0536
[2026-06-01 23:28:14] INFO epoch 97 it 1700/1704 loss 0.0525
[2026-06-01 23:28:16] INFO epoch 97 done in 60.8s lr=9.87e-09 avg_train_loss=0.0540
[2026-06-01 23:28:58] INFO epoch 97 val MAE(HU): 62.44
[2026-06-01 23:28:58] INFO new best MAE: 62.44 ¡æ saved best.pth
[2026-06-01 23:29:42] INFO epoch 98 it 50/1704 loss 0.0512
[2026-06-01 23:29:43] INFO epoch 98 it 100/1704 loss 0.0539
[2026-06-01 23:29:43] INFO epoch 98 it 150/1704 loss 0.0550
[2026-06-01 23:29:44] INFO epoch 98 it 200/1704 loss 0.0548
[2026-06-01 23:29:44] INFO epoch 98 it 250/1704 loss 0.0547
[2026-06-01 23:29:45] INFO epoch 98 it 300/1704 loss 0.0555
[2026-06-01 23:29:45] INFO epoch 98 it 350/1704 loss 0.0553
[2026-06-01 23:29:46] INFO epoch 98 it 400/1704 loss 0.0534
[2026-06-01 23:29:46] INFO epoch 98 it 450/1704 loss 0.0529
[2026-06-01 23:29:46] INFO epoch 98 it 500/1704 loss 0.0527
[2026-06-01 23:29:47] INFO epoch 98 it 550/1704 loss 0.0546
[2026-06-01 23:29:47] INFO epoch 98 it 600/1704 loss 0.0531
[2026-06-01 23:29:48] INFO epoch 98 it 650/1704 loss 0.0566
[2026-06-01 23:29:48] INFO epoch 98 it 700/1704 loss 0.0530
[2026-06-01 23:29:49] INFO epoch 98 it 750/1704 loss 0.0543
[2026-06-01 23:29:49] INFO epoch 98 it 800/1704 loss 0.0540
[2026-06-01 23:29:50] INFO epoch 98 it 850/1704 loss 0.0525
[2026-06-01 23:29:50] INFO epoch 98 it 900/1704 loss 0.0530
[2026-06-01 23:29:50] INFO epoch 98 it 950/1704 loss 0.0556
[2026-06-01 23:29:51] INFO epoch 98 it 1000/1704 loss 0.0559
[2026-06-01 23:29:51] INFO epoch 98 it 1050/1704 loss 0.0559
[2026-06-01 23:29:52] INFO epoch 98 it 1100/1704 loss 0.0538
[2026-06-01 23:29:52] INFO epoch 98 it 1150/1704 loss 0.0539
[2026-06-01 23:29:53] INFO epoch 98 it 1200/1704 loss 0.0531
[2026-06-01 23:29:53] INFO epoch 98 it 1250/1704 loss 0.0550
[2026-06-01 23:29:54] INFO epoch 98 it 1300/1704 loss 0.0543
[2026-06-01 23:29:54] INFO epoch 98 it 1350/1704 loss 0.0531
[2026-06-01 23:29:54] INFO epoch 98 it 1400/1704 loss 0.0536
[2026-06-01 23:29:55] INFO epoch 98 it 1450/1704 loss 0.0537
[2026-06-01 23:29:55] INFO epoch 98 it 1500/1704 loss 0.0548
[2026-06-01 23:29:56] INFO epoch 98 it 1550/1704 loss 0.0537
[2026-06-01 23:29:56] INFO epoch 98 it 1600/1704 loss 0.0519
[2026-06-01 23:29:57] INFO epoch 98 it 1650/1704 loss 0.0513
[2026-06-01 23:29:57] INFO epoch 98 it 1700/1704 loss 0.0553
[2026-06-01 23:29:59] INFO epoch 98 done in 60.8s lr=2.47e-09 avg_train_loss=0.0540
[2026-06-01 23:30:41] INFO epoch 98 val MAE(HU): 62.44
[2026-06-01 23:31:25] INFO epoch 99 it 50/1704 loss 0.0536
[2026-06-01 23:31:26] INFO epoch 99 it 100/1704 loss 0.0544
[2026-06-01 23:31:26] INFO epoch 99 it 150/1704 loss 0.0551
[2026-06-01 23:31:26] INFO epoch 99 it 200/1704 loss 0.0538
[2026-06-01 23:31:27] INFO epoch 99 it 250/1704 loss 0.0533
[2026-06-01 23:31:27] INFO epoch 99 it 300/1704 loss 0.0545
[2026-06-01 23:31:28] INFO epoch 99 it 350/1704 loss 0.0527
[2026-06-01 23:31:28] INFO epoch 99 it 400/1704 loss 0.0554
[2026-06-01 23:31:29] INFO epoch 99 it 450/1704 loss 0.0541
[2026-06-01 23:31:29] INFO epoch 99 it 500/1704 loss 0.0520
[2026-06-01 23:31:30] INFO epoch 99 it 550/1704 loss 0.0543
[2026-06-01 23:31:30] INFO epoch 99 it 600/1704 loss 0.0531
[2026-06-01 23:31:30] INFO epoch 99 it 650/1704 loss 0.0543
[2026-06-01 23:31:31] INFO epoch 99 it 700/1704 loss 0.0556
[2026-06-01 23:31:31] INFO epoch 99 it 750/1704 loss 0.0527
[2026-06-01 23:31:32] INFO epoch 99 it 800/1704 loss 0.0520
[2026-06-01 23:31:32] INFO epoch 99 it 850/1704 loss 0.0527
[2026-06-01 23:31:33] INFO epoch 99 it 900/1704 loss 0.0537
[2026-06-01 23:31:33] INFO epoch 99 it 950/1704 loss 0.0550
[2026-06-01 23:31:34] INFO epoch 99 it 1000/1704 loss 0.0530
[2026-06-01 23:31:34] INFO epoch 99 it 1050/1704 loss 0.0517
[2026-06-01 23:31:35] INFO epoch 99 it 1100/1704 loss 0.0548
[2026-06-01 23:31:35] INFO epoch 99 it 1150/1704 loss 0.0544
[2026-06-01 23:31:35] INFO epoch 99 it 1200/1704 loss 0.0544
[2026-06-01 23:31:36] INFO epoch 99 it 1250/1704 loss 0.0538
[2026-06-01 23:31:36] INFO epoch 99 it 1300/1704 loss 0.0564
[2026-06-01 23:31:37] INFO epoch 99 it 1350/1704 loss 0.0547
[2026-06-01 23:31:37] INFO epoch 99 it 1400/1704 loss 0.0546
[2026-06-01 23:31:38] INFO epoch 99 it 1450/1704 loss 0.0550
[2026-06-01 23:31:38] INFO epoch 99 it 1500/1704 loss 0.0525
[2026-06-01 23:31:39] INFO epoch 99 it 1550/1704 loss 0.0513
[2026-06-01 23:31:39] INFO epoch 99 it 1600/1704 loss 0.0564
[2026-06-01 23:31:39] INFO epoch 99 it 1650/1704 loss 0.0545
[2026-06-01 23:31:40] INFO epoch 99 it 1700/1704 loss 0.0535
[2026-06-01 23:31:41] INFO epoch 99 done in 60.6s lr=0.00e+00 avg_train_loss=0.0539
[2026-06-01 23:32:23] INFO epoch 99 val MAE(HU): 62.44
[2026-06-01 23:32:24] INFO saved periodic snapshot: checkpoint_epoch_0100.pth
[2026-06-01 23:32:24] INFO Training done. Best val MAE(HU): 62.44
