[2026-04-29 09:40:05] INFO Device: cuda
[2026-04-29 09:40:05] INFO GPU: NVIDIA GeForce RTX 5090
[2026-04-29 09:40:56] INFO Train cases: ['2HNA002', '2HNA005', '2HNA010', '2HNA011', '2HNA014', '2HNA016', '2HNA019', '2HNA021', '2HNA024', '2HNA025', '2HNA027', '2HNA028', '2HNA029', '2HNA031', '2HNA032', '2HNA035', '2HNA036', '2HNA039', '2HNA040', '2HNA041', '2HNA044', '2HNA045', '2HNA046', '2HNA050', '2HNA056', '2HNA058', '2HNA061', '2HNA068', '2HNA070', '2HNA073', '2HNA076', '2HNA077', '2HNA082', '2HNA083', '2HNA084', '2HNA086', '2HNA087', '2HNA088', '2HNA089', '2HNA090', '2HNA091', '2HNA092', '2HNA093', '2HNA094', '2HNA095', '2HNA097', '2HNA099', '2HNA105', '2HNA106', '2HNA107', '2HNA108', '2HNA111', '2HNA113', '2HNA115', '2HNB001', '2HNB002', '2HNB005', '2HNB006', '2HNB007', '2HNB009', '2HNB010', '2HNB011', '2HNB014', '2HNB015', '2HNB016', '2HNB019', '2HNB020', '2HNB023', '2HNB024', '2HNB030', '2HNB031', '2HNB033', '2HNB034', '2HNB036', '2HNB037', '2HNB039', '2HNB043', '2HNB044', '2HNB045', '2HNB047', '2HNB050', '2HNB051', '2HNB053', '2HNB055', '2HNB058', '2HNB059', '2HNB060', '2HNB063', '2HNB065', '2HNB067', '2HNB070', '2HNB072', '2HNB074', '2HNB075', '2HNB078', '2HNB081', '2HNB082', '2HNB085', '2HNB086', '2HNB089', '2HNB091', '2HNB093', '2HNB098', '2HNB099', '2HNB101', '2HNB102', '2HNB104', '2HNB105', '2HNB106', '2HNB107', '2HNB109', '2HNB111', '2HNC018', '2HNC021', '2HNC024', '2HNC027', '2HNC028', '2HNC029', '2HNC037', '2HNC040', '2HNC046', '2HNC048', '2HNC049', '2HNC052', '2HNC053', '2HNC055', '2HNC057', '2HNC058', '2HNC066', '2HNC069', '2HNC072', '2HNC074', '2HNC075', '2HNC076', '2HNC077', '2HNC078', '2HNC079', '2HNC080', '2HNC081', '2HNC082', '2HNC085', '2HNC088', '2HNC091', '2HNC092', '2HNC097', '2HNC098', '2HNC099', '2HNC100', '2HNC102', '2HNC104', '2HNC108', '2HNC112', '2HNC113', '2HNC118', '2HNC121', '2HNC123', '2HNC125', '2HNE003', '2HNE004', '2HNE007']
[2026-04-29 09:40:56] INFO Val cases:   ['2HNA026', '2HNA033', '2HNA034', '2HNA038', '2HNA047', '2HNA096', '2HNA098', '2HNA100', '2HNA102', '2HNA104', '2HNA110', '2HNB013', '2HNB054', '2HNB061', '2HNB064', '2HNB071', '2HNB103', '2HNB108', '2HNC017', '2HNC020', '2HNC025', '2HNC030', '2HNC034', '2HNC036', '2HNC042', '2HNC043', '2HNC051', '2HNC060', '2HNC061', '2HNC062', '2HNC063', '2HNC084', '2HNC086', '2HNC087', '2HNC094', '2HNC101', '2HNC117', '2HNC119', '2HNE001', '2HNE006']
[2026-04-29 09:40:56] INFO Train slices: 13634  Val slices: 3451
[2026-04-29 09:40:56] INFO Model params: 6.50M
[2026-04-29 09:41:40] INFO epoch 0 it 20/1704 loss 0.9914
[2026-04-29 09:41:41] INFO epoch 0 it 40/1704 loss 0.8927
[2026-04-29 09:41:41] INFO epoch 0 it 60/1704 loss 0.8206
[2026-04-29 09:41:41] INFO epoch 0 it 80/1704 loss 0.7364
[2026-04-29 09:41:41] INFO epoch 0 it 100/1704 loss 0.7193
[2026-04-29 09:41:42] INFO epoch 0 it 120/1704 loss 0.7027
[2026-04-29 09:41:42] INFO epoch 0 it 140/1704 loss 0.6701
[2026-04-29 09:41:42] INFO epoch 0 it 160/1704 loss 0.6691
[2026-04-29 09:41:42] INFO epoch 0 it 180/1704 loss 0.6860
[2026-04-29 09:41:42] INFO epoch 0 it 200/1704 loss 0.6729
[2026-04-29 09:41:43] INFO epoch 0 it 220/1704 loss 0.6749
[2026-04-29 09:41:43] INFO epoch 0 it 240/1704 loss 0.6756
[2026-04-29 09:41:43] INFO epoch 0 it 260/1704 loss 0.6518
[2026-04-29 09:41:43] INFO epoch 0 it 280/1704 loss 0.6544
[2026-04-29 09:41:43] INFO epoch 0 it 300/1704 loss 0.6481
[2026-04-29 09:41:44] INFO epoch 0 it 320/1704 loss 0.6257
[2026-04-29 09:41:44] INFO epoch 0 it 340/1704 loss 0.6304
[2026-04-29 09:41:44] INFO epoch 0 it 360/1704 loss 0.6311
[2026-04-29 09:41:44] INFO epoch 0 it 380/1704 loss 0.6368
[2026-04-29 09:41:44] INFO epoch 0 it 400/1704 loss 0.6323
[2026-04-29 09:41:45] INFO epoch 0 it 420/1704 loss 0.6179
[2026-04-29 09:41:45] INFO epoch 0 it 440/1704 loss 0.6223
[2026-04-29 09:41:45] INFO epoch 0 it 460/1704 loss 0.6165
[2026-04-29 09:41:45] INFO epoch 0 it 480/1704 loss 0.6218
[2026-04-29 09:41:45] INFO epoch 0 it 500/1704 loss 0.6103
[2026-04-29 09:41:46] INFO epoch 0 it 520/1704 loss 0.6163
[2026-04-29 09:41:46] INFO epoch 0 it 540/1704 loss 0.6013
[2026-04-29 09:41:46] INFO epoch 0 it 560/1704 loss 0.6095
[2026-04-29 09:41:46] INFO epoch 0 it 580/1704 loss 0.6042
[2026-04-29 09:41:47] INFO epoch 0 it 600/1704 loss 0.6240
[2026-04-29 09:41:47] INFO epoch 0 it 620/1704 loss 0.6029
[2026-04-29 09:41:47] INFO epoch 0 it 640/1704 loss 0.6033
[2026-04-29 09:41:47] INFO epoch 0 it 660/1704 loss 0.6047
[2026-04-29 09:41:47] INFO epoch 0 it 680/1704 loss 0.6102
[2026-04-29 09:41:48] INFO epoch 0 it 700/1704 loss 0.6010
[2026-04-29 09:41:48] INFO epoch 0 it 720/1704 loss 0.6065
[2026-04-29 09:41:48] INFO epoch 0 it 740/1704 loss 0.5997
[2026-04-29 09:41:48] INFO epoch 0 it 760/1704 loss 0.5876
[2026-04-29 09:41:48] INFO epoch 0 it 780/1704 loss 0.5867
[2026-04-29 09:41:49] INFO epoch 0 it 800/1704 loss 0.5861
[2026-04-29 09:41:49] INFO epoch 0 it 820/1704 loss 0.5832
[2026-04-29 09:41:49] INFO epoch 0 it 840/1704 loss 0.5834
[2026-04-29 09:41:49] INFO epoch 0 it 860/1704 loss 0.5816
[2026-04-29 09:41:49] INFO epoch 0 it 880/1704 loss 0.5896
[2026-04-29 09:41:50] INFO epoch 0 it 900/1704 loss 0.5869
[2026-04-29 09:41:50] INFO epoch 0 it 920/1704 loss 0.5735
[2026-04-29 09:41:50] INFO epoch 0 it 940/1704 loss 0.5695
[2026-04-29 09:41:50] INFO epoch 0 it 960/1704 loss 0.5735
[2026-04-29 09:41:50] INFO epoch 0 it 980/1704 loss 0.5677
[2026-04-29 09:41:51] INFO epoch 0 it 1000/1704 loss 0.5810
[2026-04-29 09:41:51] INFO epoch 0 it 1020/1704 loss 0.5736
[2026-04-29 09:41:51] INFO epoch 0 it 1040/1704 loss 0.5807
[2026-04-29 09:41:51] INFO epoch 0 it 1060/1704 loss 0.5860
[2026-04-29 09:41:52] INFO epoch 0 it 1080/1704 loss 0.5634
[2026-04-29 09:41:52] INFO epoch 0 it 1100/1704 loss 0.5449
[2026-04-29 09:41:52] INFO epoch 0 it 1120/1704 loss 0.5545
[2026-04-29 09:41:52] INFO epoch 0 it 1140/1704 loss 0.5570
[2026-04-29 09:41:52] INFO epoch 0 it 1160/1704 loss 0.5675
[2026-04-29 09:41:53] INFO epoch 0 it 1180/1704 loss 0.5402
[2026-04-29 09:41:53] INFO epoch 0 it 1200/1704 loss 0.5516
[2026-04-29 09:41:53] INFO epoch 0 it 1220/1704 loss 0.5436
[2026-04-29 09:41:53] INFO epoch 0 it 1240/1704 loss 0.5457
[2026-04-29 09:41:53] INFO epoch 0 it 1260/1704 loss 0.5348
[2026-04-29 09:41:54] INFO epoch 0 it 1280/1704 loss 0.5368
[2026-04-29 09:41:54] INFO epoch 0 it 1300/1704 loss 0.5340
[2026-04-29 09:41:54] INFO epoch 0 it 1320/1704 loss 0.5397
[2026-04-29 09:41:54] INFO epoch 0 it 1340/1704 loss 0.5393
[2026-04-29 09:41:55] INFO epoch 0 it 1360/1704 loss 0.5250
[2026-04-29 09:41:55] INFO epoch 0 it 1380/1704 loss 0.5235
[2026-04-29 09:41:55] INFO epoch 0 it 1400/1704 loss 0.5382
[2026-04-29 09:41:55] INFO epoch 0 it 1420/1704 loss 0.5265
[2026-04-29 09:41:56] INFO epoch 0 it 1440/1704 loss 0.5256
[2026-04-29 09:41:56] INFO epoch 0 it 1460/1704 loss 0.5222
[2026-04-29 09:41:56] INFO epoch 0 it 1480/1704 loss 0.5240
[2026-04-29 09:41:56] INFO epoch 0 it 1500/1704 loss 0.5330
[2026-04-29 09:41:57] INFO epoch 0 it 1520/1704 loss 0.5205
[2026-04-29 09:41:57] INFO epoch 0 it 1540/1704 loss 0.5252
[2026-04-29 09:41:57] INFO epoch 0 it 1560/1704 loss 0.5149
[2026-04-29 09:41:57] INFO epoch 0 it 1580/1704 loss 0.5117
[2026-04-29 09:41:58] INFO epoch 0 it 1600/1704 loss 0.5088
[2026-04-29 09:41:58] INFO epoch 0 it 1620/1704 loss 0.5259
[2026-04-29 09:41:58] INFO epoch 0 it 1640/1704 loss 0.5046
[2026-04-29 09:41:58] INFO epoch 0 it 1660/1704 loss 0.5054
[2026-04-29 09:41:59] INFO epoch 0 it 1680/1704 loss 0.4915
[2026-04-29 09:41:59] INFO epoch 0 it 1700/1704 loss 0.5120
[2026-04-29 09:42:01] INFO epoch 0 done in 64.4s lr=1.00e-04
C:\Users\USER\anaconda3\envs\nnunet\Lib\site-packages\monai\inferers\utils.py:226: UserWarning: Using a non-tuple sequence for multidimensional indexing is deprecated and will be changed in pytorch 2.9; use x[tuple(seq)] instead of x[seq]. In pytorch 2.9 this will be interpreted as tensor index, x[torch.tensor(seq)], which will result either in an error or a different result (Triggered internally at C:\actions-runner\_work\pytorch\pytorch\pytorch\torch\csrc\autograd\python_variable_indexing.cpp:353.)
  win_data = torch.cat([inputs[win_slice] for win_slice in unravel_slice]).to(sw_device)
C:\Users\USER\anaconda3\envs\nnunet\Lib\site-packages\monai\inferers\utils.py:370: UserWarning: Using a non-tuple sequence for multidimensional indexing is deprecated and will be changed in pytorch 2.9; use x[tuple(seq)] instead of x[seq]. In pytorch 2.9 this will be interpreted as tensor index, x[torch.tensor(seq)], which will result either in an error or a different result (Triggered internally at C:\actions-runner\_work\pytorch\pytorch\pytorch\torch\csrc\autograd\python_variable_indexing.cpp:353.)
  out[idx_zm] += p
[2026-04-29 09:42:41] INFO epoch 0 val MAE(HU): 818.38
[2026-04-29 09:42:41] INFO new best MAE: 818.38 ¡æ saved best.pth
[2026-04-29 09:43:22] INFO epoch 1 it 20/1704 loss 0.4996
[2026-04-29 09:43:22] INFO epoch 1 it 40/1704 loss 0.5080
[2026-04-29 09:43:23] INFO epoch 1 it 60/1704 loss 0.4969
[2026-04-29 09:43:23] INFO epoch 1 it 80/1704 loss 0.5045
[2026-04-29 09:43:23] INFO epoch 1 it 100/1704 loss 0.5002
[2026-04-29 09:43:23] INFO epoch 1 it 120/1704 loss 0.4981
[2026-04-29 09:43:24] INFO epoch 1 it 140/1704 loss 0.5100
[2026-04-29 09:43:24] INFO epoch 1 it 160/1704 loss 0.4976
[2026-04-29 09:43:24] INFO epoch 1 it 180/1704 loss 0.4947
[2026-04-29 09:43:24] INFO epoch 1 it 200/1704 loss 0.4974
[2026-04-29 09:43:25] INFO epoch 1 it 220/1704 loss 0.4984
[2026-04-29 09:43:25] INFO epoch 1 it 240/1704 loss 0.4829
[2026-04-29 09:43:25] INFO epoch 1 it 260/1704 loss 0.4935
[2026-04-29 09:43:25] INFO epoch 1 it 280/1704 loss 0.4788
[2026-04-29 09:43:26] INFO epoch 1 it 300/1704 loss 0.4879
[2026-04-29 09:43:26] INFO epoch 1 it 320/1704 loss 0.4731
[2026-04-29 09:43:26] INFO epoch 1 it 340/1704 loss 0.4874
[2026-04-29 09:43:26] INFO epoch 1 it 360/1704 loss 0.4697
[2026-04-29 09:43:27] INFO epoch 1 it 380/1704 loss 0.4603
[2026-04-29 09:43:27] INFO epoch 1 it 400/1704 loss 0.4654
[2026-04-29 09:43:27] INFO epoch 1 it 420/1704 loss 0.4625
[2026-04-29 09:43:27] INFO epoch 1 it 440/1704 loss 0.4690
[2026-04-29 09:43:28] INFO epoch 1 it 460/1704 loss 0.4760
[2026-04-29 09:43:28] INFO epoch 1 it 480/1704 loss 0.4611
[2026-04-29 09:43:28] INFO epoch 1 it 500/1704 loss 0.4640
[2026-04-29 09:43:28] INFO epoch 1 it 520/1704 loss 0.4685
[2026-04-29 09:43:28] INFO epoch 1 it 540/1704 loss 0.4641
[2026-04-29 09:43:29] INFO epoch 1 it 560/1704 loss 0.4517
[2026-04-29 09:43:29] INFO epoch 1 it 580/1704 loss 0.4514
[2026-04-29 09:43:29] INFO epoch 1 it 600/1704 loss 0.4544
[2026-04-29 09:43:29] INFO epoch 1 it 620/1704 loss 0.4450
[2026-04-29 09:43:30] INFO epoch 1 it 640/1704 loss 0.4523
[2026-04-29 09:43:30] INFO epoch 1 it 660/1704 loss 0.4360
[2026-04-29 09:43:30] INFO epoch 1 it 680/1704 loss 0.4462
[2026-04-29 09:43:30] INFO epoch 1 it 700/1704 loss 0.4510
[2026-04-29 09:43:31] INFO epoch 1 it 720/1704 loss 0.4461
[2026-04-29 09:43:31] INFO epoch 1 it 740/1704 loss 0.4450
[2026-04-29 09:43:31] INFO epoch 1 it 760/1704 loss 0.4413
[2026-04-29 09:43:31] INFO epoch 1 it 780/1704 loss 0.4448
[2026-04-29 09:43:32] INFO epoch 1 it 800/1704 loss 0.4362
[2026-04-29 09:43:32] INFO epoch 1 it 820/1704 loss 0.4445
[2026-04-29 09:43:32] INFO epoch 1 it 840/1704 loss 0.4299
[2026-04-29 09:43:32] INFO epoch 1 it 860/1704 loss 0.4293
[2026-04-29 09:43:32] INFO epoch 1 it 880/1704 loss 0.4333
[2026-04-29 09:43:33] INFO epoch 1 it 900/1704 loss 0.4278
[2026-04-29 09:43:33] INFO epoch 1 it 920/1704 loss 0.4361
[2026-04-29 09:43:33] INFO epoch 1 it 940/1704 loss 0.4270
[2026-04-29 09:43:33] INFO epoch 1 it 960/1704 loss 0.4352
[2026-04-29 09:43:34] INFO epoch 1 it 980/1704 loss 0.4264
[2026-04-29 09:43:34] INFO epoch 1 it 1000/1704 loss 0.4123
[2026-04-29 09:43:34] INFO epoch 1 it 1020/1704 loss 0.4074
[2026-04-29 09:43:34] INFO epoch 1 it 1040/1704 loss 0.4173
[2026-04-29 09:43:35] INFO epoch 1 it 1060/1704 loss 0.4120
[2026-04-29 09:43:35] INFO epoch 1 it 1080/1704 loss 0.4164
[2026-04-29 09:43:35] INFO epoch 1 it 1100/1704 loss 0.4116
[2026-04-29 09:43:35] INFO epoch 1 it 1120/1704 loss 0.4076
[2026-04-29 09:43:36] INFO epoch 1 it 1140/1704 loss 0.4070
[2026-04-29 09:43:36] INFO epoch 1 it 1160/1704 loss 0.4055
[2026-04-29 09:43:36] INFO epoch 1 it 1180/1704 loss 0.4011
[2026-04-29 09:43:36] INFO epoch 1 it 1200/1704 loss 0.3878
[2026-04-29 09:43:36] INFO epoch 1 it 1220/1704 loss 0.4024
[2026-04-29 09:43:37] INFO epoch 1 it 1240/1704 loss 0.3988
[2026-04-29 09:43:37] INFO epoch 1 it 1260/1704 loss 0.4001
[2026-04-29 09:43:37] INFO epoch 1 it 1280/1704 loss 0.3879
[2026-04-29 09:43:37] INFO epoch 1 it 1300/1704 loss 0.3773
[2026-04-29 09:43:38] INFO epoch 1 it 1320/1704 loss 0.3965
[2026-04-29 09:43:38] INFO epoch 1 it 1340/1704 loss 0.3907
[2026-04-29 09:43:38] INFO epoch 1 it 1360/1704 loss 0.3920
[2026-04-29 09:43:38] INFO epoch 1 it 1380/1704 loss 0.3953
[2026-04-29 09:43:39] INFO epoch 1 it 1400/1704 loss 0.3844
[2026-04-29 09:43:39] INFO epoch 1 it 1420/1704 loss 0.3851
[2026-04-29 09:43:39] INFO epoch 1 it 1440/1704 loss 0.3830
[2026-04-29 09:43:39] INFO epoch 1 it 1460/1704 loss 0.3763
[2026-04-29 09:43:40] INFO epoch 1 it 1480/1704 loss 0.3635
[2026-04-29 09:43:40] INFO epoch 1 it 1500/1704 loss 0.3656
[2026-04-29 09:43:40] INFO epoch 1 it 1520/1704 loss 0.3709
[2026-04-29 09:43:40] INFO epoch 1 it 1540/1704 loss 0.3682
[2026-04-29 09:43:40] INFO epoch 1 it 1560/1704 loss 0.3704
[2026-04-29 09:43:41] INFO epoch 1 it 1580/1704 loss 0.3543
[2026-04-29 09:43:41] INFO epoch 1 it 1600/1704 loss 0.3583
[2026-04-29 09:43:41] INFO epoch 1 it 1620/1704 loss 0.3723
[2026-04-29 09:43:41] INFO epoch 1 it 1640/1704 loss 0.3630
[2026-04-29 09:43:42] INFO epoch 1 it 1660/1704 loss 0.3629
[2026-04-29 09:43:42] INFO epoch 1 it 1680/1704 loss 0.3550
[2026-04-29 09:43:42] INFO epoch 1 it 1700/1704 loss 0.3500
[2026-04-29 09:43:44] INFO epoch 1 done in 62.5s lr=1.00e-04
[2026-04-29 09:44:24] INFO epoch 1 val MAE(HU): 566.68
[2026-04-29 09:44:24] INFO new best MAE: 566.68 ¡æ saved best.pth
[2026-04-29 09:45:04] INFO epoch 2 it 20/1704 loss 0.3473
[2026-04-29 09:45:04] INFO epoch 2 it 40/1704 loss 0.3512
[2026-04-29 09:45:04] INFO epoch 2 it 60/1704 loss 0.3494
[2026-04-29 09:45:04] INFO epoch 2 it 80/1704 loss 0.3523
[2026-04-29 09:45:05] INFO epoch 2 it 100/1704 loss 0.3410
[2026-04-29 09:45:05] INFO epoch 2 it 120/1704 loss 0.3379
[2026-04-29 09:45:05] INFO epoch 2 it 140/1704 loss 0.3359
[2026-04-29 09:45:05] INFO epoch 2 it 160/1704 loss 0.3391
[2026-04-29 09:45:05] INFO epoch 2 it 180/1704 loss 0.3296
[2026-04-29 09:45:06] INFO epoch 2 it 200/1704 loss 0.3314
[2026-04-29 09:45:06] INFO epoch 2 it 220/1704 loss 0.3407
[2026-04-29 09:45:06] INFO epoch 2 it 240/1704 loss 0.3209
[2026-04-29 09:45:06] INFO epoch 2 it 260/1704 loss 0.3355
[2026-04-29 09:45:07] INFO epoch 2 it 280/1704 loss 0.3231
[2026-04-29 09:45:07] INFO epoch 2 it 300/1704 loss 0.3198
[2026-04-29 09:45:07] INFO epoch 2 it 320/1704 loss 0.3143
[2026-04-29 09:45:07] INFO epoch 2 it 340/1704 loss 0.3243
[2026-04-29 09:45:07] INFO epoch 2 it 360/1704 loss 0.3152
[2026-04-29 09:45:08] INFO epoch 2 it 380/1704 loss 0.3106
[2026-04-29 09:45:08] INFO epoch 2 it 400/1704 loss 0.3183
[2026-04-29 09:45:08] INFO epoch 2 it 420/1704 loss 0.3118
[2026-04-29 09:45:08] INFO epoch 2 it 440/1704 loss 0.3097
[2026-04-29 09:45:09] INFO epoch 2 it 460/1704 loss 0.3059
[2026-04-29 09:45:09] INFO epoch 2 it 480/1704 loss 0.3002
[2026-04-29 09:45:09] INFO epoch 2 it 500/1704 loss 0.3043
[2026-04-29 09:45:09] INFO epoch 2 it 520/1704 loss 0.3030
[2026-04-29 09:45:10] INFO epoch 2 it 540/1704 loss 0.2998
[2026-04-29 09:45:10] INFO epoch 2 it 560/1704 loss 0.2936
[2026-04-29 09:45:10] INFO epoch 2 it 580/1704 loss 0.2960
[2026-04-29 09:45:10] INFO epoch 2 it 600/1704 loss 0.2926
[2026-04-29 09:45:10] INFO epoch 2 it 620/1704 loss 0.2774
[2026-04-29 09:45:11] INFO epoch 2 it 640/1704 loss 0.2870
[2026-04-29 09:45:11] INFO epoch 2 it 660/1704 loss 0.2890
[2026-04-29 09:45:11] INFO epoch 2 it 680/1704 loss 0.2844
[2026-04-29 09:45:11] INFO epoch 2 it 700/1704 loss 0.2860
[2026-04-29 09:45:12] INFO epoch 2 it 720/1704 loss 0.2750
[2026-04-29 09:45:12] INFO epoch 2 it 740/1704 loss 0.2788
[2026-04-29 09:45:12] INFO epoch 2 it 760/1704 loss 0.2823
[2026-04-29 09:45:12] INFO epoch 2 it 780/1704 loss 0.2728
[2026-04-29 09:45:13] INFO epoch 2 it 800/1704 loss 0.2806
[2026-04-29 09:45:13] INFO epoch 2 it 820/1704 loss 0.2674
[2026-04-29 09:45:13] INFO epoch 2 it 840/1704 loss 0.2692
[2026-04-29 09:45:13] INFO epoch 2 it 860/1704 loss 0.2597
[2026-04-29 09:45:13] INFO epoch 2 it 880/1704 loss 0.2602
[2026-04-29 09:45:14] INFO epoch 2 it 900/1704 loss 0.2545
[2026-04-29 09:45:14] INFO epoch 2 it 920/1704 loss 0.2627
[2026-04-29 09:45:14] INFO epoch 2 it 940/1704 loss 0.2511
[2026-04-29 09:45:14] INFO epoch 2 it 960/1704 loss 0.2523
[2026-04-29 09:45:15] INFO epoch 2 it 980/1704 loss 0.2514
[2026-04-29 09:45:15] INFO epoch 2 it 1000/1704 loss 0.2464
[2026-04-29 09:45:15] INFO epoch 2 it 1020/1704 loss 0.2548
[2026-04-29 09:45:15] INFO epoch 2 it 1040/1704 loss 0.2448
[2026-04-29 09:45:16] INFO epoch 2 it 1060/1704 loss 0.2358
[2026-04-29 09:45:16] INFO epoch 2 it 1080/1704 loss 0.2442
[2026-04-29 09:45:16] INFO epoch 2 it 1100/1704 loss 0.2349
[2026-04-29 09:45:16] INFO epoch 2 it 1120/1704 loss 0.2354
[2026-04-29 09:45:16] INFO epoch 2 it 1140/1704 loss 0.2368
[2026-04-29 09:45:17] INFO epoch 2 it 1160/1704 loss 0.2359
[2026-04-29 09:45:17] INFO epoch 2 it 1180/1704 loss 0.2313
[2026-04-29 09:45:17] INFO epoch 2 it 1200/1704 loss 0.2279
[2026-04-29 09:45:17] INFO epoch 2 it 1220/1704 loss 0.2248
[2026-04-29 09:45:18] INFO epoch 2 it 1240/1704 loss 0.2271
[2026-04-29 09:45:18] INFO epoch 2 it 1260/1704 loss 0.2245
[2026-04-29 09:45:18] INFO epoch 2 it 1280/1704 loss 0.2182
[2026-04-29 09:45:18] INFO epoch 2 it 1300/1704 loss 0.2186
[2026-04-29 09:45:19] INFO epoch 2 it 1320/1704 loss 0.2138
[2026-04-29 09:45:19] INFO epoch 2 it 1340/1704 loss 0.2199
[2026-04-29 09:45:19] INFO epoch 2 it 1360/1704 loss 0.2105
[2026-04-29 09:45:19] INFO epoch 2 it 1380/1704 loss 0.2078
[2026-04-29 09:45:19] INFO epoch 2 it 1400/1704 loss 0.2039
[2026-04-29 09:45:20] INFO epoch 2 it 1420/1704 loss 0.1988
[2026-04-29 09:45:20] INFO epoch 2 it 1440/1704 loss 0.1999
[2026-04-29 09:45:20] INFO epoch 2 it 1460/1704 loss 0.2063
[2026-04-29 09:45:20] INFO epoch 2 it 1480/1704 loss 0.2016
[2026-04-29 09:45:21] INFO epoch 2 it 1500/1704 loss 0.2043
[2026-04-29 09:45:21] INFO epoch 2 it 1520/1704 loss 0.1915
[2026-04-29 09:45:21] INFO epoch 2 it 1540/1704 loss 0.1977
[2026-04-29 09:45:21] INFO epoch 2 it 1560/1704 loss 0.1890
[2026-04-29 09:45:22] INFO epoch 2 it 1580/1704 loss 0.1899
[2026-04-29 09:45:22] INFO epoch 2 it 1600/1704 loss 0.1846
[2026-04-29 09:45:22] INFO epoch 2 it 1620/1704 loss 0.1972
[2026-04-29 09:45:22] INFO epoch 2 it 1640/1704 loss 0.1824
[2026-04-29 09:45:22] INFO epoch 2 it 1660/1704 loss 0.1797
[2026-04-29 09:45:23] INFO epoch 2 it 1680/1704 loss 0.1802
[2026-04-29 09:45:23] INFO epoch 2 it 1700/1704 loss 0.1715
[2026-04-29 09:45:25] INFO epoch 2 done in 60.2s lr=9.99e-05
[2026-04-29 09:46:04] INFO epoch 2 val MAE(HU): 268.20
[2026-04-29 09:46:05] INFO new best MAE: 268.20 ¡æ saved best.pth
[2026-04-29 09:46:44] INFO epoch 3 it 20/1704 loss 0.1745
[2026-04-29 09:46:44] INFO epoch 3 it 40/1704 loss 0.1802
[2026-04-29 09:46:45] INFO epoch 3 it 60/1704 loss 0.1650
[2026-04-29 09:46:45] INFO epoch 3 it 80/1704 loss 0.1758
[2026-04-29 09:46:45] INFO epoch 3 it 100/1704 loss 0.1669
[2026-04-29 09:46:45] INFO epoch 3 it 120/1704 loss 0.1596
[2026-04-29 09:46:46] INFO epoch 3 it 140/1704 loss 0.1618
[2026-04-29 09:46:46] INFO epoch 3 it 160/1704 loss 0.1703
[2026-04-29 09:46:46] INFO epoch 3 it 180/1704 loss 0.1547
[2026-04-29 09:46:46] INFO epoch 3 it 200/1704 loss 0.1531
[2026-04-29 09:46:47] INFO epoch 3 it 220/1704 loss 0.1566
[2026-04-29 09:46:47] INFO epoch 3 it 240/1704 loss 0.1535
[2026-04-29 09:46:47] INFO epoch 3 it 260/1704 loss 0.1559
[2026-04-29 09:46:47] INFO epoch 3 it 280/1704 loss 0.1508
[2026-04-29 09:46:47] INFO epoch 3 it 300/1704 loss 0.1499
[2026-04-29 09:46:48] INFO epoch 3 it 320/1704 loss 0.1591
[2026-04-29 09:46:48] INFO epoch 3 it 340/1704 loss 0.1514
[2026-04-29 09:46:48] INFO epoch 3 it 360/1704 loss 0.1474
[2026-04-29 09:46:48] INFO epoch 3 it 380/1704 loss 0.1290
[2026-04-29 09:46:49] INFO epoch 3 it 400/1704 loss 0.1409
[2026-04-29 09:46:49] INFO epoch 3 it 420/1704 loss 0.1374
[2026-04-29 09:46:49] INFO epoch 3 it 440/1704 loss 0.1417
[2026-04-29 09:46:49] INFO epoch 3 it 460/1704 loss 0.1478
[2026-04-29 09:46:50] INFO epoch 3 it 480/1704 loss 0.1294
[2026-04-29 09:46:50] INFO epoch 3 it 500/1704 loss 0.1312
[2026-04-29 09:46:50] INFO epoch 3 it 520/1704 loss 0.1196
[2026-04-29 09:46:50] INFO epoch 3 it 540/1704 loss 0.1321
[2026-04-29 09:46:50] INFO epoch 3 it 560/1704 loss 0.1185
[2026-04-29 09:46:51] INFO epoch 3 it 580/1704 loss 0.1152
[2026-04-29 09:46:51] INFO epoch 3 it 600/1704 loss 0.1266
[2026-04-29 09:46:51] INFO epoch 3 it 620/1704 loss 0.1192
[2026-04-29 09:46:51] INFO epoch 3 it 640/1704 loss 0.1253
[2026-04-29 09:46:52] INFO epoch 3 it 660/1704 loss 0.1219
[2026-04-29 09:46:52] INFO epoch 3 it 680/1704 loss 0.1262
[2026-04-29 09:46:52] INFO epoch 3 it 700/1704 loss 0.1225
[2026-04-29 09:46:52] INFO epoch 3 it 720/1704 loss 0.0976
[2026-04-29 09:46:53] INFO epoch 3 it 740/1704 loss 0.1193
[2026-04-29 09:46:53] INFO epoch 3 it 760/1704 loss 0.1031
[2026-04-29 09:46:53] INFO epoch 3 it 780/1704 loss 0.1121
[2026-04-29 09:46:53] INFO epoch 3 it 800/1704 loss 0.0974
[2026-04-29 09:46:53] INFO epoch 3 it 820/1704 loss 0.1045
[2026-04-29 09:46:54] INFO epoch 3 it 840/1704 loss 0.1021
[2026-04-29 09:46:54] INFO epoch 3 it 860/1704 loss 0.0996
[2026-04-29 09:46:54] INFO epoch 3 it 880/1704 loss 0.0965
[2026-04-29 09:46:54] INFO epoch 3 it 900/1704 loss 0.1093
[2026-04-29 09:46:55] INFO epoch 3 it 920/1704 loss 0.0957
[2026-04-29 09:46:55] INFO epoch 3 it 940/1704 loss 0.1023
[2026-04-29 09:46:55] INFO epoch 3 it 960/1704 loss 0.0990
[2026-04-29 09:46:55] INFO epoch 3 it 980/1704 loss 0.1059
[2026-04-29 09:46:55] INFO epoch 3 it 1000/1704 loss 0.0888
[2026-04-29 09:46:56] INFO epoch 3 it 1020/1704 loss 0.0892
[2026-04-29 09:46:56] INFO epoch 3 it 1040/1704 loss 0.0888
[2026-04-29 09:46:56] INFO epoch 3 it 1060/1704 loss 0.0895
[2026-04-29 09:46:56] INFO epoch 3 it 1080/1704 loss 0.0866
[2026-04-29 09:46:57] INFO epoch 3 it 1100/1704 loss 0.0930
[2026-04-29 09:46:57] INFO epoch 3 it 1120/1704 loss 0.0893
[2026-04-29 09:46:57] INFO epoch 3 it 1140/1704 loss 0.0930
[2026-04-29 09:46:57] INFO epoch 3 it 1160/1704 loss 0.0924
[2026-04-29 09:46:58] INFO epoch 3 it 1180/1704 loss 0.0868
[2026-04-29 09:46:58] INFO epoch 3 it 1200/1704 loss 0.0830
[2026-04-29 09:46:58] INFO epoch 3 it 1220/1704 loss 0.0954
[2026-04-29 09:46:58] INFO epoch 3 it 1240/1704 loss 0.0933
[2026-04-29 09:46:59] INFO epoch 3 it 1260/1704 loss 0.0912
[2026-04-29 09:46:59] INFO epoch 3 it 1280/1704 loss 0.0834
[2026-04-29 09:46:59] INFO epoch 3 it 1300/1704 loss 0.0881
[2026-04-29 09:46:59] INFO epoch 3 it 1320/1704 loss 0.0871
[2026-04-29 09:46:59] INFO epoch 3 it 1340/1704 loss 0.0832
[2026-04-29 09:47:00] INFO epoch 3 it 1360/1704 loss 0.0815
[2026-04-29 09:47:00] INFO epoch 3 it 1380/1704 loss 0.0909
[2026-04-29 09:47:00] INFO epoch 3 it 1400/1704 loss 0.0836
[2026-04-29 09:47:00] INFO epoch 3 it 1420/1704 loss 0.0931
[2026-04-29 09:47:01] INFO epoch 3 it 1440/1704 loss 0.0722
[2026-04-29 09:47:01] INFO epoch 3 it 1460/1704 loss 0.0856
[2026-04-29 09:47:01] INFO epoch 3 it 1480/1704 loss 0.0837
[2026-04-29 09:47:01] INFO epoch 3 it 1500/1704 loss 0.0858
[2026-04-29 09:47:02] INFO epoch 3 it 1520/1704 loss 0.0857
[2026-04-29 09:47:02] INFO epoch 3 it 1540/1704 loss 0.0777
[2026-04-29 09:47:02] INFO epoch 3 it 1560/1704 loss 0.0942
[2026-04-29 09:47:02] INFO epoch 3 it 1580/1704 loss 0.0899
[2026-04-29 09:47:03] INFO epoch 3 it 1600/1704 loss 0.0831
[2026-04-29 09:47:03] INFO epoch 3 it 1620/1704 loss 0.0781
[2026-04-29 09:47:03] INFO epoch 3 it 1640/1704 loss 0.0766
[2026-04-29 09:47:03] INFO epoch 3 it 1660/1704 loss 0.0724
[2026-04-29 09:47:04] INFO epoch 3 it 1680/1704 loss 0.0762
[2026-04-29 09:47:04] INFO epoch 3 it 1700/1704 loss 0.0823
[2026-04-29 09:47:05] INFO epoch 3 done in 60.9s lr=9.99e-05
[2026-04-29 09:47:46] INFO epoch 3 val MAE(HU): 102.71
[2026-04-29 09:47:46] INFO new best MAE: 102.71 ¡æ saved best.pth
[2026-04-29 09:48:21] INFO epoch 4 it 20/1704 loss 0.0814
[2026-04-29 09:48:21] INFO epoch 4 it 40/1704 loss 0.0813
[2026-04-29 09:48:21] INFO epoch 4 it 60/1704 loss 0.0710
[2026-04-29 09:48:22] INFO epoch 4 it 80/1704 loss 0.0807
[2026-04-29 09:48:22] INFO epoch 4 it 100/1704 loss 0.0960
[2026-04-29 09:48:22] INFO epoch 4 it 120/1704 loss 0.0760
[2026-04-29 09:48:22] INFO epoch 4 it 140/1704 loss 0.0790
[2026-04-29 09:48:23] INFO epoch 4 it 160/1704 loss 0.0851
[2026-04-29 09:48:23] INFO epoch 4 it 180/1704 loss 0.0828
[2026-04-29 09:48:23] INFO epoch 4 it 200/1704 loss 0.0872
[2026-04-29 09:48:24] INFO epoch 4 it 220/1704 loss 0.0867
[2026-04-29 09:48:24] INFO epoch 4 it 240/1704 loss 0.0838
[2026-04-29 09:48:24] INFO epoch 4 it 260/1704 loss 0.0831
[2026-04-29 09:48:25] INFO epoch 4 it 280/1704 loss 0.0780
[2026-04-29 09:48:25] INFO epoch 4 it 300/1704 loss 0.0752
[2026-04-29 09:48:25] INFO epoch 4 it 320/1704 loss 0.0773
[2026-04-29 09:48:25] INFO epoch 4 it 340/1704 loss 0.0770
[2026-04-29 09:48:26] INFO epoch 4 it 360/1704 loss 0.0860
[2026-04-29 09:48:26] INFO epoch 4 it 380/1704 loss 0.0853
[2026-04-29 09:48:26] INFO epoch 4 it 400/1704 loss 0.0790
[2026-04-29 09:48:26] INFO epoch 4 it 420/1704 loss 0.0752
[2026-04-29 09:48:27] INFO epoch 4 it 440/1704 loss 0.0821
[2026-04-29 09:48:27] INFO epoch 4 it 460/1704 loss 0.0840
[2026-04-29 09:48:27] INFO epoch 4 it 480/1704 loss 0.0808
[2026-04-29 09:48:27] INFO epoch 4 it 500/1704 loss 0.0787
[2026-04-29 09:48:28] INFO epoch 4 it 520/1704 loss 0.0854
[2026-04-29 09:48:28] INFO epoch 4 it 540/1704 loss 0.0765
[2026-04-29 09:48:28] INFO epoch 4 it 560/1704 loss 0.0820
[2026-04-29 09:48:28] INFO epoch 4 it 580/1704 loss 0.0824
[2026-04-29 09:48:29] INFO epoch 4 it 600/1704 loss 0.0779
[2026-04-29 09:48:29] INFO epoch 4 it 620/1704 loss 0.0718
[2026-04-29 09:48:29] INFO epoch 4 it 640/1704 loss 0.0793
[2026-04-29 09:48:30] INFO epoch 4 it 660/1704 loss 0.0723
[2026-04-29 09:48:30] INFO epoch 4 it 680/1704 loss 0.0759
[2026-04-29 09:48:30] INFO epoch 4 it 700/1704 loss 0.0725
[2026-04-29 09:48:30] INFO epoch 4 it 720/1704 loss 0.0790
[2026-04-29 09:48:31] INFO epoch 4 it 740/1704 loss 0.0795
[2026-04-29 09:48:31] INFO epoch 4 it 760/1704 loss 0.0818
[2026-04-29 09:48:31] INFO epoch 4 it 780/1704 loss 0.0850
[2026-04-29 09:48:31] INFO epoch 4 it 800/1704 loss 0.0849
[2026-04-29 09:48:32] INFO epoch 4 it 820/1704 loss 0.0849
[2026-04-29 09:48:32] INFO epoch 4 it 840/1704 loss 0.0902
[2026-04-29 09:48:32] INFO epoch 4 it 860/1704 loss 0.0792
[2026-04-29 09:48:32] INFO epoch 4 it 880/1704 loss 0.0699
[2026-04-29 09:48:33] INFO epoch 4 it 900/1704 loss 0.0773
[2026-04-29 09:48:33] INFO epoch 4 it 920/1704 loss 0.0813
[2026-04-29 09:48:33] INFO epoch 4 it 940/1704 loss 0.0746
[2026-04-29 09:48:33] INFO epoch 4 it 960/1704 loss 0.0819
[2026-04-29 09:48:34] INFO epoch 4 it 980/1704 loss 0.0797
[2026-04-29 09:48:34] INFO epoch 4 it 1000/1704 loss 0.0823
[2026-04-29 09:48:34] INFO epoch 4 it 1020/1704 loss 0.0787
[2026-04-29 09:48:34] INFO epoch 4 it 1040/1704 loss 0.0861
[2026-04-29 09:48:35] INFO epoch 4 it 1060/1704 loss 0.0791
[2026-04-29 09:48:35] INFO epoch 4 it 1080/1704 loss 0.0807
[2026-04-29 09:48:35] INFO epoch 4 it 1100/1704 loss 0.0767
[2026-04-29 09:48:36] INFO epoch 4 it 1120/1704 loss 0.0809
[2026-04-29 09:48:36] INFO epoch 4 it 1140/1704 loss 0.0821
[2026-04-29 09:48:36] INFO epoch 4 it 1160/1704 loss 0.0812
[2026-04-29 09:48:36] INFO epoch 4 it 1180/1704 loss 0.0849
[2026-04-29 09:48:37] INFO epoch 4 it 1200/1704 loss 0.0864
[2026-04-29 09:48:37] INFO epoch 4 it 1220/1704 loss 0.0739
[2026-04-29 09:48:37] INFO epoch 4 it 1240/1704 loss 0.0724
[2026-04-29 09:48:37] INFO epoch 4 it 1260/1704 loss 0.0859
[2026-04-29 09:48:38] INFO epoch 4 it 1280/1704 loss 0.0810
[2026-04-29 09:48:38] INFO epoch 4 it 1300/1704 loss 0.0701
[2026-04-29 09:48:38] INFO epoch 4 it 1320/1704 loss 0.0779
[2026-04-29 09:48:38] INFO epoch 4 it 1340/1704 loss 0.0783
[2026-04-29 09:48:39] INFO epoch 4 it 1360/1704 loss 0.0764
[2026-04-29 09:48:39] INFO epoch 4 it 1380/1704 loss 0.0827
[2026-04-29 09:48:39] INFO epoch 4 it 1400/1704 loss 0.0738
[2026-04-29 09:48:39] INFO epoch 4 it 1420/1704 loss 0.0801
[2026-04-29 09:48:40] INFO epoch 4 it 1440/1704 loss 0.0854
[2026-04-29 09:48:40] INFO epoch 4 it 1460/1704 loss 0.0788
[2026-04-29 09:48:40] INFO epoch 4 it 1480/1704 loss 0.0683
[2026-04-29 09:48:41] INFO epoch 4 it 1500/1704 loss 0.0749
[2026-04-29 09:48:41] INFO epoch 4 it 1520/1704 loss 0.0888
[2026-04-29 09:48:41] INFO epoch 4 it 1540/1704 loss 0.0766
[2026-04-29 09:48:41] INFO epoch 4 it 1560/1704 loss 0.0811
[2026-04-29 09:48:42] INFO epoch 4 it 1580/1704 loss 0.0799
[2026-04-29 09:48:42] INFO epoch 4 it 1600/1704 loss 0.0734
[2026-04-29 09:48:42] INFO epoch 4 it 1620/1704 loss 0.0717
[2026-04-29 09:48:42] INFO epoch 4 it 1640/1704 loss 0.0807
[2026-04-29 09:48:43] INFO epoch 4 it 1660/1704 loss 0.0784
[2026-04-29 09:48:43] INFO epoch 4 it 1680/1704 loss 0.0825
[2026-04-29 09:48:43] INFO epoch 4 it 1700/1704 loss 0.0800
[2026-04-29 09:48:45] INFO epoch 4 done in 59.0s lr=9.98e-05
[2026-04-29 09:49:25] INFO epoch 4 val MAE(HU): 91.11
[2026-04-29 09:49:26] INFO new best MAE: 91.11 ¡æ saved best.pth
[2026-04-29 09:50:02] INFO epoch 5 it 20/1704 loss 0.0817
[2026-04-29 09:50:02] INFO epoch 5 it 40/1704 loss 0.0763
[2026-04-29 09:50:03] INFO epoch 5 it 60/1704 loss 0.0817
[2026-04-29 09:50:03] INFO epoch 5 it 80/1704 loss 0.0780
[2026-04-29 09:50:03] INFO epoch 5 it 100/1704 loss 0.0798
[2026-04-29 09:50:03] INFO epoch 5 it 120/1704 loss 0.0807
[2026-04-29 09:50:04] INFO epoch 5 it 140/1704 loss 0.0782
[2026-04-29 09:50:04] INFO epoch 5 it 160/1704 loss 0.0745
[2026-04-29 09:50:04] INFO epoch 5 it 180/1704 loss 0.0775
[2026-04-29 09:50:04] INFO epoch 5 it 200/1704 loss 0.0753
[2026-04-29 09:50:05] INFO epoch 5 it 220/1704 loss 0.0792
[2026-04-29 09:50:05] INFO epoch 5 it 240/1704 loss 0.0720
[2026-04-29 09:50:05] INFO epoch 5 it 260/1704 loss 0.0753
[2026-04-29 09:50:05] INFO epoch 5 it 280/1704 loss 0.0771
[2026-04-29 09:50:06] INFO epoch 5 it 300/1704 loss 0.0731
[2026-04-29 09:50:06] INFO epoch 5 it 320/1704 loss 0.0764
[2026-04-29 09:50:06] INFO epoch 5 it 340/1704 loss 0.0763
[2026-04-29 09:50:06] INFO epoch 5 it 360/1704 loss 0.0712
[2026-04-29 09:50:07] INFO epoch 5 it 380/1704 loss 0.0786
[2026-04-29 09:50:07] INFO epoch 5 it 400/1704 loss 0.0744
[2026-04-29 09:50:07] INFO epoch 5 it 420/1704 loss 0.0879
[2026-04-29 09:50:08] INFO epoch 5 it 440/1704 loss 0.0889
[2026-04-29 09:50:08] INFO epoch 5 it 460/1704 loss 0.0707
[2026-04-29 09:50:08] INFO epoch 5 it 480/1704 loss 0.0812
[2026-04-29 09:50:08] INFO epoch 5 it 500/1704 loss 0.0806
[2026-04-29 09:50:09] INFO epoch 5 it 520/1704 loss 0.0781
[2026-04-29 09:50:09] INFO epoch 5 it 540/1704 loss 0.0802
[2026-04-29 09:50:09] INFO epoch 5 it 560/1704 loss 0.0757
[2026-04-29 09:50:10] INFO epoch 5 it 580/1704 loss 0.0756
[2026-04-29 09:50:10] INFO epoch 5 it 600/1704 loss 0.0746
[2026-04-29 09:50:10] INFO epoch 5 it 620/1704 loss 0.0808
[2026-04-29 09:50:10] INFO epoch 5 it 640/1704 loss 0.0795
[2026-04-29 09:50:11] INFO epoch 5 it 660/1704 loss 0.0707
[2026-04-29 09:50:11] INFO epoch 5 it 680/1704 loss 0.0798
[2026-04-29 09:50:11] INFO epoch 5 it 700/1704 loss 0.0858
[2026-04-29 09:50:11] INFO epoch 5 it 720/1704 loss 0.0758
[2026-04-29 09:50:12] INFO epoch 5 it 740/1704 loss 0.0716
[2026-04-29 09:50:12] INFO epoch 5 it 760/1704 loss 0.0757
[2026-04-29 09:50:12] INFO epoch 5 it 780/1704 loss 0.0831
[2026-04-29 09:50:12] INFO epoch 5 it 800/1704 loss 0.0741
[2026-04-29 09:50:13] INFO epoch 5 it 820/1704 loss 0.0800
[2026-04-29 09:50:13] INFO epoch 5 it 840/1704 loss 0.0684
[2026-04-29 09:50:13] INFO epoch 5 it 860/1704 loss 0.0767
[2026-04-29 09:50:14] INFO epoch 5 it 880/1704 loss 0.0736
[2026-04-29 09:50:14] INFO epoch 5 it 900/1704 loss 0.0762
[2026-04-29 09:50:14] INFO epoch 5 it 920/1704 loss 0.0737
[2026-04-29 09:50:14] INFO epoch 5 it 940/1704 loss 0.0779
[2026-04-29 09:50:15] INFO epoch 5 it 960/1704 loss 0.0703
[2026-04-29 09:50:15] INFO epoch 5 it 980/1704 loss 0.0720
[2026-04-29 09:50:15] INFO epoch 5 it 1000/1704 loss 0.0702
[2026-04-29 09:50:16] INFO epoch 5 it 1020/1704 loss 0.0792
[2026-04-29 09:50:16] INFO epoch 5 it 1040/1704 loss 0.0706
[2026-04-29 09:50:16] INFO epoch 5 it 1060/1704 loss 0.0712
[2026-04-29 09:50:16] INFO epoch 5 it 1080/1704 loss 0.0851
[2026-04-29 09:50:17] INFO epoch 5 it 1100/1704 loss 0.0759
[2026-04-29 09:50:17] INFO epoch 5 it 1120/1704 loss 0.0767
[2026-04-29 09:50:17] INFO epoch 5 it 1140/1704 loss 0.0733
[2026-04-29 09:50:17] INFO epoch 5 it 1160/1704 loss 0.0785
[2026-04-29 09:50:18] INFO epoch 5 it 1180/1704 loss 0.0811
[2026-04-29 09:50:18] INFO epoch 5 it 1200/1704 loss 0.0758
[2026-04-29 09:50:18] INFO epoch 5 it 1220/1704 loss 0.0695
[2026-04-29 09:50:19] INFO epoch 5 it 1240/1704 loss 0.0804
[2026-04-29 09:50:19] INFO epoch 5 it 1260/1704 loss 0.0709
[2026-04-29 09:50:19] INFO epoch 5 it 1280/1704 loss 0.0777
[2026-04-29 09:50:19] INFO epoch 5 it 1300/1704 loss 0.0815
[2026-04-29 09:50:20] INFO epoch 5 it 1320/1704 loss 0.0741
[2026-04-29 09:50:20] INFO epoch 5 it 1340/1704 loss 0.0794
[2026-04-29 09:50:20] INFO epoch 5 it 1360/1704 loss 0.0841
[2026-04-29 09:50:20] INFO epoch 5 it 1380/1704 loss 0.0727
[2026-04-29 09:50:21] INFO epoch 5 it 1400/1704 loss 0.0738
[2026-04-29 09:50:21] INFO epoch 5 it 1420/1704 loss 0.0774
[2026-04-29 09:50:21] INFO epoch 5 it 1440/1704 loss 0.0809
[2026-04-29 09:50:21] INFO epoch 5 it 1460/1704 loss 0.0818
[2026-04-29 09:50:22] INFO epoch 5 it 1480/1704 loss 0.0710
[2026-04-29 09:50:22] INFO epoch 5 it 1500/1704 loss 0.0739
[2026-04-29 09:50:22] INFO epoch 5 it 1520/1704 loss 0.0697
[2026-04-29 09:50:23] INFO epoch 5 it 1540/1704 loss 0.0866
[2026-04-29 09:50:23] INFO epoch 5 it 1560/1704 loss 0.0673
[2026-04-29 09:50:23] INFO epoch 5 it 1580/1704 loss 0.0718
[2026-04-29 09:50:23] INFO epoch 5 it 1600/1704 loss 0.0869
[2026-04-29 09:50:24] INFO epoch 5 it 1620/1704 loss 0.0716
[2026-04-29 09:50:24] INFO epoch 5 it 1640/1704 loss 0.0748
[2026-04-29 09:50:24] INFO epoch 5 it 1660/1704 loss 0.0739
[2026-04-29 09:50:24] INFO epoch 5 it 1680/1704 loss 0.0764
[2026-04-29 09:50:25] INFO epoch 5 it 1700/1704 loss 0.0793
[2026-04-29 09:50:26] INFO epoch 5 done in 60.5s lr=9.98e-05
[2026-04-29 09:51:07] INFO epoch 5 val MAE(HU): 86.51
[2026-04-29 09:51:08] INFO new best MAE: 86.51 ¡æ saved best.pth
[2026-04-29 09:51:44] INFO epoch 6 it 20/1704 loss 0.0725
[2026-04-29 09:51:44] INFO epoch 6 it 40/1704 loss 0.0720
[2026-04-29 09:51:44] INFO epoch 6 it 60/1704 loss 0.0682
[2026-04-29 09:51:44] INFO epoch 6 it 80/1704 loss 0.0734
[2026-04-29 09:51:45] INFO epoch 6 it 100/1704 loss 0.0742
[2026-04-29 09:51:45] INFO epoch 6 it 120/1704 loss 0.0791
[2026-04-29 09:51:45] INFO epoch 6 it 140/1704 loss 0.0843
[2026-04-29 09:51:45] INFO epoch 6 it 160/1704 loss 0.0758
[2026-04-29 09:51:46] INFO epoch 6 it 180/1704 loss 0.0769
[2026-04-29 09:51:46] INFO epoch 6 it 200/1704 loss 0.0801
[2026-04-29 09:51:46] INFO epoch 6 it 220/1704 loss 0.0699
[2026-04-29 09:51:46] INFO epoch 6 it 240/1704 loss 0.0849
[2026-04-29 09:51:47] INFO epoch 6 it 260/1704 loss 0.0701
[2026-04-29 09:51:47] INFO epoch 6 it 280/1704 loss 0.0767
[2026-04-29 09:51:47] INFO epoch 6 it 300/1704 loss 0.0817
[2026-04-29 09:51:48] INFO epoch 6 it 320/1704 loss 0.0728
[2026-04-29 09:51:48] INFO epoch 6 it 340/1704 loss 0.0703
[2026-04-29 09:51:48] INFO epoch 6 it 360/1704 loss 0.0783
[2026-04-29 09:51:48] INFO epoch 6 it 380/1704 loss 0.0699
[2026-04-29 09:51:49] INFO epoch 6 it 400/1704 loss 0.0789
[2026-04-29 09:51:49] INFO epoch 6 it 420/1704 loss 0.0667
[2026-04-29 09:51:49] INFO epoch 6 it 440/1704 loss 0.0814
[2026-04-29 09:51:49] INFO epoch 6 it 460/1704 loss 0.0809
[2026-04-29 09:51:50] INFO epoch 6 it 480/1704 loss 0.0716
[2026-04-29 09:51:50] INFO epoch 6 it 500/1704 loss 0.0726
[2026-04-29 09:51:50] INFO epoch 6 it 520/1704 loss 0.0749
[2026-04-29 09:51:50] INFO epoch 6 it 540/1704 loss 0.0714
[2026-04-29 09:51:51] INFO epoch 6 it 560/1704 loss 0.0765
[2026-04-29 09:51:51] INFO epoch 6 it 580/1704 loss 0.0681
[2026-04-29 09:51:51] INFO epoch 6 it 600/1704 loss 0.0764
[2026-04-29 09:51:51] INFO epoch 6 it 620/1704 loss 0.0690
[2026-04-29 09:51:52] INFO epoch 6 it 640/1704 loss 0.0728
[2026-04-29 09:51:52] INFO epoch 6 it 660/1704 loss 0.0725
[2026-04-29 09:51:52] INFO epoch 6 it 680/1704 loss 0.0811
[2026-04-29 09:51:52] INFO epoch 6 it 700/1704 loss 0.0719
[2026-04-29 09:51:53] INFO epoch 6 it 720/1704 loss 0.0726
[2026-04-29 09:51:53] INFO epoch 6 it 740/1704 loss 0.0783
[2026-04-29 09:51:53] INFO epoch 6 it 760/1704 loss 0.0753
[2026-04-29 09:51:54] INFO epoch 6 it 780/1704 loss 0.0715
[2026-04-29 09:51:54] INFO epoch 6 it 800/1704 loss 0.0677
[2026-04-29 09:51:54] INFO epoch 6 it 820/1704 loss 0.0739
[2026-04-29 09:51:54] INFO epoch 6 it 840/1704 loss 0.0712
[2026-04-29 09:51:55] INFO epoch 6 it 860/1704 loss 0.0722
[2026-04-29 09:51:55] INFO epoch 6 it 880/1704 loss 0.0635
[2026-04-29 09:51:55] INFO epoch 6 it 900/1704 loss 0.0712
[2026-04-29 09:51:55] INFO epoch 6 it 920/1704 loss 0.0717
[2026-04-29 09:51:56] INFO epoch 6 it 940/1704 loss 0.0696
[2026-04-29 09:51:56] INFO epoch 6 it 960/1704 loss 0.0745
[2026-04-29 09:51:56] INFO epoch 6 it 980/1704 loss 0.0659
[2026-04-29 09:51:56] INFO epoch 6 it 1000/1704 loss 0.0700
[2026-04-29 09:51:57] INFO epoch 6 it 1020/1704 loss 0.0717
[2026-04-29 09:51:57] INFO epoch 6 it 1040/1704 loss 0.0802
[2026-04-29 09:51:57] INFO epoch 6 it 1060/1704 loss 0.0768
[2026-04-29 09:51:57] INFO epoch 6 it 1080/1704 loss 0.0719
[2026-04-29 09:51:58] INFO epoch 6 it 1100/1704 loss 0.0681
[2026-04-29 09:51:58] INFO epoch 6 it 1120/1704 loss 0.0861
[2026-04-29 09:51:58] INFO epoch 6 it 1140/1704 loss 0.0723
[2026-04-29 09:51:59] INFO epoch 6 it 1160/1704 loss 0.0707
[2026-04-29 09:51:59] INFO epoch 6 it 1180/1704 loss 0.0715
[2026-04-29 09:51:59] INFO epoch 6 it 1200/1704 loss 0.0813
[2026-04-29 09:51:59] INFO epoch 6 it 1220/1704 loss 0.0698
[2026-04-29 09:52:00] INFO epoch 6 it 1240/1704 loss 0.0642
[2026-04-29 09:52:00] INFO epoch 6 it 1260/1704 loss 0.0771
[2026-04-29 09:52:00] INFO epoch 6 it 1280/1704 loss 0.0763
[2026-04-29 09:52:00] INFO epoch 6 it 1300/1704 loss 0.0725
[2026-04-29 09:52:01] INFO epoch 6 it 1320/1704 loss 0.0742
[2026-04-29 09:52:01] INFO epoch 6 it 1340/1704 loss 0.0804
[2026-04-29 09:52:01] INFO epoch 6 it 1360/1704 loss 0.0751
[2026-04-29 09:52:01] INFO epoch 6 it 1380/1704 loss 0.0745
[2026-04-29 09:52:02] INFO epoch 6 it 1400/1704 loss 0.0713
[2026-04-29 09:52:02] INFO epoch 6 it 1420/1704 loss 0.0706
[2026-04-29 09:52:02] INFO epoch 6 it 1440/1704 loss 0.0685
[2026-04-29 09:52:02] INFO epoch 6 it 1460/1704 loss 0.0792
[2026-04-29 09:52:03] INFO epoch 6 it 1480/1704 loss 0.0682
[2026-04-29 09:52:03] INFO epoch 6 it 1500/1704 loss 0.0758
[2026-04-29 09:52:03] INFO epoch 6 it 1520/1704 loss 0.0726
[2026-04-29 09:52:04] INFO epoch 6 it 1540/1704 loss 0.0679
[2026-04-29 09:52:04] INFO epoch 6 it 1560/1704 loss 0.0776
[2026-04-29 09:52:04] INFO epoch 6 it 1580/1704 loss 0.0740
[2026-04-29 09:52:04] INFO epoch 6 it 1600/1704 loss 0.0711
[2026-04-29 09:52:05] INFO epoch 6 it 1620/1704 loss 0.0738
[2026-04-29 09:52:05] INFO epoch 6 it 1640/1704 loss 0.0656
[2026-04-29 09:52:05] INFO epoch 6 it 1660/1704 loss 0.0662
[2026-04-29 09:52:05] INFO epoch 6 it 1680/1704 loss 0.0719
[2026-04-29 09:52:06] INFO epoch 6 it 1700/1704 loss 0.0722
[2026-04-29 09:52:07] INFO epoch 6 done in 59.4s lr=9.97e-05
[2026-04-29 09:52:47] INFO epoch 6 val MAE(HU): 83.93
[2026-04-29 09:52:48] INFO new best MAE: 83.93 ¡æ saved best.pth
[2026-04-29 09:53:23] INFO epoch 7 it 20/1704 loss 0.0699
[2026-04-29 09:53:24] INFO epoch 7 it 40/1704 loss 0.0719
[2026-04-29 09:53:24] INFO epoch 7 it 60/1704 loss 0.0738
[2026-04-29 09:53:24] INFO epoch 7 it 80/1704 loss 0.0692
[2026-04-29 09:53:24] INFO epoch 7 it 100/1704 loss 0.0768
[2026-04-29 09:53:25] INFO epoch 7 it 120/1704 loss 0.0704
[2026-04-29 09:53:25] INFO epoch 7 it 140/1704 loss 0.0700
[2026-04-29 09:53:25] INFO epoch 7 it 160/1704 loss 0.0761
[2026-04-29 09:53:25] INFO epoch 7 it 180/1704 loss 0.0720
[2026-04-29 09:53:26] INFO epoch 7 it 200/1704 loss 0.0679
[2026-04-29 09:53:26] INFO epoch 7 it 220/1704 loss 0.0703
[2026-04-29 09:53:26] INFO epoch 7 it 240/1704 loss 0.0657
[2026-04-29 09:53:26] INFO epoch 7 it 260/1704 loss 0.0684
[2026-04-29 09:53:27] INFO epoch 7 it 280/1704 loss 0.0822
[2026-04-29 09:53:27] INFO epoch 7 it 300/1704 loss 0.0819
[2026-04-29 09:53:27] INFO epoch 7 it 320/1704 loss 0.0733
[2026-04-29 09:53:28] INFO epoch 7 it 340/1704 loss 0.0723
[2026-04-29 09:53:28] INFO epoch 7 it 360/1704 loss 0.0643
[2026-04-29 09:53:28] INFO epoch 7 it 380/1704 loss 0.0693
[2026-04-29 09:53:28] INFO epoch 7 it 400/1704 loss 0.0661
[2026-04-29 09:53:29] INFO epoch 7 it 420/1704 loss 0.0747
[2026-04-29 09:53:29] INFO epoch 7 it 440/1704 loss 0.0693
[2026-04-29 09:53:29] INFO epoch 7 it 460/1704 loss 0.0654
[2026-04-29 09:53:29] INFO epoch 7 it 480/1704 loss 0.0663
[2026-04-29 09:53:30] INFO epoch 7 it 500/1704 loss 0.0684
[2026-04-29 09:53:30] INFO epoch 7 it 520/1704 loss 0.0701
[2026-04-29 09:53:30] INFO epoch 7 it 540/1704 loss 0.0763
[2026-04-29 09:53:30] INFO epoch 7 it 560/1704 loss 0.0690
[2026-04-29 09:53:31] INFO epoch 7 it 580/1704 loss 0.0666
[2026-04-29 09:53:31] INFO epoch 7 it 600/1704 loss 0.0737
[2026-04-29 09:53:31] INFO epoch 7 it 620/1704 loss 0.0669
[2026-04-29 09:53:31] INFO epoch 7 it 640/1704 loss 0.0703
[2026-04-29 09:53:32] INFO epoch 7 it 660/1704 loss 0.0750
[2026-04-29 09:53:32] INFO epoch 7 it 680/1704 loss 0.0700
[2026-04-29 09:53:32] INFO epoch 7 it 700/1704 loss 0.0732
[2026-04-29 09:53:33] INFO epoch 7 it 720/1704 loss 0.0668
[2026-04-29 09:53:33] INFO epoch 7 it 740/1704 loss 0.0748
[2026-04-29 09:53:33] INFO epoch 7 it 760/1704 loss 0.0667
[2026-04-29 09:53:33] INFO epoch 7 it 780/1704 loss 0.0748
[2026-04-29 09:53:34] INFO epoch 7 it 800/1704 loss 0.0683
[2026-04-29 09:53:34] INFO epoch 7 it 820/1704 loss 0.0660
[2026-04-29 09:53:34] INFO epoch 7 it 840/1704 loss 0.0692
[2026-04-29 09:53:34] INFO epoch 7 it 860/1704 loss 0.0689
[2026-04-29 09:53:35] INFO epoch 7 it 880/1704 loss 0.0739
[2026-04-29 09:53:35] INFO epoch 7 it 900/1704 loss 0.0691
[2026-04-29 09:53:35] INFO epoch 7 it 920/1704 loss 0.0665
[2026-04-29 09:53:35] INFO epoch 7 it 940/1704 loss 0.0653
[2026-04-29 09:53:36] INFO epoch 7 it 960/1704 loss 0.0664
[2026-04-29 09:53:36] INFO epoch 7 it 980/1704 loss 0.0701
[2026-04-29 09:53:36] INFO epoch 7 it 1000/1704 loss 0.0722
[2026-04-29 09:53:36] INFO epoch 7 it 1020/1704 loss 0.0648
[2026-04-29 09:53:37] INFO epoch 7 it 1040/1704 loss 0.0687
[2026-04-29 09:53:37] INFO epoch 7 it 1060/1704 loss 0.0684
[2026-04-29 09:53:37] INFO epoch 7 it 1080/1704 loss 0.0673
[2026-04-29 09:53:38] INFO epoch 7 it 1100/1704 loss 0.0669
[2026-04-29 09:53:38] INFO epoch 7 it 1120/1704 loss 0.0708
[2026-04-29 09:53:38] INFO epoch 7 it 1140/1704 loss 0.0707
[2026-04-29 09:53:38] INFO epoch 7 it 1160/1704 loss 0.0662
[2026-04-29 09:53:39] INFO epoch 7 it 1180/1704 loss 0.0717
[2026-04-29 09:53:39] INFO epoch 7 it 1200/1704 loss 0.0720
[2026-04-29 09:53:39] INFO epoch 7 it 1220/1704 loss 0.0653
[2026-04-29 09:53:39] INFO epoch 7 it 1240/1704 loss 0.0655
[2026-04-29 09:53:40] INFO epoch 7 it 1260/1704 loss 0.0687
[2026-04-29 09:53:40] INFO epoch 7 it 1280/1704 loss 0.0649
[2026-04-29 09:53:40] INFO epoch 7 it 1300/1704 loss 0.0708
[2026-04-29 09:53:40] INFO epoch 7 it 1320/1704 loss 0.0748
[2026-04-29 09:53:41] INFO epoch 7 it 1340/1704 loss 0.0669
[2026-04-29 09:53:41] INFO epoch 7 it 1360/1704 loss 0.0661
[2026-04-29 09:53:41] INFO epoch 7 it 1380/1704 loss 0.0725
[2026-04-29 09:53:41] INFO epoch 7 it 1400/1704 loss 0.0643
[2026-04-29 09:53:42] INFO epoch 7 it 1420/1704 loss 0.0731
[2026-04-29 09:53:42] INFO epoch 7 it 1440/1704 loss 0.0704
[2026-04-29 09:53:42] INFO epoch 7 it 1460/1704 loss 0.0690
[2026-04-29 09:53:43] INFO epoch 7 it 1480/1704 loss 0.0662
[2026-04-29 09:53:43] INFO epoch 7 it 1500/1704 loss 0.0692
[2026-04-29 09:53:43] INFO epoch 7 it 1520/1704 loss 0.0656
[2026-04-29 09:53:43] INFO epoch 7 it 1540/1704 loss 0.0709
[2026-04-29 09:53:44] INFO epoch 7 it 1560/1704 loss 0.0719
[2026-04-29 09:53:44] INFO epoch 7 it 1580/1704 loss 0.0681
[2026-04-29 09:53:44] INFO epoch 7 it 1600/1704 loss 0.0659
[2026-04-29 09:53:44] INFO epoch 7 it 1620/1704 loss 0.0652
[2026-04-29 09:53:45] INFO epoch 7 it 1640/1704 loss 0.0687
[2026-04-29 09:53:45] INFO epoch 7 it 1660/1704 loss 0.0711
[2026-04-29 09:53:45] INFO epoch 7 it 1680/1704 loss 0.0701
[2026-04-29 09:53:45] INFO epoch 7 it 1700/1704 loss 0.0707
[2026-04-29 09:53:47] INFO epoch 7 done in 59.5s lr=9.96e-05
[2026-04-29 09:54:27] INFO epoch 7 val MAE(HU): 77.16
[2026-04-29 09:54:28] INFO new best MAE: 77.16 ¡æ saved best.pth
[2026-04-29 09:55:03] INFO epoch 8 it 20/1704 loss 0.0698
[2026-04-29 09:55:03] INFO epoch 8 it 40/1704 loss 0.0714
[2026-04-29 09:55:03] INFO epoch 8 it 60/1704 loss 0.0658
[2026-04-29 09:55:04] INFO epoch 8 it 80/1704 loss 0.0665
[2026-04-29 09:55:04] INFO epoch 8 it 100/1704 loss 0.0622
[2026-04-29 09:55:04] INFO epoch 8 it 120/1704 loss 0.0661
[2026-04-29 09:55:04] INFO epoch 8 it 140/1704 loss 0.0704
[2026-04-29 09:55:05] INFO epoch 8 it 160/1704 loss 0.0640
[2026-04-29 09:55:05] INFO epoch 8 it 180/1704 loss 0.0670
[2026-04-29 09:55:05] INFO epoch 8 it 200/1704 loss 0.0670
[2026-04-29 09:55:05] INFO epoch 8 it 220/1704 loss 0.0638
[2026-04-29 09:55:06] INFO epoch 8 it 240/1704 loss 0.0654
[2026-04-29 09:55:06] INFO epoch 8 it 260/1704 loss 0.0708
[2026-04-29 09:55:06] INFO epoch 8 it 280/1704 loss 0.0681
[2026-04-29 09:55:06] INFO epoch 8 it 300/1704 loss 0.0667
[2026-04-29 09:55:07] INFO epoch 8 it 320/1704 loss 0.0633
[2026-04-29 09:55:07] INFO epoch 8 it 340/1704 loss 0.0672
[2026-04-29 09:55:07] INFO epoch 8 it 360/1704 loss 0.0659
[2026-04-29 09:55:07] INFO epoch 8 it 380/1704 loss 0.0631
[2026-04-29 09:55:08] INFO epoch 8 it 400/1704 loss 0.0713
[2026-04-29 09:55:08] INFO epoch 8 it 420/1704 loss 0.0669
[2026-04-29 09:55:08] INFO epoch 8 it 440/1704 loss 0.0698
[2026-04-29 09:55:09] INFO epoch 8 it 460/1704 loss 0.0645
[2026-04-29 09:55:09] INFO epoch 8 it 480/1704 loss 0.0695
[2026-04-29 09:55:09] INFO epoch 8 it 500/1704 loss 0.0634
[2026-04-29 09:55:09] INFO epoch 8 it 520/1704 loss 0.0632
[2026-04-29 09:55:10] INFO epoch 8 it 540/1704 loss 0.0678
[2026-04-29 09:55:10] INFO epoch 8 it 560/1704 loss 0.0696
[2026-04-29 09:55:10] INFO epoch 8 it 580/1704 loss 0.0685
[2026-04-29 09:55:10] INFO epoch 8 it 600/1704 loss 0.0655
[2026-04-29 09:55:11] INFO epoch 8 it 620/1704 loss 0.0730
[2026-04-29 09:55:11] INFO epoch 8 it 640/1704 loss 0.0664
[2026-04-29 09:55:11] INFO epoch 8 it 660/1704 loss 0.0678
[2026-04-29 09:55:11] INFO epoch 8 it 680/1704 loss 0.0654
[2026-04-29 09:55:12] INFO epoch 8 it 700/1704 loss 0.0621
[2026-04-29 09:55:12] INFO epoch 8 it 720/1704 loss 0.0652
[2026-04-29 09:55:12] INFO epoch 8 it 740/1704 loss 0.0698
[2026-04-29 09:55:12] INFO epoch 8 it 760/1704 loss 0.0634
[2026-04-29 09:55:13] INFO epoch 8 it 780/1704 loss 0.0643
[2026-04-29 09:55:13] INFO epoch 8 it 800/1704 loss 0.0628
[2026-04-29 09:55:13] INFO epoch 8 it 820/1704 loss 0.0623
[2026-04-29 09:55:14] INFO epoch 8 it 840/1704 loss 0.0639
[2026-04-29 09:55:14] INFO epoch 8 it 860/1704 loss 0.0617
[2026-04-29 09:55:14] INFO epoch 8 it 880/1704 loss 0.0663
[2026-04-29 09:55:14] INFO epoch 8 it 900/1704 loss 0.0683
[2026-04-29 09:55:15] INFO epoch 8 it 920/1704 loss 0.0666
[2026-04-29 09:55:15] INFO epoch 8 it 940/1704 loss 0.0637
[2026-04-29 09:55:15] INFO epoch 8 it 960/1704 loss 0.0638
[2026-04-29 09:55:15] INFO epoch 8 it 980/1704 loss 0.0699
[2026-04-29 09:55:16] INFO epoch 8 it 1000/1704 loss 0.0646
[2026-04-29 09:55:16] INFO epoch 8 it 1020/1704 loss 0.0677
[2026-04-29 09:55:16] INFO epoch 8 it 1040/1704 loss 0.0640
[2026-04-29 09:55:16] INFO epoch 8 it 1060/1704 loss 0.0657
[2026-04-29 09:55:17] INFO epoch 8 it 1080/1704 loss 0.0661
[2026-04-29 09:55:17] INFO epoch 8 it 1100/1704 loss 0.0697
[2026-04-29 09:55:17] INFO epoch 8 it 1120/1704 loss 0.0673
[2026-04-29 09:55:17] INFO epoch 8 it 1140/1704 loss 0.0647
[2026-04-29 09:55:18] INFO epoch 8 it 1160/1704 loss 0.0674
[2026-04-29 09:55:18] INFO epoch 8 it 1180/1704 loss 0.0648
[2026-04-29 09:55:18] INFO epoch 8 it 1200/1704 loss 0.0650
[2026-04-29 09:55:19] INFO epoch 8 it 1220/1704 loss 0.0597
[2026-04-29 09:55:19] INFO epoch 8 it 1240/1704 loss 0.0648
[2026-04-29 09:55:19] INFO epoch 8 it 1260/1704 loss 0.0641
[2026-04-29 09:55:19] INFO epoch 8 it 1280/1704 loss 0.0658
[2026-04-29 09:55:20] INFO epoch 8 it 1300/1704 loss 0.0667
[2026-04-29 09:55:20] INFO epoch 8 it 1320/1704 loss 0.0621
[2026-04-29 09:55:20] INFO epoch 8 it 1340/1704 loss 0.0633
[2026-04-29 09:55:20] INFO epoch 8 it 1360/1704 loss 0.0690
[2026-04-29 09:55:21] INFO epoch 8 it 1380/1704 loss 0.0673
[2026-04-29 09:55:21] INFO epoch 8 it 1400/1704 loss 0.0588
[2026-04-29 09:55:21] INFO epoch 8 it 1420/1704 loss 0.0625
[2026-04-29 09:55:21] INFO epoch 8 it 1440/1704 loss 0.0626
[2026-04-29 09:55:22] INFO epoch 8 it 1460/1704 loss 0.0664
[2026-04-29 09:55:22] INFO epoch 8 it 1480/1704 loss 0.0610
[2026-04-29 09:55:22] INFO epoch 8 it 1500/1704 loss 0.0562
[2026-04-29 09:55:22] INFO epoch 8 it 1520/1704 loss 0.0611
[2026-04-29 09:55:23] INFO epoch 8 it 1540/1704 loss 0.0600
[2026-04-29 09:55:23] INFO epoch 8 it 1560/1704 loss 0.0689
[2026-04-29 09:55:23] INFO epoch 8 it 1580/1704 loss 0.0596
[2026-04-29 09:55:24] INFO epoch 8 it 1600/1704 loss 0.0645
[2026-04-29 09:55:24] INFO epoch 8 it 1620/1704 loss 0.0595
[2026-04-29 09:55:24] INFO epoch 8 it 1640/1704 loss 0.0589
[2026-04-29 09:55:24] INFO epoch 8 it 1660/1704 loss 0.0662
[2026-04-29 09:55:25] INFO epoch 8 it 1680/1704 loss 0.0608
[2026-04-29 09:55:25] INFO epoch 8 it 1700/1704 loss 0.0619
[2026-04-29 09:55:26] INFO epoch 8 done in 58.7s lr=9.95e-05
[2026-04-29 09:56:07] INFO epoch 8 val MAE(HU): 70.52
[2026-04-29 09:56:07] INFO new best MAE: 70.52 ¡æ saved best.pth
[2026-04-29 09:56:42] INFO epoch 9 it 20/1704 loss 0.0607
[2026-04-29 09:56:43] INFO epoch 9 it 40/1704 loss 0.0587
[2026-04-29 09:56:43] INFO epoch 9 it 60/1704 loss 0.0603
[2026-04-29 09:56:43] INFO epoch 9 it 80/1704 loss 0.0622
[2026-04-29 09:56:43] INFO epoch 9 it 100/1704 loss 0.0577
[2026-04-29 09:56:44] INFO epoch 9 it 120/1704 loss 0.0625
[2026-04-29 09:56:44] INFO epoch 9 it 140/1704 loss 0.0624
[2026-04-29 09:56:44] INFO epoch 9 it 160/1704 loss 0.0657
[2026-04-29 09:56:44] INFO epoch 9 it 180/1704 loss 0.0614
[2026-04-29 09:56:45] INFO epoch 9 it 200/1704 loss 0.0629
[2026-04-29 09:56:45] INFO epoch 9 it 220/1704 loss 0.0614
[2026-04-29 09:56:45] INFO epoch 9 it 240/1704 loss 0.0636
[2026-04-29 09:56:45] INFO epoch 9 it 260/1704 loss 0.0648
[2026-04-29 09:56:46] INFO epoch 9 it 280/1704 loss 0.0601
[2026-04-29 09:56:46] INFO epoch 9 it 300/1704 loss 0.0586
[2026-04-29 09:56:46] INFO epoch 9 it 320/1704 loss 0.0565
[2026-04-29 09:56:46] INFO epoch 9 it 340/1704 loss 0.0599
[2026-04-29 09:56:47] INFO epoch 9 it 360/1704 loss 0.0618
[2026-04-29 09:56:47] INFO epoch 9 it 380/1704 loss 0.0645
[2026-04-29 09:56:47] INFO epoch 9 it 400/1704 loss 0.0612
[2026-04-29 09:56:48] INFO epoch 9 it 420/1704 loss 0.0594
[2026-04-29 09:56:48] INFO epoch 9 it 440/1704 loss 0.0631
[2026-04-29 09:56:48] INFO epoch 9 it 460/1704 loss 0.0615
[2026-04-29 09:56:48] INFO epoch 9 it 480/1704 loss 0.0570
[2026-04-29 09:56:49] INFO epoch 9 it 500/1704 loss 0.0612
[2026-04-29 09:56:49] INFO epoch 9 it 520/1704 loss 0.0678
[2026-04-29 09:56:49] INFO epoch 9 it 540/1704 loss 0.0607
[2026-04-29 09:56:49] INFO epoch 9 it 560/1704 loss 0.0605
[2026-04-29 09:56:50] INFO epoch 9 it 580/1704 loss 0.0576
[2026-04-29 09:56:50] INFO epoch 9 it 600/1704 loss 0.0607
[2026-04-29 09:56:50] INFO epoch 9 it 620/1704 loss 0.0591
[2026-04-29 09:56:50] INFO epoch 9 it 640/1704 loss 0.0596
[2026-04-29 09:56:51] INFO epoch 9 it 660/1704 loss 0.0618
[2026-04-29 09:56:51] INFO epoch 9 it 680/1704 loss 0.0608
[2026-04-29 09:56:51] INFO epoch 9 it 700/1704 loss 0.0579
[2026-04-29 09:56:51] INFO epoch 9 it 720/1704 loss 0.0552
[2026-04-29 09:56:52] INFO epoch 9 it 740/1704 loss 0.0595
[2026-04-29 09:56:52] INFO epoch 9 it 760/1704 loss 0.0621
[2026-04-29 09:56:52] INFO epoch 9 it 780/1704 loss 0.0573
[2026-04-29 09:56:52] INFO epoch 9 it 800/1704 loss 0.0590
[2026-04-29 09:56:53] INFO epoch 9 it 820/1704 loss 0.0574
[2026-04-29 09:56:53] INFO epoch 9 it 840/1704 loss 0.0629
[2026-04-29 09:56:53] INFO epoch 9 it 860/1704 loss 0.0588
[2026-04-29 09:56:54] INFO epoch 9 it 880/1704 loss 0.0651
[2026-04-29 09:56:54] INFO epoch 9 it 900/1704 loss 0.0632
[2026-04-29 09:56:54] INFO epoch 9 it 920/1704 loss 0.0570
[2026-04-29 09:56:54] INFO epoch 9 it 940/1704 loss 0.0619
[2026-04-29 09:56:55] INFO epoch 9 it 960/1704 loss 0.0605
[2026-04-29 09:56:55] INFO epoch 9 it 980/1704 loss 0.0621
[2026-04-29 09:56:55] INFO epoch 9 it 1000/1704 loss 0.0600
[2026-04-29 09:56:55] INFO epoch 9 it 1020/1704 loss 0.0600
[2026-04-29 09:56:56] INFO epoch 9 it 1040/1704 loss 0.0620
[2026-04-29 09:56:56] INFO epoch 9 it 1060/1704 loss 0.0605
[2026-04-29 09:56:56] INFO epoch 9 it 1080/1704 loss 0.0556
[2026-04-29 09:56:56] INFO epoch 9 it 1100/1704 loss 0.0624
[2026-04-29 09:56:57] INFO epoch 9 it 1120/1704 loss 0.0626
[2026-04-29 09:56:57] INFO epoch 9 it 1140/1704 loss 0.0566
[2026-04-29 09:56:57] INFO epoch 9 it 1160/1704 loss 0.0622
[2026-04-29 09:56:57] INFO epoch 9 it 1180/1704 loss 0.0615
[2026-04-29 09:56:58] INFO epoch 9 it 1200/1704 loss 0.0586
[2026-04-29 09:56:58] INFO epoch 9 it 1220/1704 loss 0.0541
[2026-04-29 09:56:58] INFO epoch 9 it 1240/1704 loss 0.0608
[2026-04-29 09:56:59] INFO epoch 9 it 1260/1704 loss 0.0597
[2026-04-29 09:56:59] INFO epoch 9 it 1280/1704 loss 0.0579
[2026-04-29 09:56:59] INFO epoch 9 it 1300/1704 loss 0.0627
[2026-04-29 09:56:59] INFO epoch 9 it 1320/1704 loss 0.0561
[2026-04-29 09:57:00] INFO epoch 9 it 1340/1704 loss 0.0565
[2026-04-29 09:57:00] INFO epoch 9 it 1360/1704 loss 0.0583
[2026-04-29 09:57:00] INFO epoch 9 it 1380/1704 loss 0.0562
[2026-04-29 09:57:00] INFO epoch 9 it 1400/1704 loss 0.0586
[2026-04-29 09:57:01] INFO epoch 9 it 1420/1704 loss 0.0596
[2026-04-29 09:57:01] INFO epoch 9 it 1440/1704 loss 0.0594
[2026-04-29 09:57:01] INFO epoch 9 it 1460/1704 loss 0.0550
[2026-04-29 09:57:01] INFO epoch 9 it 1480/1704 loss 0.0568
[2026-04-29 09:57:02] INFO epoch 9 it 1500/1704 loss 0.0580
[2026-04-29 09:57:02] INFO epoch 9 it 1520/1704 loss 0.0570
[2026-04-29 09:57:02] INFO epoch 9 it 1540/1704 loss 0.0566
[2026-04-29 09:57:03] INFO epoch 9 it 1560/1704 loss 0.0543
[2026-04-29 09:57:03] INFO epoch 9 it 1580/1704 loss 0.0590
[2026-04-29 09:57:03] INFO epoch 9 it 1600/1704 loss 0.0606
[2026-04-29 09:57:03] INFO epoch 9 it 1620/1704 loss 0.0528
[2026-04-29 09:57:04] INFO epoch 9 it 1640/1704 loss 0.0547
[2026-04-29 09:57:04] INFO epoch 9 it 1660/1704 loss 0.0573
[2026-04-29 09:57:04] INFO epoch 9 it 1680/1704 loss 0.0591
[2026-04-29 09:57:04] INFO epoch 9 it 1700/1704 loss 0.0591
[2026-04-29 09:57:06] INFO epoch 9 done in 59.2s lr=9.94e-05
[2026-04-29 09:57:47] INFO epoch 9 val MAE(HU): 61.88
[2026-04-29 09:57:47] INFO new best MAE: 61.88 ¡æ saved best.pth
[2026-04-29 09:58:25] INFO epoch 10 it 20/1704 loss 0.0553
[2026-04-29 09:58:26] INFO epoch 10 it 40/1704 loss 0.0526
[2026-04-29 09:58:26] INFO epoch 10 it 60/1704 loss 0.0542
[2026-04-29 09:58:26] INFO epoch 10 it 80/1704 loss 0.0561
[2026-04-29 09:58:26] INFO epoch 10 it 100/1704 loss 0.0601
[2026-04-29 09:58:27] INFO epoch 10 it 120/1704 loss 0.0597
[2026-04-29 09:58:27] INFO epoch 10 it 140/1704 loss 0.0564
[2026-04-29 09:58:27] INFO epoch 10 it 160/1704 loss 0.0565
[2026-04-29 09:58:27] INFO epoch 10 it 180/1704 loss 0.0510
[2026-04-29 09:58:28] INFO epoch 10 it 200/1704 loss 0.0567
[2026-04-29 09:58:28] INFO epoch 10 it 220/1704 loss 0.0549
[2026-04-29 09:58:28] INFO epoch 10 it 240/1704 loss 0.0573
[2026-04-29 09:58:28] INFO epoch 10 it 260/1704 loss 0.0537
[2026-04-29 09:58:29] INFO epoch 10 it 280/1704 loss 0.0546
[2026-04-29 09:58:29] INFO epoch 10 it 300/1704 loss 0.0573
[2026-04-29 09:58:29] INFO epoch 10 it 320/1704 loss 0.0579
[2026-04-29 09:58:30] INFO epoch 10 it 340/1704 loss 0.0510
[2026-04-29 09:58:30] INFO epoch 10 it 360/1704 loss 0.0516
[2026-04-29 09:58:30] INFO epoch 10 it 380/1704 loss 0.0569
[2026-04-29 09:58:30] INFO epoch 10 it 400/1704 loss 0.0536
[2026-04-29 09:58:31] INFO epoch 10 it 420/1704 loss 0.0523
[2026-04-29 09:58:31] INFO epoch 10 it 440/1704 loss 0.0574
[2026-04-29 09:58:31] INFO epoch 10 it 460/1704 loss 0.0531
[2026-04-29 09:58:31] INFO epoch 10 it 480/1704 loss 0.0566
[2026-04-29 09:58:32] INFO epoch 10 it 500/1704 loss 0.0580
[2026-04-29 09:58:32] INFO epoch 10 it 520/1704 loss 0.0547
[2026-04-29 09:58:32] INFO epoch 10 it 540/1704 loss 0.0554
[2026-04-29 09:58:32] INFO epoch 10 it 560/1704 loss 0.0532
[2026-04-29 09:58:33] INFO epoch 10 it 580/1704 loss 0.0544
[2026-04-29 09:58:33] INFO epoch 10 it 600/1704 loss 0.0505
[2026-04-29 09:58:33] INFO epoch 10 it 620/1704 loss 0.0530
[2026-04-29 09:58:33] INFO epoch 10 it 640/1704 loss 0.0539
[2026-04-29 09:58:34] INFO epoch 10 it 660/1704 loss 0.0564
[2026-04-29 09:58:34] INFO epoch 10 it 680/1704 loss 0.0508
[2026-04-29 09:58:34] INFO epoch 10 it 700/1704 loss 0.0581
[2026-04-29 09:58:35] INFO epoch 10 it 720/1704 loss 0.0552
[2026-04-29 09:58:35] INFO epoch 10 it 740/1704 loss 0.0586
[2026-04-29 09:58:35] INFO epoch 10 it 760/1704 loss 0.0545
[2026-04-29 09:58:35] INFO epoch 10 it 780/1704 loss 0.0514
[2026-04-29 09:58:36] INFO epoch 10 it 800/1704 loss 0.0516
[2026-04-29 09:58:36] INFO epoch 10 it 820/1704 loss 0.0528
[2026-04-29 09:58:36] INFO epoch 10 it 840/1704 loss 0.0518
[2026-04-29 09:58:36] INFO epoch 10 it 860/1704 loss 0.0516
[2026-04-29 09:58:37] INFO epoch 10 it 880/1704 loss 0.0548
[2026-04-29 09:58:37] INFO epoch 10 it 900/1704 loss 0.0495
[2026-04-29 09:58:37] INFO epoch 10 it 920/1704 loss 0.0534
[2026-04-29 09:58:37] INFO epoch 10 it 940/1704 loss 0.0504
[2026-04-29 09:58:38] INFO epoch 10 it 960/1704 loss 0.0490
[2026-04-29 09:58:38] INFO epoch 10 it 980/1704 loss 0.0542
[2026-04-29 09:58:38] INFO epoch 10 it 1000/1704 loss 0.0512
[2026-04-29 09:58:39] INFO epoch 10 it 1020/1704 loss 0.0525
[2026-04-29 09:58:39] INFO epoch 10 it 1040/1704 loss 0.0508
[2026-04-29 09:58:39] INFO epoch 10 it 1060/1704 loss 0.0518
[2026-04-29 09:58:39] INFO epoch 10 it 1080/1704 loss 0.0497
[2026-04-29 09:58:40] INFO epoch 10 it 1100/1704 loss 0.0487
[2026-04-29 09:58:40] INFO epoch 10 it 1120/1704 loss 0.0533
[2026-04-29 09:58:40] INFO epoch 10 it 1140/1704 loss 0.0527
[2026-04-29 09:58:40] INFO epoch 10 it 1160/1704 loss 0.0547
[2026-04-29 09:58:41] INFO epoch 10 it 1180/1704 loss 0.0501
[2026-04-29 09:58:41] INFO epoch 10 it 1200/1704 loss 0.0556
[2026-04-29 09:58:41] INFO epoch 10 it 1220/1704 loss 0.0550
[2026-04-29 09:58:41] INFO epoch 10 it 1240/1704 loss 0.0496
[2026-04-29 09:58:42] INFO epoch 10 it 1260/1704 loss 0.0529
[2026-04-29 09:58:42] INFO epoch 10 it 1280/1704 loss 0.0463
[2026-04-29 09:58:42] INFO epoch 10 it 1300/1704 loss 0.0478
[2026-04-29 09:58:42] INFO epoch 10 it 1320/1704 loss 0.0526
[2026-04-29 09:58:43] INFO epoch 10 it 1340/1704 loss 0.0526
[2026-04-29 09:58:43] INFO epoch 10 it 1360/1704 loss 0.0485
[2026-04-29 09:58:43] INFO epoch 10 it 1380/1704 loss 0.0489
[2026-04-29 09:58:43] INFO epoch 10 it 1400/1704 loss 0.0480
[2026-04-29 09:58:44] INFO epoch 10 it 1420/1704 loss 0.0492
[2026-04-29 09:58:44] INFO epoch 10 it 1440/1704 loss 0.0483
[2026-04-29 09:58:44] INFO epoch 10 it 1460/1704 loss 0.0485
[2026-04-29 09:58:45] INFO epoch 10 it 1480/1704 loss 0.0520
[2026-04-29 09:58:45] INFO epoch 10 it 1500/1704 loss 0.0517
[2026-04-29 09:58:45] INFO epoch 10 it 1520/1704 loss 0.0477
[2026-04-29 09:58:45] INFO epoch 10 it 1540/1704 loss 0.0484
[2026-04-29 09:58:46] INFO epoch 10 it 1560/1704 loss 0.0472
[2026-04-29 09:58:46] INFO epoch 10 it 1580/1704 loss 0.0476
[2026-04-29 09:58:46] INFO epoch 10 it 1600/1704 loss 0.0476
[2026-04-29 09:58:46] INFO epoch 10 it 1620/1704 loss 0.0480
[2026-04-29 09:58:47] INFO epoch 10 it 1640/1704 loss 0.0461
[2026-04-29 09:58:47] INFO epoch 10 it 1660/1704 loss 0.0492
[2026-04-29 09:58:47] INFO epoch 10 it 1680/1704 loss 0.0538
[2026-04-29 09:58:47] INFO epoch 10 it 1700/1704 loss 0.0511
[2026-04-29 09:58:49] INFO epoch 10 done in 62.1s lr=9.93e-05
[2026-04-29 09:59:29] INFO epoch 10 val MAE(HU): 52.00
[2026-04-29 09:59:30] INFO new best MAE: 52.00 ¡æ saved best.pth
[2026-04-29 10:00:10] INFO epoch 11 it 20/1704 loss 0.0464
[2026-04-29 10:00:10] INFO epoch 11 it 40/1704 loss 0.0477
[2026-04-29 10:00:11] INFO epoch 11 it 60/1704 loss 0.0461
[2026-04-29 10:00:11] INFO epoch 11 it 80/1704 loss 0.0503
[2026-04-29 10:00:11] INFO epoch 11 it 100/1704 loss 0.0489
[2026-04-29 10:00:11] INFO epoch 11 it 120/1704 loss 0.0485
[2026-04-29 10:00:11] INFO epoch 11 it 140/1704 loss 0.0488
[2026-04-29 10:00:12] INFO epoch 11 it 160/1704 loss 0.0468
[2026-04-29 10:00:12] INFO epoch 11 it 180/1704 loss 0.0481
[2026-04-29 10:00:12] INFO epoch 11 it 200/1704 loss 0.0469
[2026-04-29 10:00:12] INFO epoch 11 it 220/1704 loss 0.0504
[2026-04-29 10:00:12] INFO epoch 11 it 240/1704 loss 0.0443
[2026-04-29 10:00:13] INFO epoch 11 it 260/1704 loss 0.0487
[2026-04-29 10:00:13] INFO epoch 11 it 280/1704 loss 0.0445
[2026-04-29 10:00:13] INFO epoch 11 it 300/1704 loss 0.0468
[2026-04-29 10:00:13] INFO epoch 11 it 320/1704 loss 0.0460
[2026-04-29 10:00:14] INFO epoch 11 it 340/1704 loss 0.0453
[2026-04-29 10:00:14] INFO epoch 11 it 360/1704 loss 0.0483
[2026-04-29 10:00:14] INFO epoch 11 it 380/1704 loss 0.0448
[2026-04-29 10:00:14] INFO epoch 11 it 400/1704 loss 0.0451
[2026-04-29 10:00:14] INFO epoch 11 it 420/1704 loss 0.0500
[2026-04-29 10:00:15] INFO epoch 11 it 440/1704 loss 0.0448
[2026-04-29 10:00:15] INFO epoch 11 it 460/1704 loss 0.0457
[2026-04-29 10:00:15] INFO epoch 11 it 480/1704 loss 0.0511
[2026-04-29 10:00:15] INFO epoch 11 it 500/1704 loss 0.0466
[2026-04-29 10:00:15] INFO epoch 11 it 520/1704 loss 0.0432
[2026-04-29 10:00:16] INFO epoch 11 it 540/1704 loss 0.0435
[2026-04-29 10:00:16] INFO epoch 11 it 560/1704 loss 0.0447
[2026-04-29 10:00:16] INFO epoch 11 it 580/1704 loss 0.0461
[2026-04-29 10:00:16] INFO epoch 11 it 600/1704 loss 0.0424
[2026-04-29 10:00:16] INFO epoch 11 it 620/1704 loss 0.0470
[2026-04-29 10:00:17] INFO epoch 11 it 640/1704 loss 0.0460
[2026-04-29 10:00:17] INFO epoch 11 it 660/1704 loss 0.0423
[2026-04-29 10:00:17] INFO epoch 11 it 680/1704 loss 0.0451
[2026-04-29 10:00:17] INFO epoch 11 it 700/1704 loss 0.0457
[2026-04-29 10:00:17] INFO epoch 11 it 720/1704 loss 0.0468
[2026-04-29 10:00:18] INFO epoch 11 it 740/1704 loss 0.0434
[2026-04-29 10:00:18] INFO epoch 11 it 760/1704 loss 0.0435
[2026-04-29 10:00:18] INFO epoch 11 it 780/1704 loss 0.0429
[2026-04-29 10:00:19] INFO epoch 11 it 800/1704 loss 0.0461
[2026-04-29 10:00:19] INFO epoch 11 it 820/1704 loss 0.0429
[2026-04-29 10:00:19] INFO epoch 11 it 840/1704 loss 0.0430
[2026-04-29 10:00:19] INFO epoch 11 it 860/1704 loss 0.0422
[2026-04-29 10:00:20] INFO epoch 11 it 880/1704 loss 0.0418
[2026-04-29 10:00:20] INFO epoch 11 it 900/1704 loss 0.0433
[2026-04-29 10:00:20] INFO epoch 11 it 920/1704 loss 0.0431
[2026-04-29 10:00:20] INFO epoch 11 it 940/1704 loss 0.0419
[2026-04-29 10:00:21] INFO epoch 11 it 960/1704 loss 0.0413
[2026-04-29 10:00:21] INFO epoch 11 it 980/1704 loss 0.0431
[2026-04-29 10:00:21] INFO epoch 11 it 1000/1704 loss 0.0423
[2026-04-29 10:00:21] INFO epoch 11 it 1020/1704 loss 0.0421
[2026-04-29 10:00:22] INFO epoch 11 it 1040/1704 loss 0.0419
[2026-04-29 10:00:22] INFO epoch 11 it 1060/1704 loss 0.0440
[2026-04-29 10:00:22] INFO epoch 11 it 1080/1704 loss 0.0418
[2026-04-29 10:00:22] INFO epoch 11 it 1100/1704 loss 0.0413
[2026-04-29 10:00:23] INFO epoch 11 it 1120/1704 loss 0.0430
[2026-04-29 10:00:23] INFO epoch 11 it 1140/1704 loss 0.0407
[2026-04-29 10:00:23] INFO epoch 11 it 1160/1704 loss 0.0413
[2026-04-29 10:00:24] INFO epoch 11 it 1180/1704 loss 0.0401
[2026-04-29 10:00:24] INFO epoch 11 it 1200/1704 loss 0.0399
[2026-04-29 10:00:24] INFO epoch 11 it 1220/1704 loss 0.0435
[2026-04-29 10:00:24] INFO epoch 11 it 1240/1704 loss 0.0403
[2026-04-29 10:00:25] INFO epoch 11 it 1260/1704 loss 0.0397
[2026-04-29 10:00:25] INFO epoch 11 it 1280/1704 loss 0.0393
[2026-04-29 10:00:25] INFO epoch 11 it 1300/1704 loss 0.0407
[2026-04-29 10:00:25] INFO epoch 11 it 1320/1704 loss 0.0390
[2026-04-29 10:00:26] INFO epoch 11 it 1340/1704 loss 0.0372
[2026-04-29 10:00:26] INFO epoch 11 it 1360/1704 loss 0.0398
[2026-04-29 10:00:26] INFO epoch 11 it 1380/1704 loss 0.0397
[2026-04-29 10:00:27] INFO epoch 11 it 1400/1704 loss 0.0385
[2026-04-29 10:00:27] INFO epoch 11 it 1420/1704 loss 0.0419
[2026-04-29 10:00:27] INFO epoch 11 it 1440/1704 loss 0.0414
[2026-04-29 10:00:27] INFO epoch 11 it 1460/1704 loss 0.0378
[2026-04-29 10:00:28] INFO epoch 11 it 1480/1704 loss 0.0404
[2026-04-29 10:00:28] INFO epoch 11 it 1500/1704 loss 0.0390
[2026-04-29 10:00:28] INFO epoch 11 it 1520/1704 loss 0.0378
[2026-04-29 10:00:28] INFO epoch 11 it 1540/1704 loss 0.0384
[2026-04-29 10:00:29] INFO epoch 11 it 1560/1704 loss 0.0410
[2026-04-29 10:00:29] INFO epoch 11 it 1580/1704 loss 0.0372
[2026-04-29 10:00:29] INFO epoch 11 it 1600/1704 loss 0.0366
[2026-04-29 10:00:29] INFO epoch 11 it 1620/1704 loss 0.0375
[2026-04-29 10:00:30] INFO epoch 11 it 1640/1704 loss 0.0381
[2026-04-29 10:00:30] INFO epoch 11 it 1660/1704 loss 0.0372
[2026-04-29 10:00:30] INFO epoch 11 it 1680/1704 loss 0.0379
[2026-04-29 10:00:30] INFO epoch 11 it 1700/1704 loss 0.0378
[2026-04-29 10:00:32] INFO epoch 11 done in 62.4s lr=9.91e-05
[2026-04-29 10:01:12] INFO epoch 11 val MAE(HU): 40.47
[2026-04-29 10:01:12] INFO new best MAE: 40.47 ¡æ saved best.pth
[2026-04-29 10:01:48] INFO epoch 12 it 20/1704 loss 0.0390
[2026-04-29 10:01:48] INFO epoch 12 it 40/1704 loss 0.0376
[2026-04-29 10:01:48] INFO epoch 12 it 60/1704 loss 0.0378
[2026-04-29 10:01:49] INFO epoch 12 it 80/1704 loss 0.0365
[2026-04-29 10:01:49] INFO epoch 12 it 100/1704 loss 0.0356
[2026-04-29 10:01:49] INFO epoch 12 it 120/1704 loss 0.0353
[2026-04-29 10:01:49] INFO epoch 12 it 140/1704 loss 0.0368
[2026-04-29 10:01:50] INFO epoch 12 it 160/1704 loss 0.0363
[2026-04-29 10:01:50] INFO epoch 12 it 180/1704 loss 0.0356
[2026-04-29 10:01:50] INFO epoch 12 it 200/1704 loss 0.0352
[2026-04-29 10:01:50] INFO epoch 12 it 220/1704 loss 0.0366
[2026-04-29 10:01:51] INFO epoch 12 it 240/1704 loss 0.0360
[2026-04-29 10:01:51] INFO epoch 12 it 260/1704 loss 0.0350
[2026-04-29 10:01:51] INFO epoch 12 it 280/1704 loss 0.0347
[2026-04-29 10:01:51] INFO epoch 12 it 300/1704 loss 0.0359
[2026-04-29 10:01:52] INFO epoch 12 it 320/1704 loss 0.0355
[2026-04-29 10:01:52] INFO epoch 12 it 340/1704 loss 0.0336
[2026-04-29 10:01:52] INFO epoch 12 it 360/1704 loss 0.0332
[2026-04-29 10:01:52] INFO epoch 12 it 380/1704 loss 0.0343
[2026-04-29 10:01:53] INFO epoch 12 it 400/1704 loss 0.0334
[2026-04-29 10:01:53] INFO epoch 12 it 420/1704 loss 0.0349
[2026-04-29 10:01:53] INFO epoch 12 it 440/1704 loss 0.0330
[2026-04-29 10:01:53] INFO epoch 12 it 460/1704 loss 0.0337
[2026-04-29 10:01:54] INFO epoch 12 it 480/1704 loss 0.0332
[2026-04-29 10:01:54] INFO epoch 12 it 500/1704 loss 0.0327
[2026-04-29 10:01:54] INFO epoch 12 it 520/1704 loss 0.0310
[2026-04-29 10:01:55] INFO epoch 12 it 540/1704 loss 0.0327
[2026-04-29 10:01:55] INFO epoch 12 it 560/1704 loss 0.0348
[2026-04-29 10:01:55] INFO epoch 12 it 580/1704 loss 0.0328
[2026-04-29 10:01:55] INFO epoch 12 it 600/1704 loss 0.0324
[2026-04-29 10:01:56] INFO epoch 12 it 620/1704 loss 0.0322
[2026-04-29 10:01:56] INFO epoch 12 it 640/1704 loss 0.0321
[2026-04-29 10:01:56] INFO epoch 12 it 660/1704 loss 0.0338
[2026-04-29 10:01:56] INFO epoch 12 it 680/1704 loss 0.0319
[2026-04-29 10:01:57] INFO epoch 12 it 700/1704 loss 0.0310
[2026-04-29 10:01:57] INFO epoch 12 it 720/1704 loss 0.0321
[2026-04-29 10:01:57] INFO epoch 12 it 740/1704 loss 0.0308
[2026-04-29 10:01:57] INFO epoch 12 it 760/1704 loss 0.0320
[2026-04-29 10:01:58] INFO epoch 12 it 780/1704 loss 0.0299
[2026-04-29 10:01:58] INFO epoch 12 it 800/1704 loss 0.0303
[2026-04-29 10:01:58] INFO epoch 12 it 820/1704 loss 0.0322
[2026-04-29 10:01:58] INFO epoch 12 it 840/1704 loss 0.0326
[2026-04-29 10:01:59] INFO epoch 12 it 860/1704 loss 0.0297
[2026-04-29 10:01:59] INFO epoch 12 it 880/1704 loss 0.0307
[2026-04-29 10:01:59] INFO epoch 12 it 900/1704 loss 0.0302
[2026-04-29 10:01:59] INFO epoch 12 it 920/1704 loss 0.0302
[2026-04-29 10:02:00] INFO epoch 12 it 940/1704 loss 0.0293
[2026-04-29 10:02:00] INFO epoch 12 it 960/1704 loss 0.0297
[2026-04-29 10:02:00] INFO epoch 12 it 980/1704 loss 0.0309
[2026-04-29 10:02:01] INFO epoch 12 it 1000/1704 loss 0.0283
[2026-04-29 10:02:01] INFO epoch 12 it 1020/1704 loss 0.0280
[2026-04-29 10:02:01] INFO epoch 12 it 1040/1704 loss 0.0292
[2026-04-29 10:02:01] INFO epoch 12 it 1060/1704 loss 0.0291
[2026-04-29 10:02:02] INFO epoch 12 it 1080/1704 loss 0.0275
[2026-04-29 10:02:02] INFO epoch 12 it 1100/1704 loss 0.0290
[2026-04-29 10:02:02] INFO epoch 12 it 1120/1704 loss 0.0283
[2026-04-29 10:02:02] INFO epoch 12 it 1140/1704 loss 0.0286
[2026-04-29 10:02:03] INFO epoch 12 it 1160/1704 loss 0.0282
[2026-04-29 10:02:03] INFO epoch 12 it 1180/1704 loss 0.0264
[2026-04-29 10:02:03] INFO epoch 12 it 1200/1704 loss 0.0267
[2026-04-29 10:02:03] INFO epoch 12 it 1220/1704 loss 0.0268
[2026-04-29 10:02:04] INFO epoch 12 it 1240/1704 loss 0.0266
[2026-04-29 10:02:04] INFO epoch 12 it 1260/1704 loss 0.0271
[2026-04-29 10:02:04] INFO epoch 12 it 1280/1704 loss 0.0255
[2026-04-29 10:02:04] INFO epoch 12 it 1300/1704 loss 0.0281
[2026-04-29 10:02:05] INFO epoch 12 it 1320/1704 loss 0.0271
[2026-04-29 10:02:05] INFO epoch 12 it 1340/1704 loss 0.0266
[2026-04-29 10:02:05] INFO epoch 12 it 1360/1704 loss 0.0276
[2026-04-29 10:02:05] INFO epoch 12 it 1380/1704 loss 0.0258
[2026-04-29 10:02:06] INFO epoch 12 it 1400/1704 loss 0.0265
[2026-04-29 10:02:06] INFO epoch 12 it 1420/1704 loss 0.0248
[2026-04-29 10:02:06] INFO epoch 12 it 1440/1704 loss 0.0268
[2026-04-29 10:02:07] INFO epoch 12 it 1460/1704 loss 0.0268
[2026-04-29 10:02:07] INFO epoch 12 it 1480/1704 loss 0.0279
[2026-04-29 10:02:07] INFO epoch 12 it 1500/1704 loss 0.0263
[2026-04-29 10:02:07] INFO epoch 12 it 1520/1704 loss 0.0275
[2026-04-29 10:02:08] INFO epoch 12 it 1540/1704 loss 0.0256
[2026-04-29 10:02:08] INFO epoch 12 it 1560/1704 loss 0.0267
[2026-04-29 10:02:08] INFO epoch 12 it 1580/1704 loss 0.0274
[2026-04-29 10:02:08] INFO epoch 12 it 1600/1704 loss 0.0272
[2026-04-29 10:02:09] INFO epoch 12 it 1620/1704 loss 0.0268
[2026-04-29 10:02:09] INFO epoch 12 it 1640/1704 loss 0.0258
[2026-04-29 10:02:09] INFO epoch 12 it 1660/1704 loss 0.0256
[2026-04-29 10:02:09] INFO epoch 12 it 1680/1704 loss 0.0252
[2026-04-29 10:02:10] INFO epoch 12 it 1700/1704 loss 0.0254
[2026-04-29 10:02:11] INFO epoch 12 done in 58.8s lr=9.90e-05
[2026-04-29 10:02:51] INFO epoch 12 val MAE(HU): 28.17
[2026-04-29 10:02:51] INFO new best MAE: 28.17 ¡æ saved best.pth
[2026-04-29 10:03:27] INFO epoch 13 it 20/1704 loss 0.0257
[2026-04-29 10:03:27] INFO epoch 13 it 40/1704 loss 0.0270
[2026-04-29 10:03:28] INFO epoch 13 it 60/1704 loss 0.0257
[2026-04-29 10:03:28] INFO epoch 13 it 80/1704 loss 0.0272
[2026-04-29 10:03:28] INFO epoch 13 it 100/1704 loss 0.0243
[2026-04-29 10:03:29] INFO epoch 13 it 120/1704 loss 0.0254
[2026-04-29 10:03:29] INFO epoch 13 it 140/1704 loss 0.0263
[2026-04-29 10:03:29] INFO epoch 13 it 160/1704 loss 0.0254
[2026-04-29 10:03:29] INFO epoch 13 it 180/1704 loss 0.0243
[2026-04-29 10:03:30] INFO epoch 13 it 200/1704 loss 0.0237
[2026-04-29 10:03:30] INFO epoch 13 it 220/1704 loss 0.0250
[2026-04-29 10:03:30] INFO epoch 13 it 240/1704 loss 0.0235
[2026-04-29 10:03:30] INFO epoch 13 it 260/1704 loss 0.0250
[2026-04-29 10:03:31] INFO epoch 13 it 280/1704 loss 0.0269
[2026-04-29 10:03:31] INFO epoch 13 it 300/1704 loss 0.0231
[2026-04-29 10:03:31] INFO epoch 13 it 320/1704 loss 0.0246
[2026-04-29 10:03:32] INFO epoch 13 it 340/1704 loss 0.0247
[2026-04-29 10:03:32] INFO epoch 13 it 360/1704 loss 0.0266
[2026-04-29 10:03:32] INFO epoch 13 it 380/1704 loss 0.0262
[2026-04-29 10:03:32] INFO epoch 13 it 400/1704 loss 0.0252
[2026-04-29 10:03:33] INFO epoch 13 it 420/1704 loss 0.0248
[2026-04-29 10:03:33] INFO epoch 13 it 440/1704 loss 0.0253
[2026-04-29 10:03:33] INFO epoch 13 it 460/1704 loss 0.0276
[2026-04-29 10:03:33] INFO epoch 13 it 480/1704 loss 0.0250
[2026-04-29 10:03:34] INFO epoch 13 it 500/1704 loss 0.0260
[2026-04-29 10:03:34] INFO epoch 13 it 520/1704 loss 0.0254
[2026-04-29 10:03:34] INFO epoch 13 it 540/1704 loss 0.0268
[2026-04-29 10:03:35] INFO epoch 13 it 560/1704 loss 0.0257
[2026-04-29 10:03:35] INFO epoch 13 it 580/1704 loss 0.0250
[2026-04-29 10:03:35] INFO epoch 13 it 600/1704 loss 0.0256
[2026-04-29 10:03:35] INFO epoch 13 it 620/1704 loss 0.0263
[2026-04-29 10:03:36] INFO epoch 13 it 640/1704 loss 0.0240
[2026-04-29 10:03:36] INFO epoch 13 it 660/1704 loss 0.0257
[2026-04-29 10:03:36] INFO epoch 13 it 680/1704 loss 0.0227
[2026-04-29 10:03:36] INFO epoch 13 it 700/1704 loss 0.0256
[2026-04-29 10:03:37] INFO epoch 13 it 720/1704 loss 0.0250
[2026-04-29 10:03:37] INFO epoch 13 it 740/1704 loss 0.0236
[2026-04-29 10:03:37] INFO epoch 13 it 760/1704 loss 0.0255
[2026-04-29 10:03:37] INFO epoch 13 it 780/1704 loss 0.0252
[2026-04-29 10:03:38] INFO epoch 13 it 800/1704 loss 0.0242
[2026-04-29 10:03:38] INFO epoch 13 it 820/1704 loss 0.0254
[2026-04-29 10:03:38] INFO epoch 13 it 840/1704 loss 0.0267
[2026-04-29 10:03:39] INFO epoch 13 it 860/1704 loss 0.0238
[2026-04-29 10:03:39] INFO epoch 13 it 880/1704 loss 0.0240
[2026-04-29 10:03:39] INFO epoch 13 it 900/1704 loss 0.0259
[2026-04-29 10:03:39] INFO epoch 13 it 920/1704 loss 0.0240
[2026-04-29 10:03:40] INFO epoch 13 it 940/1704 loss 0.0246
[2026-04-29 10:03:40] INFO epoch 13 it 960/1704 loss 0.0253
[2026-04-29 10:03:40] INFO epoch 13 it 980/1704 loss 0.0251
[2026-04-29 10:03:40] INFO epoch 13 it 1000/1704 loss 0.0245
[2026-04-29 10:03:41] INFO epoch 13 it 1020/1704 loss 0.0261
[2026-04-29 10:03:41] INFO epoch 13 it 1040/1704 loss 0.0246
[2026-04-29 10:03:41] INFO epoch 13 it 1060/1704 loss 0.0267
[2026-04-29 10:03:41] INFO epoch 13 it 1080/1704 loss 0.0247
[2026-04-29 10:03:42] INFO epoch 13 it 1100/1704 loss 0.0242
[2026-04-29 10:03:42] INFO epoch 13 it 1120/1704 loss 0.0249
[2026-04-29 10:03:42] INFO epoch 13 it 1140/1704 loss 0.0248
[2026-04-29 10:03:43] INFO epoch 13 it 1160/1704 loss 0.0247
[2026-04-29 10:03:43] INFO epoch 13 it 1180/1704 loss 0.0258
[2026-04-29 10:03:43] INFO epoch 13 it 1200/1704 loss 0.0246
[2026-04-29 10:03:43] INFO epoch 13 it 1220/1704 loss 0.0257
[2026-04-29 10:03:44] INFO epoch 13 it 1240/1704 loss 0.0247
[2026-04-29 10:03:44] INFO epoch 13 it 1260/1704 loss 0.0239
[2026-04-29 10:03:44] INFO epoch 13 it 1280/1704 loss 0.0253
[2026-04-29 10:03:44] INFO epoch 13 it 1300/1704 loss 0.0241
[2026-04-29 10:03:45] INFO epoch 13 it 1320/1704 loss 0.0250
[2026-04-29 10:03:45] INFO epoch 13 it 1340/1704 loss 0.0251
[2026-04-29 10:03:45] INFO epoch 13 it 1360/1704 loss 0.0249
[2026-04-29 10:03:45] INFO epoch 13 it 1380/1704 loss 0.0241
[2026-04-29 10:03:46] INFO epoch 13 it 1400/1704 loss 0.0238
[2026-04-29 10:03:46] INFO epoch 13 it 1420/1704 loss 0.0244
[2026-04-29 10:03:46] INFO epoch 13 it 1440/1704 loss 0.0222
[2026-04-29 10:03:46] INFO epoch 13 it 1460/1704 loss 0.0240
[2026-04-29 10:03:47] INFO epoch 13 it 1480/1704 loss 0.0235
[2026-04-29 10:03:47] INFO epoch 13 it 1500/1704 loss 0.0244
[2026-04-29 10:03:47] INFO epoch 13 it 1520/1704 loss 0.0235
[2026-04-29 10:03:48] INFO epoch 13 it 1540/1704 loss 0.0250
[2026-04-29 10:03:48] INFO epoch 13 it 1560/1704 loss 0.0243
[2026-04-29 10:03:48] INFO epoch 13 it 1580/1704 loss 0.0249
[2026-04-29 10:03:48] INFO epoch 13 it 1600/1704 loss 0.0239
[2026-04-29 10:03:49] INFO epoch 13 it 1620/1704 loss 0.0254
[2026-04-29 10:03:49] INFO epoch 13 it 1640/1704 loss 0.0240
[2026-04-29 10:03:49] INFO epoch 13 it 1660/1704 loss 0.0244
[2026-04-29 10:03:49] INFO epoch 13 it 1680/1704 loss 0.0249
[2026-04-29 10:03:50] INFO epoch 13 it 1700/1704 loss 0.0259
[2026-04-29 10:03:51] INFO epoch 13 done in 59.8s lr=9.88e-05
[2026-04-29 10:04:31] INFO epoch 13 val MAE(HU): 27.59
[2026-04-29 10:04:32] INFO new best MAE: 27.59 ¡æ saved best.pth
[2026-04-29 10:05:06] INFO epoch 14 it 20/1704 loss 0.0242
[2026-04-29 10:05:07] INFO epoch 14 it 40/1704 loss 0.0259
[2026-04-29 10:05:07] INFO epoch 14 it 60/1704 loss 0.0255
[2026-04-29 10:05:07] INFO epoch 14 it 80/1704 loss 0.0247
[2026-04-29 10:05:08] INFO epoch 14 it 100/1704 loss 0.0239
[2026-04-29 10:05:08] INFO epoch 14 it 120/1704 loss 0.0260
[2026-04-29 10:05:08] INFO epoch 14 it 140/1704 loss 0.0245
[2026-04-29 10:05:08] INFO epoch 14 it 160/1704 loss 0.0245
[2026-04-29 10:05:09] INFO epoch 14 it 180/1704 loss 0.0275
[2026-04-29 10:05:09] INFO epoch 14 it 200/1704 loss 0.0258
[2026-04-29 10:05:09] INFO epoch 14 it 220/1704 loss 0.0260
[2026-04-29 10:05:09] INFO epoch 14 it 240/1704 loss 0.0248
[2026-04-29 10:05:10] INFO epoch 14 it 260/1704 loss 0.0247
[2026-04-29 10:05:10] INFO epoch 14 it 280/1704 loss 0.0254
[2026-04-29 10:05:10] INFO epoch 14 it 300/1704 loss 0.0248
[2026-04-29 10:05:10] INFO epoch 14 it 320/1704 loss 0.0252
[2026-04-29 10:05:11] INFO epoch 14 it 340/1704 loss 0.0232
[2026-04-29 10:05:11] INFO epoch 14 it 360/1704 loss 0.0237
[2026-04-29 10:05:11] INFO epoch 14 it 380/1704 loss 0.0249
[2026-04-29 10:05:11] INFO epoch 14 it 400/1704 loss 0.0263
[2026-04-29 10:05:12] INFO epoch 14 it 420/1704 loss 0.0243
[2026-04-29 10:05:12] INFO epoch 14 it 440/1704 loss 0.0229
[2026-04-29 10:05:12] INFO epoch 14 it 460/1704 loss 0.0241
[2026-04-29 10:05:12] INFO epoch 14 it 480/1704 loss 0.0240
[2026-04-29 10:05:13] INFO epoch 14 it 500/1704 loss 0.0241
[2026-04-29 10:05:13] INFO epoch 14 it 520/1704 loss 0.0254
[2026-04-29 10:05:13] INFO epoch 14 it 540/1704 loss 0.0250
[2026-04-29 10:05:14] INFO epoch 14 it 560/1704 loss 0.0231
[2026-04-29 10:05:14] INFO epoch 14 it 580/1704 loss 0.0238
[2026-04-29 10:05:14] INFO epoch 14 it 600/1704 loss 0.0252
[2026-04-29 10:05:14] INFO epoch 14 it 620/1704 loss 0.0249
[2026-04-29 10:05:15] INFO epoch 14 it 640/1704 loss 0.0236
[2026-04-29 10:05:15] INFO epoch 14 it 660/1704 loss 0.0241
[2026-04-29 10:05:15] INFO epoch 14 it 680/1704 loss 0.0247
[2026-04-29 10:05:15] INFO epoch 14 it 700/1704 loss 0.0247
[2026-04-29 10:05:16] INFO epoch 14 it 720/1704 loss 0.0237
[2026-04-29 10:05:16] INFO epoch 14 it 740/1704 loss 0.0232
[2026-04-29 10:05:16] INFO epoch 14 it 760/1704 loss 0.0251
[2026-04-29 10:05:16] INFO epoch 14 it 780/1704 loss 0.0246
[2026-04-29 10:05:17] INFO epoch 14 it 800/1704 loss 0.0238
[2026-04-29 10:05:17] INFO epoch 14 it 820/1704 loss 0.0254
[2026-04-29 10:05:17] INFO epoch 14 it 840/1704 loss 0.0232
[2026-04-29 10:05:17] INFO epoch 14 it 860/1704 loss 0.0254
[2026-04-29 10:05:18] INFO epoch 14 it 880/1704 loss 0.0243
[2026-04-29 10:05:18] INFO epoch 14 it 900/1704 loss 0.0247
[2026-04-29 10:05:18] INFO epoch 14 it 920/1704 loss 0.0240
[2026-04-29 10:05:18] INFO epoch 14 it 940/1704 loss 0.0242
[2026-04-29 10:05:19] INFO epoch 14 it 960/1704 loss 0.0240
[2026-04-29 10:05:19] INFO epoch 14 it 980/1704 loss 0.0244
[2026-04-29 10:05:19] INFO epoch 14 it 1000/1704 loss 0.0237
[2026-04-29 10:05:20] INFO epoch 14 it 1020/1704 loss 0.0241
[2026-04-29 10:05:20] INFO epoch 14 it 1040/1704 loss 0.0235
[2026-04-29 10:05:20] INFO epoch 14 it 1060/1704 loss 0.0240
[2026-04-29 10:05:20] INFO epoch 14 it 1080/1704 loss 0.0236
[2026-04-29 10:05:21] INFO epoch 14 it 1100/1704 loss 0.0232
[2026-04-29 10:05:21] INFO epoch 14 it 1120/1704 loss 0.0250
[2026-04-29 10:05:21] INFO epoch 14 it 1140/1704 loss 0.0247
[2026-04-29 10:05:21] INFO epoch 14 it 1160/1704 loss 0.0226
[2026-04-29 10:05:22] INFO epoch 14 it 1180/1704 loss 0.0248
[2026-04-29 10:05:22] INFO epoch 14 it 1200/1704 loss 0.0232
[2026-04-29 10:05:22] INFO epoch 14 it 1220/1704 loss 0.0248
[2026-04-29 10:05:22] INFO epoch 14 it 1240/1704 loss 0.0250
[2026-04-29 10:05:23] INFO epoch 14 it 1260/1704 loss 0.0236
[2026-04-29 10:05:23] INFO epoch 14 it 1280/1704 loss 0.0266
[2026-04-29 10:05:23] INFO epoch 14 it 1300/1704 loss 0.0242
[2026-04-29 10:05:23] INFO epoch 14 it 1320/1704 loss 0.0243
[2026-04-29 10:05:24] INFO epoch 14 it 1340/1704 loss 0.0231
[2026-04-29 10:05:24] INFO epoch 14 it 1360/1704 loss 0.0254
[2026-04-29 10:05:24] INFO epoch 14 it 1380/1704 loss 0.0252
[2026-04-29 10:05:24] INFO epoch 14 it 1400/1704 loss 0.0235
[2026-04-29 10:05:25] INFO epoch 14 it 1420/1704 loss 0.0233
[2026-04-29 10:05:25] INFO epoch 14 it 1440/1704 loss 0.0240
[2026-04-29 10:05:25] INFO epoch 14 it 1460/1704 loss 0.0256
[2026-04-29 10:05:25] INFO epoch 14 it 1480/1704 loss 0.0221
[2026-04-29 10:05:26] INFO epoch 14 it 1500/1704 loss 0.0234
[2026-04-29 10:05:26] INFO epoch 14 it 1520/1704 loss 0.0252
[2026-04-29 10:05:26] INFO epoch 14 it 1540/1704 loss 0.0231
[2026-04-29 10:05:26] INFO epoch 14 it 1560/1704 loss 0.0233
[2026-04-29 10:05:27] INFO epoch 14 it 1580/1704 loss 0.0241
[2026-04-29 10:05:27] INFO epoch 14 it 1600/1704 loss 0.0239
[2026-04-29 10:05:27] INFO epoch 14 it 1620/1704 loss 0.0241
[2026-04-29 10:05:28] INFO epoch 14 it 1640/1704 loss 0.0248
[2026-04-29 10:05:28] INFO epoch 14 it 1660/1704 loss 0.0238
[2026-04-29 10:05:28] INFO epoch 14 it 1680/1704 loss 0.0230
[2026-04-29 10:05:28] INFO epoch 14 it 1700/1704 loss 0.0220
[2026-04-29 10:05:30] INFO epoch 14 done in 58.5s lr=9.86e-05
[2026-04-29 10:06:10] INFO epoch 14 val MAE(HU): 27.13
[2026-04-29 10:06:10] INFO new best MAE: 27.13 ¡æ saved best.pth
[2026-04-29 10:06:45] INFO epoch 15 it 20/1704 loss 0.0258
[2026-04-29 10:06:45] INFO epoch 15 it 40/1704 loss 0.0241
[2026-04-29 10:06:46] INFO epoch 15 it 60/1704 loss 0.0240
[2026-04-29 10:06:46] INFO epoch 15 it 80/1704 loss 0.0242
[2026-04-29 10:06:46] INFO epoch 15 it 100/1704 loss 0.0251
[2026-04-29 10:06:46] INFO epoch 15 it 120/1704 loss 0.0243
[2026-04-29 10:06:47] INFO epoch 15 it 140/1704 loss 0.0224
[2026-04-29 10:06:47] INFO epoch 15 it 160/1704 loss 0.0246
[2026-04-29 10:06:47] INFO epoch 15 it 180/1704 loss 0.0239
[2026-04-29 10:06:47] INFO epoch 15 it 200/1704 loss 0.0238
[2026-04-29 10:06:48] INFO epoch 15 it 220/1704 loss 0.0253
[2026-04-29 10:06:48] INFO epoch 15 it 240/1704 loss 0.0266
[2026-04-29 10:06:48] INFO epoch 15 it 260/1704 loss 0.0239
[2026-04-29 10:06:49] INFO epoch 15 it 280/1704 loss 0.0233
[2026-04-29 10:06:49] INFO epoch 15 it 300/1704 loss 0.0254
[2026-04-29 10:06:49] INFO epoch 15 it 320/1704 loss 0.0245
[2026-04-29 10:06:49] INFO epoch 15 it 340/1704 loss 0.0243
[2026-04-29 10:06:50] INFO epoch 15 it 360/1704 loss 0.0235
[2026-04-29 10:06:50] INFO epoch 15 it 380/1704 loss 0.0236
[2026-04-29 10:06:50] INFO epoch 15 it 400/1704 loss 0.0244
[2026-04-29 10:06:50] INFO epoch 15 it 420/1704 loss 0.0235
[2026-04-29 10:06:51] INFO epoch 15 it 440/1704 loss 0.0248
[2026-04-29 10:06:51] INFO epoch 15 it 460/1704 loss 0.0237
[2026-04-29 10:06:51] INFO epoch 15 it 480/1704 loss 0.0227
[2026-04-29 10:06:51] INFO epoch 15 it 500/1704 loss 0.0248
[2026-04-29 10:06:52] INFO epoch 15 it 520/1704 loss 0.0245
[2026-04-29 10:06:52] INFO epoch 15 it 540/1704 loss 0.0235
[2026-04-29 10:06:52] INFO epoch 15 it 560/1704 loss 0.0230
[2026-04-29 10:06:52] INFO epoch 15 it 580/1704 loss 0.0248
[2026-04-29 10:06:53] INFO epoch 15 it 600/1704 loss 0.0215
[2026-04-29 10:06:53] INFO epoch 15 it 620/1704 loss 0.0246
[2026-04-29 10:06:53] INFO epoch 15 it 640/1704 loss 0.0233
[2026-04-29 10:06:53] INFO epoch 15 it 660/1704 loss 0.0233
[2026-04-29 10:06:54] INFO epoch 15 it 680/1704 loss 0.0257
[2026-04-29 10:06:54] INFO epoch 15 it 700/1704 loss 0.0227
[2026-04-29 10:06:54] INFO epoch 15 it 720/1704 loss 0.0245
[2026-04-29 10:06:55] INFO epoch 15 it 740/1704 loss 0.0239
[2026-04-29 10:06:55] INFO epoch 15 it 760/1704 loss 0.0227
[2026-04-29 10:06:55] INFO epoch 15 it 780/1704 loss 0.0234
[2026-04-29 10:06:55] INFO epoch 15 it 800/1704 loss 0.0243
[2026-04-29 10:06:56] INFO epoch 15 it 820/1704 loss 0.0236
[2026-04-29 10:06:56] INFO epoch 15 it 840/1704 loss 0.0233
[2026-04-29 10:06:56] INFO epoch 15 it 860/1704 loss 0.0240
[2026-04-29 10:06:56] INFO epoch 15 it 880/1704 loss 0.0252
[2026-04-29 10:06:57] INFO epoch 15 it 900/1704 loss 0.0238
[2026-04-29 10:06:57] INFO epoch 15 it 920/1704 loss 0.0234
[2026-04-29 10:06:57] INFO epoch 15 it 940/1704 loss 0.0234
[2026-04-29 10:06:57] INFO epoch 15 it 960/1704 loss 0.0235
[2026-04-29 10:06:58] INFO epoch 15 it 980/1704 loss 0.0234
[2026-04-29 10:06:58] INFO epoch 15 it 1000/1704 loss 0.0231
[2026-04-29 10:06:58] INFO epoch 15 it 1020/1704 loss 0.0220
[2026-04-29 10:06:58] INFO epoch 15 it 1040/1704 loss 0.0247
[2026-04-29 10:06:59] INFO epoch 15 it 1060/1704 loss 0.0254
[2026-04-29 10:06:59] INFO epoch 15 it 1080/1704 loss 0.0235
[2026-04-29 10:06:59] INFO epoch 15 it 1100/1704 loss 0.0242
[2026-04-29 10:06:59] INFO epoch 15 it 1120/1704 loss 0.0238
[2026-04-29 10:07:00] INFO epoch 15 it 1140/1704 loss 0.0239
[2026-04-29 10:07:00] INFO epoch 15 it 1160/1704 loss 0.0242
[2026-04-29 10:07:00] INFO epoch 15 it 1180/1704 loss 0.0238
[2026-04-29 10:07:01] INFO epoch 15 it 1200/1704 loss 0.0240
[2026-04-29 10:07:01] INFO epoch 15 it 1220/1704 loss 0.0229
[2026-04-29 10:07:01] INFO epoch 15 it 1240/1704 loss 0.0248
[2026-04-29 10:07:01] INFO epoch 15 it 1260/1704 loss 0.0253
[2026-04-29 10:07:02] INFO epoch 15 it 1280/1704 loss 0.0240
[2026-04-29 10:07:02] INFO epoch 15 it 1300/1704 loss 0.0251
[2026-04-29 10:07:02] INFO epoch 15 it 1320/1704 loss 0.0246
[2026-04-29 10:07:02] INFO epoch 15 it 1340/1704 loss 0.0253
[2026-04-29 10:07:03] INFO epoch 15 it 1360/1704 loss 0.0234
[2026-04-29 10:07:03] INFO epoch 15 it 1380/1704 loss 0.0238
[2026-04-29 10:07:03] INFO epoch 15 it 1400/1704 loss 0.0242
[2026-04-29 10:07:03] INFO epoch 15 it 1420/1704 loss 0.0222
[2026-04-29 10:07:04] INFO epoch 15 it 1440/1704 loss 0.0235
[2026-04-29 10:07:04] INFO epoch 15 it 1460/1704 loss 0.0246
[2026-04-29 10:07:04] INFO epoch 15 it 1480/1704 loss 0.0237
[2026-04-29 10:07:05] INFO epoch 15 it 1500/1704 loss 0.0230
[2026-04-29 10:07:05] INFO epoch 15 it 1520/1704 loss 0.0233
[2026-04-29 10:07:05] INFO epoch 15 it 1540/1704 loss 0.0249
[2026-04-29 10:07:05] INFO epoch 15 it 1560/1704 loss 0.0232
[2026-04-29 10:07:06] INFO epoch 15 it 1580/1704 loss 0.0233
[2026-04-29 10:07:06] INFO epoch 15 it 1600/1704 loss 0.0243
[2026-04-29 10:07:06] INFO epoch 15 it 1620/1704 loss 0.0236
[2026-04-29 10:07:06] INFO epoch 15 it 1640/1704 loss 0.0234
[2026-04-29 10:07:07] INFO epoch 15 it 1660/1704 loss 0.0245
[2026-04-29 10:07:07] INFO epoch 15 it 1680/1704 loss 0.0226
[2026-04-29 10:07:07] INFO epoch 15 it 1700/1704 loss 0.0229
[2026-04-29 10:07:09] INFO epoch 15 done in 58.6s lr=9.84e-05
[2026-04-29 10:07:49] INFO epoch 15 val MAE(HU): 27.58
[2026-04-29 10:08:24] INFO epoch 16 it 20/1704 loss 0.0239
[2026-04-29 10:08:24] INFO epoch 16 it 40/1704 loss 0.0238
[2026-04-29 10:08:25] INFO epoch 16 it 60/1704 loss 0.0249
[2026-04-29 10:08:25] INFO epoch 16 it 80/1704 loss 0.0234
[2026-04-29 10:08:25] INFO epoch 16 it 100/1704 loss 0.0251
[2026-04-29 10:08:26] INFO epoch 16 it 120/1704 loss 0.0243
[2026-04-29 10:08:26] INFO epoch 16 it 140/1704 loss 0.0239
[2026-04-29 10:08:26] INFO epoch 16 it 160/1704 loss 0.0229
[2026-04-29 10:08:26] INFO epoch 16 it 180/1704 loss 0.0232
[2026-04-29 10:08:27] INFO epoch 16 it 200/1704 loss 0.0247
[2026-04-29 10:08:27] INFO epoch 16 it 220/1704 loss 0.0238
[2026-04-29 10:08:27] INFO epoch 16 it 240/1704 loss 0.0225
[2026-04-29 10:08:27] INFO epoch 16 it 260/1704 loss 0.0229
[2026-04-29 10:08:28] INFO epoch 16 it 280/1704 loss 0.0230
[2026-04-29 10:08:28] INFO epoch 16 it 300/1704 loss 0.0232
[2026-04-29 10:08:28] INFO epoch 16 it 320/1704 loss 0.0233
[2026-04-29 10:08:28] INFO epoch 16 it 340/1704 loss 0.0237
[2026-04-29 10:08:29] INFO epoch 16 it 360/1704 loss 0.0251
[2026-04-29 10:08:29] INFO epoch 16 it 380/1704 loss 0.0242
[2026-04-29 10:08:29] INFO epoch 16 it 400/1704 loss 0.0231
[2026-04-29 10:08:30] INFO epoch 16 it 420/1704 loss 0.0240
[2026-04-29 10:08:30] INFO epoch 16 it 440/1704 loss 0.0236
[2026-04-29 10:08:30] INFO epoch 16 it 460/1704 loss 0.0234
[2026-04-29 10:08:30] INFO epoch 16 it 480/1704 loss 0.0226
[2026-04-29 10:08:31] INFO epoch 16 it 500/1704 loss 0.0230
[2026-04-29 10:08:31] INFO epoch 16 it 520/1704 loss 0.0235
[2026-04-29 10:08:31] INFO epoch 16 it 540/1704 loss 0.0233
[2026-04-29 10:08:31] INFO epoch 16 it 560/1704 loss 0.0246
[2026-04-29 10:08:32] INFO epoch 16 it 580/1704 loss 0.0234
[2026-04-29 10:08:32] INFO epoch 16 it 600/1704 loss 0.0233
[2026-04-29 10:08:32] INFO epoch 16 it 620/1704 loss 0.0240
[2026-04-29 10:08:32] INFO epoch 16 it 640/1704 loss 0.0232
[2026-04-29 10:08:33] INFO epoch 16 it 660/1704 loss 0.0243
[2026-04-29 10:08:33] INFO epoch 16 it 680/1704 loss 0.0232
[2026-04-29 10:08:33] INFO epoch 16 it 700/1704 loss 0.0234
[2026-04-29 10:08:33] INFO epoch 16 it 720/1704 loss 0.0245
[2026-04-29 10:08:34] INFO epoch 16 it 740/1704 loss 0.0250
[2026-04-29 10:08:34] INFO epoch 16 it 760/1704 loss 0.0236
[2026-04-29 10:08:34] INFO epoch 16 it 780/1704 loss 0.0219
[2026-04-29 10:08:35] INFO epoch 16 it 800/1704 loss 0.0259
[2026-04-29 10:08:35] INFO epoch 16 it 820/1704 loss 0.0230
[2026-04-29 10:08:35] INFO epoch 16 it 840/1704 loss 0.0223
[2026-04-29 10:08:35] INFO epoch 16 it 860/1704 loss 0.0249
[2026-04-29 10:08:36] INFO epoch 16 it 880/1704 loss 0.0229
[2026-04-29 10:08:36] INFO epoch 16 it 900/1704 loss 0.0246
[2026-04-29 10:08:36] INFO epoch 16 it 920/1704 loss 0.0243
[2026-04-29 10:08:36] INFO epoch 16 it 940/1704 loss 0.0236
[2026-04-29 10:08:37] INFO epoch 16 it 960/1704 loss 0.0239
[2026-04-29 10:08:37] INFO epoch 16 it 980/1704 loss 0.0229
[2026-04-29 10:08:37] INFO epoch 16 it 1000/1704 loss 0.0249
[2026-04-29 10:08:37] INFO epoch 16 it 1020/1704 loss 0.0251
[2026-04-29 10:08:38] INFO epoch 16 it 1040/1704 loss 0.0232
[2026-04-29 10:08:38] INFO epoch 16 it 1060/1704 loss 0.0221
[2026-04-29 10:08:38] INFO epoch 16 it 1080/1704 loss 0.0234
[2026-04-29 10:08:38] INFO epoch 16 it 1100/1704 loss 0.0240
[2026-04-29 10:08:39] INFO epoch 16 it 1120/1704 loss 0.0233
[2026-04-29 10:08:39] INFO epoch 16 it 1140/1704 loss 0.0215
[2026-04-29 10:08:39] INFO epoch 16 it 1160/1704 loss 0.0232
[2026-04-29 10:08:39] INFO epoch 16 it 1180/1704 loss 0.0224
[2026-04-29 10:08:40] INFO epoch 16 it 1200/1704 loss 0.0236
[2026-04-29 10:08:40] INFO epoch 16 it 1220/1704 loss 0.0246
[2026-04-29 10:08:40] INFO epoch 16 it 1240/1704 loss 0.0241
[2026-04-29 10:08:41] INFO epoch 16 it 1260/1704 loss 0.0237
[2026-04-29 10:08:41] INFO epoch 16 it 1280/1704 loss 0.0238
[2026-04-29 10:08:41] INFO epoch 16 it 1300/1704 loss 0.0239
[2026-04-29 10:08:41] INFO epoch 16 it 1320/1704 loss 0.0227
[2026-04-29 10:08:42] INFO epoch 16 it 1340/1704 loss 0.0237
[2026-04-29 10:08:42] INFO epoch 16 it 1360/1704 loss 0.0218
[2026-04-29 10:08:42] INFO epoch 16 it 1380/1704 loss 0.0236
[2026-04-29 10:08:42] INFO epoch 16 it 1400/1704 loss 0.0235
[2026-04-29 10:08:43] INFO epoch 16 it 1420/1704 loss 0.0236
[2026-04-29 10:08:43] INFO epoch 16 it 1440/1704 loss 0.0229
[2026-04-29 10:08:43] INFO epoch 16 it 1460/1704 loss 0.0213
[2026-04-29 10:08:43] INFO epoch 16 it 1480/1704 loss 0.0247
[2026-04-29 10:08:44] INFO epoch 16 it 1500/1704 loss 0.0230
[2026-04-29 10:08:44] INFO epoch 16 it 1520/1704 loss 0.0240
[2026-04-29 10:08:44] INFO epoch 16 it 1540/1704 loss 0.0233
[2026-04-29 10:08:44] INFO epoch 16 it 1560/1704 loss 0.0253
[2026-04-29 10:08:45] INFO epoch 16 it 1580/1704 loss 0.0239
[2026-04-29 10:08:45] INFO epoch 16 it 1600/1704 loss 0.0213
[2026-04-29 10:08:45] INFO epoch 16 it 1620/1704 loss 0.0231
[2026-04-29 10:08:46] INFO epoch 16 it 1640/1704 loss 0.0243
[2026-04-29 10:08:46] INFO epoch 16 it 1660/1704 loss 0.0229
[2026-04-29 10:08:46] INFO epoch 16 it 1680/1704 loss 0.0228
[2026-04-29 10:08:46] INFO epoch 16 it 1700/1704 loss 0.0236
[2026-04-29 10:08:48] INFO epoch 16 done in 59.0s lr=9.82e-05
[2026-04-29 10:09:28] INFO epoch 16 val MAE(HU): 26.99
[2026-04-29 10:09:28] INFO new best MAE: 26.99 ¡æ saved best.pth
[2026-04-29 10:10:03] INFO epoch 17 it 20/1704 loss 0.0219
[2026-04-29 10:10:03] INFO epoch 17 it 40/1704 loss 0.0231
[2026-04-29 10:10:04] INFO epoch 17 it 60/1704 loss 0.0235
[2026-04-29 10:10:04] INFO epoch 17 it 80/1704 loss 0.0233
[2026-04-29 10:10:04] INFO epoch 17 it 100/1704 loss 0.0225
[2026-04-29 10:10:04] INFO epoch 17 it 120/1704 loss 0.0223
[2026-04-29 10:10:05] INFO epoch 17 it 140/1704 loss 0.0236
[2026-04-29 10:10:05] INFO epoch 17 it 160/1704 loss 0.0229
[2026-04-29 10:10:05] INFO epoch 17 it 180/1704 loss 0.0241
[2026-04-29 10:10:05] INFO epoch 17 it 200/1704 loss 0.0229
[2026-04-29 10:10:06] INFO epoch 17 it 220/1704 loss 0.0223
[2026-04-29 10:10:06] INFO epoch 17 it 240/1704 loss 0.0228
[2026-04-29 10:10:06] INFO epoch 17 it 260/1704 loss 0.0222
[2026-04-29 10:10:06] INFO epoch 17 it 280/1704 loss 0.0227
[2026-04-29 10:10:07] INFO epoch 17 it 300/1704 loss 0.0230
[2026-04-29 10:10:07] INFO epoch 17 it 320/1704 loss 0.0232
[2026-04-29 10:10:07] INFO epoch 17 it 340/1704 loss 0.0240
[2026-04-29 10:10:07] INFO epoch 17 it 360/1704 loss 0.0231
[2026-04-29 10:10:08] INFO epoch 17 it 380/1704 loss 0.0245
[2026-04-29 10:10:08] INFO epoch 17 it 400/1704 loss 0.0241
[2026-04-29 10:10:08] INFO epoch 17 it 420/1704 loss 0.0228
[2026-04-29 10:10:08] INFO epoch 17 it 440/1704 loss 0.0238
[2026-04-29 10:10:09] INFO epoch 17 it 460/1704 loss 0.0243
[2026-04-29 10:10:09] INFO epoch 17 it 480/1704 loss 0.0234
[2026-04-29 10:10:09] INFO epoch 17 it 500/1704 loss 0.0236
[2026-04-29 10:10:10] INFO epoch 17 it 520/1704 loss 0.0247
[2026-04-29 10:10:10] INFO epoch 17 it 540/1704 loss 0.0242
[2026-04-29 10:10:10] INFO epoch 17 it 560/1704 loss 0.0231
[2026-04-29 10:10:10] INFO epoch 17 it 580/1704 loss 0.0237
[2026-04-29 10:10:11] INFO epoch 17 it 600/1704 loss 0.0245
[2026-04-29 10:10:11] INFO epoch 17 it 620/1704 loss 0.0217
[2026-04-29 10:10:11] INFO epoch 17 it 640/1704 loss 0.0246
[2026-04-29 10:10:11] INFO epoch 17 it 660/1704 loss 0.0220
[2026-04-29 10:10:12] INFO epoch 17 it 680/1704 loss 0.0235
[2026-04-29 10:10:12] INFO epoch 17 it 700/1704 loss 0.0229
[2026-04-29 10:10:12] INFO epoch 17 it 720/1704 loss 0.0229
[2026-04-29 10:10:12] INFO epoch 17 it 740/1704 loss 0.0230
[2026-04-29 10:10:13] INFO epoch 17 it 760/1704 loss 0.0230
[2026-04-29 10:10:13] INFO epoch 17 it 780/1704 loss 0.0214
[2026-04-29 10:10:13] INFO epoch 17 it 800/1704 loss 0.0246
[2026-04-29 10:10:13] INFO epoch 17 it 820/1704 loss 0.0227
[2026-04-29 10:10:14] INFO epoch 17 it 840/1704 loss 0.0234
[2026-04-29 10:10:14] INFO epoch 17 it 860/1704 loss 0.0245
[2026-04-29 10:10:14] INFO epoch 17 it 880/1704 loss 0.0219
[2026-04-29 10:10:15] INFO epoch 17 it 900/1704 loss 0.0231
[2026-04-29 10:10:15] INFO epoch 17 it 920/1704 loss 0.0235
[2026-04-29 10:10:15] INFO epoch 17 it 940/1704 loss 0.0229
[2026-04-29 10:10:15] INFO epoch 17 it 960/1704 loss 0.0233
[2026-04-29 10:10:16] INFO epoch 17 it 980/1704 loss 0.0231
[2026-04-29 10:10:16] INFO epoch 17 it 1000/1704 loss 0.0224
[2026-04-29 10:10:16] INFO epoch 17 it 1020/1704 loss 0.0229
[2026-04-29 10:10:16] INFO epoch 17 it 1040/1704 loss 0.0247
[2026-04-29 10:10:17] INFO epoch 17 it 1060/1704 loss 0.0243
[2026-04-29 10:10:17] INFO epoch 17 it 1080/1704 loss 0.0219
[2026-04-29 10:10:17] INFO epoch 17 it 1100/1704 loss 0.0224
[2026-04-29 10:10:17] INFO epoch 17 it 1120/1704 loss 0.0235
[2026-04-29 10:10:18] INFO epoch 17 it 1140/1704 loss 0.0231
[2026-04-29 10:10:18] INFO epoch 17 it 1160/1704 loss 0.0244
[2026-04-29 10:10:18] INFO epoch 17 it 1180/1704 loss 0.0241
[2026-04-29 10:10:18] INFO epoch 17 it 1200/1704 loss 0.0239
[2026-04-29 10:10:19] INFO epoch 17 it 1220/1704 loss 0.0239
[2026-04-29 10:10:19] INFO epoch 17 it 1240/1704 loss 0.0219
[2026-04-29 10:10:19] INFO epoch 17 it 1260/1704 loss 0.0233
[2026-04-29 10:10:20] INFO epoch 17 it 1280/1704 loss 0.0243
[2026-04-29 10:10:20] INFO epoch 17 it 1300/1704 loss 0.0241
[2026-04-29 10:10:20] INFO epoch 17 it 1320/1704 loss 0.0230
[2026-04-29 10:10:20] INFO epoch 17 it 1340/1704 loss 0.0216
[2026-04-29 10:10:21] INFO epoch 17 it 1360/1704 loss 0.0222
[2026-04-29 10:10:21] INFO epoch 17 it 1380/1704 loss 0.0231
[2026-04-29 10:10:21] INFO epoch 17 it 1400/1704 loss 0.0234
[2026-04-29 10:10:21] INFO epoch 17 it 1420/1704 loss 0.0228
[2026-04-29 10:10:22] INFO epoch 17 it 1440/1704 loss 0.0232
[2026-04-29 10:10:22] INFO epoch 17 it 1460/1704 loss 0.0217
[2026-04-29 10:10:22] INFO epoch 17 it 1480/1704 loss 0.0242
[2026-04-29 10:10:22] INFO epoch 17 it 1500/1704 loss 0.0227
[2026-04-29 10:10:23] INFO epoch 17 it 1520/1704 loss 0.0234
[2026-04-29 10:10:23] INFO epoch 17 it 1540/1704 loss 0.0241
[2026-04-29 10:10:23] INFO epoch 17 it 1560/1704 loss 0.0236
[2026-04-29 10:10:23] INFO epoch 17 it 1580/1704 loss 0.0228
[2026-04-29 10:10:24] INFO epoch 17 it 1600/1704 loss 0.0232
[2026-04-29 10:10:24] INFO epoch 17 it 1620/1704 loss 0.0234
[2026-04-29 10:10:24] INFO epoch 17 it 1640/1704 loss 0.0231
[2026-04-29 10:10:24] INFO epoch 17 it 1660/1704 loss 0.0238
[2026-04-29 10:10:25] INFO epoch 17 it 1680/1704 loss 0.0233
[2026-04-29 10:10:25] INFO epoch 17 it 1700/1704 loss 0.0226
[2026-04-29 10:10:27] INFO epoch 17 done in 58.9s lr=9.80e-05
[2026-04-29 10:11:07] INFO epoch 17 val MAE(HU): 26.87
[2026-04-29 10:11:08] INFO new best MAE: 26.87 ¡æ saved best.pth
[2026-04-29 10:11:43] INFO epoch 18 it 20/1704 loss 0.0217
[2026-04-29 10:11:43] INFO epoch 18 it 40/1704 loss 0.0230
[2026-04-29 10:11:43] INFO epoch 18 it 60/1704 loss 0.0233
[2026-04-29 10:11:44] INFO epoch 18 it 80/1704 loss 0.0219
[2026-04-29 10:11:44] INFO epoch 18 it 100/1704 loss 0.0225
[2026-04-29 10:11:44] INFO epoch 18 it 120/1704 loss 0.0236
[2026-04-29 10:11:44] INFO epoch 18 it 140/1704 loss 0.0243
[2026-04-29 10:11:45] INFO epoch 18 it 160/1704 loss 0.0240
[2026-04-29 10:11:45] INFO epoch 18 it 180/1704 loss 0.0227
[2026-04-29 10:11:45] INFO epoch 18 it 200/1704 loss 0.0222
[2026-04-29 10:11:45] INFO epoch 18 it 220/1704 loss 0.0234
[2026-04-29 10:11:46] INFO epoch 18 it 240/1704 loss 0.0245
[2026-04-29 10:11:46] INFO epoch 18 it 260/1704 loss 0.0254
[2026-04-29 10:11:46] INFO epoch 18 it 280/1704 loss 0.0222
[2026-04-29 10:11:47] INFO epoch 18 it 300/1704 loss 0.0232
[2026-04-29 10:11:47] INFO epoch 18 it 320/1704 loss 0.0232
[2026-04-29 10:11:47] INFO epoch 18 it 340/1704 loss 0.0229
[2026-04-29 10:11:47] INFO epoch 18 it 360/1704 loss 0.0221
[2026-04-29 10:11:48] INFO epoch 18 it 380/1704 loss 0.0224
[2026-04-29 10:11:48] INFO epoch 18 it 400/1704 loss 0.0224
[2026-04-29 10:11:48] INFO epoch 18 it 420/1704 loss 0.0231
[2026-04-29 10:11:48] INFO epoch 18 it 440/1704 loss 0.0226
[2026-04-29 10:11:49] INFO epoch 18 it 460/1704 loss 0.0221
[2026-04-29 10:11:49] INFO epoch 18 it 480/1704 loss 0.0240
[2026-04-29 10:11:49] INFO epoch 18 it 500/1704 loss 0.0229
[2026-04-29 10:11:50] INFO epoch 18 it 520/1704 loss 0.0246
[2026-04-29 10:11:50] INFO epoch 18 it 540/1704 loss 0.0241
[2026-04-29 10:11:50] INFO epoch 18 it 560/1704 loss 0.0227
[2026-04-29 10:11:50] INFO epoch 18 it 580/1704 loss 0.0230
[2026-04-29 10:11:51] INFO epoch 18 it 600/1704 loss 0.0228
[2026-04-29 10:11:51] INFO epoch 18 it 620/1704 loss 0.0232
[2026-04-29 10:11:51] INFO epoch 18 it 640/1704 loss 0.0235
[2026-04-29 10:11:51] INFO epoch 18 it 660/1704 loss 0.0245
[2026-04-29 10:11:52] INFO epoch 18 it 680/1704 loss 0.0232
[2026-04-29 10:11:52] INFO epoch 18 it 700/1704 loss 0.0226
[2026-04-29 10:11:52] INFO epoch 18 it 720/1704 loss 0.0228
[2026-04-29 10:11:53] INFO epoch 18 it 740/1704 loss 0.0222
[2026-04-29 10:11:53] INFO epoch 18 it 760/1704 loss 0.0230
[2026-04-29 10:11:53] INFO epoch 18 it 780/1704 loss 0.0224
[2026-04-29 10:11:53] INFO epoch 18 it 800/1704 loss 0.0228
[2026-04-29 10:11:54] INFO epoch 18 it 820/1704 loss 0.0225
[2026-04-29 10:11:54] INFO epoch 18 it 840/1704 loss 0.0224
[2026-04-29 10:11:54] INFO epoch 18 it 860/1704 loss 0.0219
[2026-04-29 10:11:55] INFO epoch 18 it 880/1704 loss 0.0239
[2026-04-29 10:11:55] INFO epoch 18 it 900/1704 loss 0.0217
[2026-04-29 10:11:55] INFO epoch 18 it 920/1704 loss 0.0234
[2026-04-29 10:11:55] INFO epoch 18 it 940/1704 loss 0.0225
[2026-04-29 10:11:56] INFO epoch 18 it 960/1704 loss 0.0235
[2026-04-29 10:11:56] INFO epoch 18 it 980/1704 loss 0.0215
[2026-04-29 10:11:56] INFO epoch 18 it 1000/1704 loss 0.0228
[2026-04-29 10:11:57] INFO epoch 18 it 1020/1704 loss 0.0223
[2026-04-29 10:11:57] INFO epoch 18 it 1040/1704 loss 0.0206
[2026-04-29 10:11:57] INFO epoch 18 it 1060/1704 loss 0.0238
[2026-04-29 10:11:57] INFO epoch 18 it 1080/1704 loss 0.0233
[2026-04-29 10:11:58] INFO epoch 18 it 1100/1704 loss 0.0232
[2026-04-29 10:11:58] INFO epoch 18 it 1120/1704 loss 0.0232
[2026-04-29 10:11:58] INFO epoch 18 it 1140/1704 loss 0.0232
[2026-04-29 10:11:58] INFO epoch 18 it 1160/1704 loss 0.0227
[2026-04-29 10:11:59] INFO epoch 18 it 1180/1704 loss 0.0239
[2026-04-29 10:11:59] INFO epoch 18 it 1200/1704 loss 0.0233
[2026-04-29 10:11:59] INFO epoch 18 it 1220/1704 loss 0.0248
[2026-04-29 10:12:00] INFO epoch 18 it 1240/1704 loss 0.0231
[2026-04-29 10:12:00] INFO epoch 18 it 1260/1704 loss 0.0224
[2026-04-29 10:12:00] INFO epoch 18 it 1280/1704 loss 0.0215
[2026-04-29 10:12:00] INFO epoch 18 it 1300/1704 loss 0.0221
[2026-04-29 10:12:01] INFO epoch 18 it 1320/1704 loss 0.0217
[2026-04-29 10:12:01] INFO epoch 18 it 1340/1704 loss 0.0237
[2026-04-29 10:12:01] INFO epoch 18 it 1360/1704 loss 0.0227
[2026-04-29 10:12:01] INFO epoch 18 it 1380/1704 loss 0.0218
[2026-04-29 10:12:02] INFO epoch 18 it 1400/1704 loss 0.0244
[2026-04-29 10:12:02] INFO epoch 18 it 1420/1704 loss 0.0219
[2026-04-29 10:12:02] INFO epoch 18 it 1440/1704 loss 0.0236
[2026-04-29 10:12:03] INFO epoch 18 it 1460/1704 loss 0.0220
[2026-04-29 10:12:03] INFO epoch 18 it 1480/1704 loss 0.0230
[2026-04-29 10:12:03] INFO epoch 18 it 1500/1704 loss 0.0219
[2026-04-29 10:12:03] INFO epoch 18 it 1520/1704 loss 0.0222
[2026-04-29 10:12:04] INFO epoch 18 it 1540/1704 loss 0.0217
[2026-04-29 10:12:04] INFO epoch 18 it 1560/1704 loss 0.0238
[2026-04-29 10:12:04] INFO epoch 18 it 1580/1704 loss 0.0227
[2026-04-29 10:12:04] INFO epoch 18 it 1600/1704 loss 0.0236
[2026-04-29 10:12:05] INFO epoch 18 it 1620/1704 loss 0.0227
[2026-04-29 10:12:05] INFO epoch 18 it 1640/1704 loss 0.0220
[2026-04-29 10:12:05] INFO epoch 18 it 1660/1704 loss 0.0231
[2026-04-29 10:12:06] INFO epoch 18 it 1680/1704 loss 0.0236
[2026-04-29 10:12:06] INFO epoch 18 it 1700/1704 loss 0.0228
[2026-04-29 10:12:07] INFO epoch 18 done in 59.6s lr=9.78e-05
[2026-04-29 10:12:48] INFO epoch 18 val MAE(HU): 26.77
[2026-04-29 10:12:48] INFO new best MAE: 26.77 ¡æ saved best.pth
[2026-04-29 10:13:24] INFO epoch 19 it 20/1704 loss 0.0221
[2026-04-29 10:13:25] INFO epoch 19 it 40/1704 loss 0.0236
[2026-04-29 10:13:25] INFO epoch 19 it 60/1704 loss 0.0222
[2026-04-29 10:13:25] INFO epoch 19 it 80/1704 loss 0.0223
[2026-04-29 10:13:26] INFO epoch 19 it 100/1704 loss 0.0228
[2026-04-29 10:13:26] INFO epoch 19 it 120/1704 loss 0.0217
[2026-04-29 10:13:26] INFO epoch 19 it 140/1704 loss 0.0234
[2026-04-29 10:13:26] INFO epoch 19 it 160/1704 loss 0.0232
[2026-04-29 10:13:27] INFO epoch 19 it 180/1704 loss 0.0242
[2026-04-29 10:13:27] INFO epoch 19 it 200/1704 loss 0.0229
[2026-04-29 10:13:27] INFO epoch 19 it 220/1704 loss 0.0229
[2026-04-29 10:13:27] INFO epoch 19 it 240/1704 loss 0.0220
[2026-04-29 10:13:28] INFO epoch 19 it 260/1704 loss 0.0220
[2026-04-29 10:13:28] INFO epoch 19 it 280/1704 loss 0.0223
[2026-04-29 10:13:28] INFO epoch 19 it 300/1704 loss 0.0223
[2026-04-29 10:13:28] INFO epoch 19 it 320/1704 loss 0.0220
[2026-04-29 10:13:29] INFO epoch 19 it 340/1704 loss 0.0223
[2026-04-29 10:13:29] INFO epoch 19 it 360/1704 loss 0.0228
[2026-04-29 10:13:29] INFO epoch 19 it 380/1704 loss 0.0221
[2026-04-29 10:13:30] INFO epoch 19 it 400/1704 loss 0.0232
[2026-04-29 10:13:30] INFO epoch 19 it 420/1704 loss 0.0231
[2026-04-29 10:13:30] INFO epoch 19 it 440/1704 loss 0.0216
[2026-04-29 10:13:30] INFO epoch 19 it 460/1704 loss 0.0226
[2026-04-29 10:13:31] INFO epoch 19 it 480/1704 loss 0.0218
[2026-04-29 10:13:31] INFO epoch 19 it 500/1704 loss 0.0234
[2026-04-29 10:13:31] INFO epoch 19 it 520/1704 loss 0.0233
[2026-04-29 10:13:32] INFO epoch 19 it 540/1704 loss 0.0219
[2026-04-29 10:13:32] INFO epoch 19 it 560/1704 loss 0.0226
[2026-04-29 10:13:32] INFO epoch 19 it 580/1704 loss 0.0233
[2026-04-29 10:13:32] INFO epoch 19 it 600/1704 loss 0.0231
[2026-04-29 10:13:33] INFO epoch 19 it 620/1704 loss 0.0223
[2026-04-29 10:13:33] INFO epoch 19 it 640/1704 loss 0.0220
[2026-04-29 10:13:33] INFO epoch 19 it 660/1704 loss 0.0224
[2026-04-29 10:13:33] INFO epoch 19 it 680/1704 loss 0.0237
[2026-04-29 10:13:34] INFO epoch 19 it 700/1704 loss 0.0216
[2026-04-29 10:13:34] INFO epoch 19 it 720/1704 loss 0.0229
[2026-04-29 10:13:34] INFO epoch 19 it 740/1704 loss 0.0226
[2026-04-29 10:13:34] INFO epoch 19 it 760/1704 loss 0.0248
[2026-04-29 10:13:35] INFO epoch 19 it 780/1704 loss 0.0224
[2026-04-29 10:13:35] INFO epoch 19 it 800/1704 loss 0.0224
[2026-04-29 10:13:35] INFO epoch 19 it 820/1704 loss 0.0229
[2026-04-29 10:13:36] INFO epoch 19 it 840/1704 loss 0.0218
[2026-04-29 10:13:36] INFO epoch 19 it 860/1704 loss 0.0231
[2026-04-29 10:13:36] INFO epoch 19 it 880/1704 loss 0.0223
[2026-04-29 10:13:36] INFO epoch 19 it 900/1704 loss 0.0221
[2026-04-29 10:13:37] INFO epoch 19 it 920/1704 loss 0.0230
[2026-04-29 10:13:37] INFO epoch 19 it 940/1704 loss 0.0234
[2026-04-29 10:13:37] INFO epoch 19 it 960/1704 loss 0.0221
[2026-04-29 10:13:37] INFO epoch 19 it 980/1704 loss 0.0222
[2026-04-29 10:13:38] INFO epoch 19 it 1000/1704 loss 0.0227
[2026-04-29 10:13:38] INFO epoch 19 it 1020/1704 loss 0.0234
[2026-04-29 10:13:38] INFO epoch 19 it 1040/1704 loss 0.0213
[2026-04-29 10:13:38] INFO epoch 19 it 1060/1704 loss 0.0228
[2026-04-29 10:13:39] INFO epoch 19 it 1080/1704 loss 0.0231
[2026-04-29 10:13:39] INFO epoch 19 it 1100/1704 loss 0.0232
[2026-04-29 10:13:39] INFO epoch 19 it 1120/1704 loss 0.0230
[2026-04-29 10:13:39] INFO epoch 19 it 1140/1704 loss 0.0216
[2026-04-29 10:13:40] INFO epoch 19 it 1160/1704 loss 0.0226
[2026-04-29 10:13:40] INFO epoch 19 it 1180/1704 loss 0.0205
[2026-04-29 10:13:40] INFO epoch 19 it 1200/1704 loss 0.0219
[2026-04-29 10:13:41] INFO epoch 19 it 1220/1704 loss 0.0224
[2026-04-29 10:13:41] INFO epoch 19 it 1240/1704 loss 0.0227
[2026-04-29 10:13:41] INFO epoch 19 it 1260/1704 loss 0.0218
[2026-04-29 10:13:41] INFO epoch 19 it 1280/1704 loss 0.0234
[2026-04-29 10:13:42] INFO epoch 19 it 1300/1704 loss 0.0215
[2026-04-29 10:13:42] INFO epoch 19 it 1320/1704 loss 0.0217
[2026-04-29 10:13:42] INFO epoch 19 it 1340/1704 loss 0.0248
[2026-04-29 10:13:42] INFO epoch 19 it 1360/1704 loss 0.0220
[2026-04-29 10:13:43] INFO epoch 19 it 1380/1704 loss 0.0224
[2026-04-29 10:13:43] INFO epoch 19 it 1400/1704 loss 0.0235
[2026-04-29 10:13:43] INFO epoch 19 it 1420/1704 loss 0.0240
[2026-04-29 10:13:43] INFO epoch 19 it 1440/1704 loss 0.0227
[2026-04-29 10:13:44] INFO epoch 19 it 1460/1704 loss 0.0220
[2026-04-29 10:13:44] INFO epoch 19 it 1480/1704 loss 0.0213
[2026-04-29 10:13:44] INFO epoch 19 it 1500/1704 loss 0.0222
[2026-04-29 10:13:44] INFO epoch 19 it 1520/1704 loss 0.0226
[2026-04-29 10:13:45] INFO epoch 19 it 1540/1704 loss 0.0234
[2026-04-29 10:13:45] INFO epoch 19 it 1560/1704 loss 0.0232
[2026-04-29 10:13:45] INFO epoch 19 it 1580/1704 loss 0.0229
[2026-04-29 10:13:46] INFO epoch 19 it 1600/1704 loss 0.0212
[2026-04-29 10:13:46] INFO epoch 19 it 1620/1704 loss 0.0231
[2026-04-29 10:13:46] INFO epoch 19 it 1640/1704 loss 0.0206
[2026-04-29 10:13:46] INFO epoch 19 it 1660/1704 loss 0.0239
[2026-04-29 10:13:47] INFO epoch 19 it 1680/1704 loss 0.0228
[2026-04-29 10:13:47] INFO epoch 19 it 1700/1704 loss 0.0233
[2026-04-29 10:13:49] INFO epoch 19 done in 60.6s lr=9.76e-05
[2026-04-29 10:14:29] INFO epoch 19 val MAE(HU): 26.81
[2026-04-29 10:15:04] INFO epoch 20 it 20/1704 loss 0.0222
[2026-04-29 10:15:05] INFO epoch 20 it 40/1704 loss 0.0215
[2026-04-29 10:15:05] INFO epoch 20 it 60/1704 loss 0.0212
[2026-04-29 10:15:05] INFO epoch 20 it 80/1704 loss 0.0224
[2026-04-29 10:15:06] INFO epoch 20 it 100/1704 loss 0.0215
[2026-04-29 10:15:06] INFO epoch 20 it 120/1704 loss 0.0231
[2026-04-29 10:15:06] INFO epoch 20 it 140/1704 loss 0.0216
[2026-04-29 10:15:06] INFO epoch 20 it 160/1704 loss 0.0222
[2026-04-29 10:15:07] INFO epoch 20 it 180/1704 loss 0.0233
[2026-04-29 10:15:07] INFO epoch 20 it 200/1704 loss 0.0223
[2026-04-29 10:15:07] INFO epoch 20 it 220/1704 loss 0.0221
[2026-04-29 10:15:07] INFO epoch 20 it 240/1704 loss 0.0220
[2026-04-29 10:15:08] INFO epoch 20 it 260/1704 loss 0.0228
[2026-04-29 10:15:08] INFO epoch 20 it 280/1704 loss 0.0210
[2026-04-29 10:15:08] INFO epoch 20 it 300/1704 loss 0.0225
[2026-04-29 10:15:08] INFO epoch 20 it 320/1704 loss 0.0225
[2026-04-29 10:15:09] INFO epoch 20 it 340/1704 loss 0.0221
[2026-04-29 10:15:09] INFO epoch 20 it 360/1704 loss 0.0223
[2026-04-29 10:15:09] INFO epoch 20 it 380/1704 loss 0.0214
[2026-04-29 10:15:09] INFO epoch 20 it 400/1704 loss 0.0216
[2026-04-29 10:15:10] INFO epoch 20 it 420/1704 loss 0.0211
[2026-04-29 10:15:10] INFO epoch 20 it 440/1704 loss 0.0216
[2026-04-29 10:15:10] INFO epoch 20 it 460/1704 loss 0.0222
[2026-04-29 10:15:11] INFO epoch 20 it 480/1704 loss 0.0224
[2026-04-29 10:15:11] INFO epoch 20 it 500/1704 loss 0.0228
[2026-04-29 10:15:11] INFO epoch 20 it 520/1704 loss 0.0231
[2026-04-29 10:15:11] INFO epoch 20 it 540/1704 loss 0.0227
[2026-04-29 10:15:12] INFO epoch 20 it 560/1704 loss 0.0222
[2026-04-29 10:15:12] INFO epoch 20 it 580/1704 loss 0.0237
[2026-04-29 10:15:12] INFO epoch 20 it 600/1704 loss 0.0231
[2026-04-29 10:15:12] INFO epoch 20 it 620/1704 loss 0.0219
[2026-04-29 10:15:13] INFO epoch 20 it 640/1704 loss 0.0223
[2026-04-29 10:15:13] INFO epoch 20 it 660/1704 loss 0.0226
[2026-04-29 10:15:13] INFO epoch 20 it 680/1704 loss 0.0236
[2026-04-29 10:15:13] INFO epoch 20 it 700/1704 loss 0.0229
[2026-04-29 10:15:14] INFO epoch 20 it 720/1704 loss 0.0205
[2026-04-29 10:15:14] INFO epoch 20 it 740/1704 loss 0.0212
[2026-04-29 10:15:14] INFO epoch 20 it 760/1704 loss 0.0218
[2026-04-29 10:15:14] INFO epoch 20 it 780/1704 loss 0.0219
[2026-04-29 10:15:15] INFO epoch 20 it 800/1704 loss 0.0229
[2026-04-29 10:15:15] INFO epoch 20 it 820/1704 loss 0.0228
[2026-04-29 10:15:15] INFO epoch 20 it 840/1704 loss 0.0223
[2026-04-29 10:15:15] INFO epoch 20 it 860/1704 loss 0.0218
[2026-04-29 10:15:16] INFO epoch 20 it 880/1704 loss 0.0214
[2026-04-29 10:15:16] INFO epoch 20 it 900/1704 loss 0.0226
[2026-04-29 10:15:16] INFO epoch 20 it 920/1704 loss 0.0210
[2026-04-29 10:15:16] INFO epoch 20 it 940/1704 loss 0.0228
[2026-04-29 10:15:17] INFO epoch 20 it 960/1704 loss 0.0215
[2026-04-29 10:15:17] INFO epoch 20 it 980/1704 loss 0.0219
[2026-04-29 10:15:17] INFO epoch 20 it 1000/1704 loss 0.0221
[2026-04-29 10:15:18] INFO epoch 20 it 1020/1704 loss 0.0218
[2026-04-29 10:15:18] INFO epoch 20 it 1040/1704 loss 0.0229
[2026-04-29 10:15:18] INFO epoch 20 it 1060/1704 loss 0.0228
[2026-04-29 10:15:18] INFO epoch 20 it 1080/1704 loss 0.0236
[2026-04-29 10:15:19] INFO epoch 20 it 1100/1704 loss 0.0213
[2026-04-29 10:15:19] INFO epoch 20 it 1120/1704 loss 0.0234
[2026-04-29 10:15:19] INFO epoch 20 it 1140/1704 loss 0.0209
[2026-04-29 10:15:19] INFO epoch 20 it 1160/1704 loss 0.0227
[2026-04-29 10:15:20] INFO epoch 20 it 1180/1704 loss 0.0237
[2026-04-29 10:15:20] INFO epoch 20 it 1200/1704 loss 0.0219
[2026-04-29 10:15:20] INFO epoch 20 it 1220/1704 loss 0.0229
[2026-04-29 10:15:20] INFO epoch 20 it 1240/1704 loss 0.0224
[2026-04-29 10:15:21] INFO epoch 20 it 1260/1704 loss 0.0222
[2026-04-29 10:15:21] INFO epoch 20 it 1280/1704 loss 0.0216
[2026-04-29 10:15:21] INFO epoch 20 it 1300/1704 loss 0.0213
[2026-04-29 10:15:21] INFO epoch 20 it 1320/1704 loss 0.0224
[2026-04-29 10:15:22] INFO epoch 20 it 1340/1704 loss 0.0229
[2026-04-29 10:15:22] INFO epoch 20 it 1360/1704 loss 0.0232
[2026-04-29 10:15:22] INFO epoch 20 it 1380/1704 loss 0.0237
[2026-04-29 10:15:22] INFO epoch 20 it 1400/1704 loss 0.0231
[2026-04-29 10:15:23] INFO epoch 20 it 1420/1704 loss 0.0234
[2026-04-29 10:15:23] INFO epoch 20 it 1440/1704 loss 0.0226
[2026-04-29 10:15:23] INFO epoch 20 it 1460/1704 loss 0.0221
[2026-04-29 10:15:24] INFO epoch 20 it 1480/1704 loss 0.0216
[2026-04-29 10:15:24] INFO epoch 20 it 1500/1704 loss 0.0232
[2026-04-29 10:15:24] INFO epoch 20 it 1520/1704 loss 0.0225
[2026-04-29 10:15:24] INFO epoch 20 it 1540/1704 loss 0.0228
[2026-04-29 10:15:25] INFO epoch 20 it 1560/1704 loss 0.0219
[2026-04-29 10:15:25] INFO epoch 20 it 1580/1704 loss 0.0212
[2026-04-29 10:15:25] INFO epoch 20 it 1600/1704 loss 0.0211
[2026-04-29 10:15:25] INFO epoch 20 it 1620/1704 loss 0.0227
[2026-04-29 10:15:26] INFO epoch 20 it 1640/1704 loss 0.0233
[2026-04-29 10:15:26] INFO epoch 20 it 1660/1704 loss 0.0219
[2026-04-29 10:15:26] INFO epoch 20 it 1680/1704 loss 0.0224
[2026-04-29 10:15:26] INFO epoch 20 it 1700/1704 loss 0.0219
[2026-04-29 10:15:28] INFO epoch 20 done in 59.0s lr=9.73e-05
[2026-04-29 10:16:08] INFO epoch 20 val MAE(HU): 27.03
[2026-04-29 10:16:42] INFO epoch 21 it 20/1704 loss 0.0213
[2026-04-29 10:16:43] INFO epoch 21 it 40/1704 loss 0.0217
[2026-04-29 10:16:43] INFO epoch 21 it 60/1704 loss 0.0229
[2026-04-29 10:16:43] INFO epoch 21 it 80/1704 loss 0.0211
[2026-04-29 10:16:43] INFO epoch 21 it 100/1704 loss 0.0222
[2026-04-29 10:16:44] INFO epoch 21 it 120/1704 loss 0.0235
[2026-04-29 10:16:44] INFO epoch 21 it 140/1704 loss 0.0211
[2026-04-29 10:16:44] INFO epoch 21 it 160/1704 loss 0.0218
[2026-04-29 10:16:44] INFO epoch 21 it 180/1704 loss 0.0217
[2026-04-29 10:16:45] INFO epoch 21 it 200/1704 loss 0.0213
[2026-04-29 10:16:45] INFO epoch 21 it 220/1704 loss 0.0209
[2026-04-29 10:16:45] INFO epoch 21 it 240/1704 loss 0.0231
[2026-04-29 10:16:45] INFO epoch 21 it 260/1704 loss 0.0220
[2026-04-29 10:16:46] INFO epoch 21 it 280/1704 loss 0.0228
[2026-04-29 10:16:46] INFO epoch 21 it 300/1704 loss 0.0210
[2026-04-29 10:16:46] INFO epoch 21 it 320/1704 loss 0.0210
[2026-04-29 10:16:46] INFO epoch 21 it 340/1704 loss 0.0231
[2026-04-29 10:16:47] INFO epoch 21 it 360/1704 loss 0.0222
[2026-04-29 10:16:47] INFO epoch 21 it 380/1704 loss 0.0240
[2026-04-29 10:16:47] INFO epoch 21 it 400/1704 loss 0.0219
[2026-04-29 10:16:48] INFO epoch 21 it 420/1704 loss 0.0208
[2026-04-29 10:16:48] INFO epoch 21 it 440/1704 loss 0.0211
[2026-04-29 10:16:48] INFO epoch 21 it 460/1704 loss 0.0228
[2026-04-29 10:16:48] INFO epoch 21 it 480/1704 loss 0.0227
[2026-04-29 10:16:49] INFO epoch 21 it 500/1704 loss 0.0225
[2026-04-29 10:16:49] INFO epoch 21 it 520/1704 loss 0.0215
[2026-04-29 10:16:49] INFO epoch 21 it 540/1704 loss 0.0224
[2026-04-29 10:16:49] INFO epoch 21 it 560/1704 loss 0.0218
[2026-04-29 10:16:50] INFO epoch 21 it 580/1704 loss 0.0219
[2026-04-29 10:16:50] INFO epoch 21 it 600/1704 loss 0.0218
[2026-04-29 10:16:50] INFO epoch 21 it 620/1704 loss 0.0214
[2026-04-29 10:16:50] INFO epoch 21 it 640/1704 loss 0.0220
[2026-04-29 10:16:51] INFO epoch 21 it 660/1704 loss 0.0214
[2026-04-29 10:16:51] INFO epoch 21 it 680/1704 loss 0.0214
[2026-04-29 10:16:51] INFO epoch 21 it 700/1704 loss 0.0230
[2026-04-29 10:16:51] INFO epoch 21 it 720/1704 loss 0.0214
[2026-04-29 10:16:52] INFO epoch 21 it 740/1704 loss 0.0224
[2026-04-29 10:16:52] INFO epoch 21 it 760/1704 loss 0.0228
[2026-04-29 10:16:52] INFO epoch 21 it 780/1704 loss 0.0229
[2026-04-29 10:16:52] INFO epoch 21 it 800/1704 loss 0.0204
[2026-04-29 10:16:53] INFO epoch 21 it 820/1704 loss 0.0212
[2026-04-29 10:16:53] INFO epoch 21 it 840/1704 loss 0.0215
[2026-04-29 10:16:53] INFO epoch 21 it 860/1704 loss 0.0237
[2026-04-29 10:16:53] INFO epoch 21 it 880/1704 loss 0.0214
[2026-04-29 10:16:54] INFO epoch 21 it 900/1704 loss 0.0222
[2026-04-29 10:16:54] INFO epoch 21 it 920/1704 loss 0.0212
[2026-04-29 10:16:54] INFO epoch 21 it 940/1704 loss 0.0223
[2026-04-29 10:16:54] INFO epoch 21 it 960/1704 loss 0.0230
[2026-04-29 10:16:55] INFO epoch 21 it 980/1704 loss 0.0219
[2026-04-29 10:16:55] INFO epoch 21 it 1000/1704 loss 0.0225
[2026-04-29 10:16:55] INFO epoch 21 it 1020/1704 loss 0.0220
[2026-04-29 10:16:56] INFO epoch 21 it 1040/1704 loss 0.0223
[2026-04-29 10:16:56] INFO epoch 21 it 1060/1704 loss 0.0220
[2026-04-29 10:16:56] INFO epoch 21 it 1080/1704 loss 0.0223
[2026-04-29 10:16:56] INFO epoch 21 it 1100/1704 loss 0.0228
[2026-04-29 10:16:57] INFO epoch 21 it 1120/1704 loss 0.0219
[2026-04-29 10:16:57] INFO epoch 21 it 1140/1704 loss 0.0225
[2026-04-29 10:16:57] INFO epoch 21 it 1160/1704 loss 0.0221
[2026-04-29 10:16:57] INFO epoch 21 it 1180/1704 loss 0.0220
[2026-04-29 10:16:58] INFO epoch 21 it 1200/1704 loss 0.0228
[2026-04-29 10:16:58] INFO epoch 21 it 1220/1704 loss 0.0217
[2026-04-29 10:16:58] INFO epoch 21 it 1240/1704 loss 0.0223
[2026-04-29 10:16:58] INFO epoch 21 it 1260/1704 loss 0.0233
[2026-04-29 10:16:59] INFO epoch 21 it 1280/1704 loss 0.0207
[2026-04-29 10:16:59] INFO epoch 21 it 1300/1704 loss 0.0226
[2026-04-29 10:16:59] INFO epoch 21 it 1320/1704 loss 0.0219
[2026-04-29 10:16:59] INFO epoch 21 it 1340/1704 loss 0.0213
[2026-04-29 10:17:00] INFO epoch 21 it 1360/1704 loss 0.0215
[2026-04-29 10:17:00] INFO epoch 21 it 1380/1704 loss 0.0217
[2026-04-29 10:17:00] INFO epoch 21 it 1400/1704 loss 0.0229
[2026-04-29 10:17:00] INFO epoch 21 it 1420/1704 loss 0.0234
[2026-04-29 10:17:01] INFO epoch 21 it 1440/1704 loss 0.0224
[2026-04-29 10:17:01] INFO epoch 21 it 1460/1704 loss 0.0215
[2026-04-29 10:17:01] INFO epoch 21 it 1480/1704 loss 0.0217
[2026-04-29 10:17:02] INFO epoch 21 it 1500/1704 loss 0.0227
[2026-04-29 10:17:02] INFO epoch 21 it 1520/1704 loss 0.0216
[2026-04-29 10:17:02] INFO epoch 21 it 1540/1704 loss 0.0215
[2026-04-29 10:17:02] INFO epoch 21 it 1560/1704 loss 0.0203
[2026-04-29 10:17:03] INFO epoch 21 it 1580/1704 loss 0.0216
[2026-04-29 10:17:03] INFO epoch 21 it 1600/1704 loss 0.0217
[2026-04-29 10:17:03] INFO epoch 21 it 1620/1704 loss 0.0229
[2026-04-29 10:17:03] INFO epoch 21 it 1640/1704 loss 0.0209
[2026-04-29 10:17:04] INFO epoch 21 it 1660/1704 loss 0.0215
[2026-04-29 10:17:04] INFO epoch 21 it 1680/1704 loss 0.0218
[2026-04-29 10:17:04] INFO epoch 21 it 1700/1704 loss 0.0221
[2026-04-29 10:17:06] INFO epoch 21 done in 57.7s lr=9.70e-05
[2026-04-29 10:17:45] INFO epoch 21 val MAE(HU): 26.89
[2026-04-29 10:18:21] INFO epoch 22 it 20/1704 loss 0.0226
[2026-04-29 10:18:21] INFO epoch 22 it 40/1704 loss 0.0217
[2026-04-29 10:18:21] INFO epoch 22 it 60/1704 loss 0.0218
[2026-04-29 10:18:21] INFO epoch 22 it 80/1704 loss 0.0223
[2026-04-29 10:18:22] INFO epoch 22 it 100/1704 loss 0.0216
[2026-04-29 10:18:22] INFO epoch 22 it 120/1704 loss 0.0222
[2026-04-29 10:18:22] INFO epoch 22 it 140/1704 loss 0.0226
[2026-04-29 10:18:22] INFO epoch 22 it 160/1704 loss 0.0222
[2026-04-29 10:18:23] INFO epoch 22 it 180/1704 loss 0.0216
[2026-04-29 10:18:23] INFO epoch 22 it 200/1704 loss 0.0209
[2026-04-29 10:18:23] INFO epoch 22 it 220/1704 loss 0.0240
[2026-04-29 10:18:24] INFO epoch 22 it 240/1704 loss 0.0215
[2026-04-29 10:18:24] INFO epoch 22 it 260/1704 loss 0.0226
[2026-04-29 10:18:24] INFO epoch 22 it 280/1704 loss 0.0220
[2026-04-29 10:18:24] INFO epoch 22 it 300/1704 loss 0.0218
[2026-04-29 10:18:25] INFO epoch 22 it 320/1704 loss 0.0213
[2026-04-29 10:18:25] INFO epoch 22 it 340/1704 loss 0.0203
[2026-04-29 10:18:25] INFO epoch 22 it 360/1704 loss 0.0215
[2026-04-29 10:18:25] INFO epoch 22 it 380/1704 loss 0.0201
[2026-04-29 10:18:26] INFO epoch 22 it 400/1704 loss 0.0219
[2026-04-29 10:18:26] INFO epoch 22 it 420/1704 loss 0.0215
[2026-04-29 10:18:26] INFO epoch 22 it 440/1704 loss 0.0221
[2026-04-29 10:18:26] INFO epoch 22 it 460/1704 loss 0.0215
[2026-04-29 10:18:27] INFO epoch 22 it 480/1704 loss 0.0215
[2026-04-29 10:18:27] INFO epoch 22 it 500/1704 loss 0.0215
[2026-04-29 10:18:27] INFO epoch 22 it 520/1704 loss 0.0222
[2026-04-29 10:18:27] INFO epoch 22 it 540/1704 loss 0.0216
[2026-04-29 10:18:28] INFO epoch 22 it 560/1704 loss 0.0222
[2026-04-29 10:18:28] INFO epoch 22 it 580/1704 loss 0.0211
[2026-04-29 10:18:28] INFO epoch 22 it 600/1704 loss 0.0212
[2026-04-29 10:18:29] INFO epoch 22 it 620/1704 loss 0.0224
[2026-04-29 10:18:29] INFO epoch 22 it 640/1704 loss 0.0210
[2026-04-29 10:18:29] INFO epoch 22 it 660/1704 loss 0.0218
[2026-04-29 10:18:29] INFO epoch 22 it 680/1704 loss 0.0224
[2026-04-29 10:18:30] INFO epoch 22 it 700/1704 loss 0.0224
[2026-04-29 10:18:30] INFO epoch 22 it 720/1704 loss 0.0222
[2026-04-29 10:18:30] INFO epoch 22 it 740/1704 loss 0.0226
[2026-04-29 10:18:30] INFO epoch 22 it 760/1704 loss 0.0221
[2026-04-29 10:18:31] INFO epoch 22 it 780/1704 loss 0.0204
[2026-04-29 10:18:31] INFO epoch 22 it 800/1704 loss 0.0229
[2026-04-29 10:18:31] INFO epoch 22 it 820/1704 loss 0.0212
[2026-04-29 10:18:31] INFO epoch 22 it 840/1704 loss 0.0229
[2026-04-29 10:18:32] INFO epoch 22 it 860/1704 loss 0.0211
[2026-04-29 10:18:32] INFO epoch 22 it 880/1704 loss 0.0208
[2026-04-29 10:18:32] INFO epoch 22 it 900/1704 loss 0.0209
[2026-04-29 10:18:33] INFO epoch 22 it 920/1704 loss 0.0222
[2026-04-29 10:18:33] INFO epoch 22 it 940/1704 loss 0.0215
[2026-04-29 10:18:33] INFO epoch 22 it 960/1704 loss 0.0216
[2026-04-29 10:18:33] INFO epoch 22 it 980/1704 loss 0.0207
[2026-04-29 10:18:34] INFO epoch 22 it 1000/1704 loss 0.0223
[2026-04-29 10:18:34] INFO epoch 22 it 1020/1704 loss 0.0213
[2026-04-29 10:18:34] INFO epoch 22 it 1040/1704 loss 0.0213
[2026-04-29 10:18:34] INFO epoch 22 it 1060/1704 loss 0.0215
[2026-04-29 10:18:35] INFO epoch 22 it 1080/1704 loss 0.0227
[2026-04-29 10:18:35] INFO epoch 22 it 1100/1704 loss 0.0215
[2026-04-29 10:18:35] INFO epoch 22 it 1120/1704 loss 0.0208
[2026-04-29 10:18:35] INFO epoch 22 it 1140/1704 loss 0.0221
[2026-04-29 10:18:36] INFO epoch 22 it 1160/1704 loss 0.0221
[2026-04-29 10:18:36] INFO epoch 22 it 1180/1704 loss 0.0221
[2026-04-29 10:18:36] INFO epoch 22 it 1200/1704 loss 0.0207
[2026-04-29 10:18:37] INFO epoch 22 it 1220/1704 loss 0.0208
[2026-04-29 10:18:37] INFO epoch 22 it 1240/1704 loss 0.0221
[2026-04-29 10:18:37] INFO epoch 22 it 1260/1704 loss 0.0214
[2026-04-29 10:18:37] INFO epoch 22 it 1280/1704 loss 0.0219
[2026-04-29 10:18:38] INFO epoch 22 it 1300/1704 loss 0.0214
[2026-04-29 10:18:38] INFO epoch 22 it 1320/1704 loss 0.0202
[2026-04-29 10:18:38] INFO epoch 22 it 1340/1704 loss 0.0220
[2026-04-29 10:18:38] INFO epoch 22 it 1360/1704 loss 0.0214
[2026-04-29 10:18:39] INFO epoch 22 it 1380/1704 loss 0.0230
[2026-04-29 10:18:39] INFO epoch 22 it 1400/1704 loss 0.0209
[2026-04-29 10:18:39] INFO epoch 22 it 1420/1704 loss 0.0207
[2026-04-29 10:18:39] INFO epoch 22 it 1440/1704 loss 0.0220
[2026-04-29 10:18:40] INFO epoch 22 it 1460/1704 loss 0.0229
[2026-04-29 10:18:40] INFO epoch 22 it 1480/1704 loss 0.0221
[2026-04-29 10:18:40] INFO epoch 22 it 1500/1704 loss 0.0209
[2026-04-29 10:18:40] INFO epoch 22 it 1520/1704 loss 0.0221
[2026-04-29 10:18:41] INFO epoch 22 it 1540/1704 loss 0.0216
[2026-04-29 10:18:41] INFO epoch 22 it 1560/1704 loss 0.0224
[2026-04-29 10:18:41] INFO epoch 22 it 1580/1704 loss 0.0227
[2026-04-29 10:18:42] INFO epoch 22 it 1600/1704 loss 0.0216
[2026-04-29 10:18:42] INFO epoch 22 it 1620/1704 loss 0.0222
[2026-04-29 10:18:42] INFO epoch 22 it 1640/1704 loss 0.0232
[2026-04-29 10:18:42] INFO epoch 22 it 1660/1704 loss 0.0216
[2026-04-29 10:18:43] INFO epoch 22 it 1680/1704 loss 0.0205
[2026-04-29 10:18:43] INFO epoch 22 it 1700/1704 loss 0.0234
[2026-04-29 10:18:44] INFO epoch 22 done in 58.9s lr=9.68e-05
[2026-04-29 10:19:25] INFO epoch 22 val MAE(HU): 27.03
[2026-04-29 10:20:01] INFO epoch 23 it 20/1704 loss 0.0223
[2026-04-29 10:20:01] INFO epoch 23 it 40/1704 loss 0.0206
[2026-04-29 10:20:01] INFO epoch 23 it 60/1704 loss 0.0220
[2026-04-29 10:20:02] INFO epoch 23 it 80/1704 loss 0.0204
[2026-04-29 10:20:02] INFO epoch 23 it 100/1704 loss 0.0226
[2026-04-29 10:20:02] INFO epoch 23 it 120/1704 loss 0.0215
[2026-04-29 10:20:03] INFO epoch 23 it 140/1704 loss 0.0218
[2026-04-29 10:20:03] INFO epoch 23 it 160/1704 loss 0.0205
[2026-04-29 10:20:03] INFO epoch 23 it 180/1704 loss 0.0207
[2026-04-29 10:20:03] INFO epoch 23 it 200/1704 loss 0.0201
[2026-04-29 10:20:04] INFO epoch 23 it 220/1704 loss 0.0219
[2026-04-29 10:20:04] INFO epoch 23 it 240/1704 loss 0.0216
[2026-04-29 10:20:04] INFO epoch 23 it 260/1704 loss 0.0226
[2026-04-29 10:20:04] INFO epoch 23 it 280/1704 loss 0.0219
[2026-04-29 10:20:05] INFO epoch 23 it 300/1704 loss 0.0214
[2026-04-29 10:20:05] INFO epoch 23 it 320/1704 loss 0.0207
[2026-04-29 10:20:05] INFO epoch 23 it 340/1704 loss 0.0228
[2026-04-29 10:20:05] INFO epoch 23 it 360/1704 loss 0.0217
[2026-04-29 10:20:06] INFO epoch 23 it 380/1704 loss 0.0214
[2026-04-29 10:20:06] INFO epoch 23 it 400/1704 loss 0.0217
[2026-04-29 10:20:06] INFO epoch 23 it 420/1704 loss 0.0216
[2026-04-29 10:20:06] INFO epoch 23 it 440/1704 loss 0.0212
[2026-04-29 10:20:07] INFO epoch 23 it 460/1704 loss 0.0213
[2026-04-29 10:20:07] INFO epoch 23 it 480/1704 loss 0.0221
[2026-04-29 10:20:07] INFO epoch 23 it 500/1704 loss 0.0217
[2026-04-29 10:20:08] INFO epoch 23 it 520/1704 loss 0.0210
[2026-04-29 10:20:08] INFO epoch 23 it 540/1704 loss 0.0212
[2026-04-29 10:20:08] INFO epoch 23 it 560/1704 loss 0.0205
[2026-04-29 10:20:08] INFO epoch 23 it 580/1704 loss 0.0205
[2026-04-29 10:20:09] INFO epoch 23 it 600/1704 loss 0.0223
[2026-04-29 10:20:09] INFO epoch 23 it 620/1704 loss 0.0205
[2026-04-29 10:20:09] INFO epoch 23 it 640/1704 loss 0.0215
[2026-04-29 10:20:09] INFO epoch 23 it 660/1704 loss 0.0198
[2026-04-29 10:20:10] INFO epoch 23 it 680/1704 loss 0.0205
[2026-04-29 10:20:10] INFO epoch 23 it 700/1704 loss 0.0231
[2026-04-29 10:20:10] INFO epoch 23 it 720/1704 loss 0.0232
[2026-04-29 10:20:10] INFO epoch 23 it 740/1704 loss 0.0213
[2026-04-29 10:20:11] INFO epoch 23 it 760/1704 loss 0.0225
[2026-04-29 10:20:11] INFO epoch 23 it 780/1704 loss 0.0215
[2026-04-29 10:20:11] INFO epoch 23 it 800/1704 loss 0.0204
[2026-04-29 10:20:11] INFO epoch 23 it 820/1704 loss 0.0226
[2026-04-29 10:20:12] INFO epoch 23 it 840/1704 loss 0.0218
[2026-04-29 10:20:12] INFO epoch 23 it 860/1704 loss 0.0234
[2026-04-29 10:20:12] INFO epoch 23 it 880/1704 loss 0.0220
[2026-04-29 10:20:12] INFO epoch 23 it 900/1704 loss 0.0203
[2026-04-29 10:20:13] INFO epoch 23 it 920/1704 loss 0.0215
[2026-04-29 10:20:13] INFO epoch 23 it 940/1704 loss 0.0224
[2026-04-29 10:20:13] INFO epoch 23 it 960/1704 loss 0.0220
[2026-04-29 10:20:13] INFO epoch 23 it 980/1704 loss 0.0217
[2026-04-29 10:20:14] INFO epoch 23 it 1000/1704 loss 0.0215
[2026-04-29 10:20:14] INFO epoch 23 it 1020/1704 loss 0.0211
[2026-04-29 10:20:14] INFO epoch 23 it 1040/1704 loss 0.0209
[2026-04-29 10:20:15] INFO epoch 23 it 1060/1704 loss 0.0200
[2026-04-29 10:20:15] INFO epoch 23 it 1080/1704 loss 0.0213
[2026-04-29 10:20:15] INFO epoch 23 it 1100/1704 loss 0.0204
[2026-04-29 10:20:15] INFO epoch 23 it 1120/1704 loss 0.0219
[2026-04-29 10:20:16] INFO epoch 23 it 1140/1704 loss 0.0206
[2026-04-29 10:20:16] INFO epoch 23 it 1160/1704 loss 0.0212
[2026-04-29 10:20:16] INFO epoch 23 it 1180/1704 loss 0.0209
[2026-04-29 10:20:16] INFO epoch 23 it 1200/1704 loss 0.0237
[2026-04-29 10:20:17] INFO epoch 23 it 1220/1704 loss 0.0220
[2026-04-29 10:20:17] INFO epoch 23 it 1240/1704 loss 0.0203
[2026-04-29 10:20:17] INFO epoch 23 it 1260/1704 loss 0.0225
[2026-04-29 10:20:17] INFO epoch 23 it 1280/1704 loss 0.0218
[2026-04-29 10:20:18] INFO epoch 23 it 1300/1704 loss 0.0203
[2026-04-29 10:20:18] INFO epoch 23 it 1320/1704 loss 0.0224
[2026-04-29 10:20:18] INFO epoch 23 it 1340/1704 loss 0.0231
[2026-04-29 10:20:18] INFO epoch 23 it 1360/1704 loss 0.0217
[2026-04-29 10:20:19] INFO epoch 23 it 1380/1704 loss 0.0207
[2026-04-29 10:20:19] INFO epoch 23 it 1400/1704 loss 0.0227
[2026-04-29 10:20:19] INFO epoch 23 it 1420/1704 loss 0.0217
[2026-04-29 10:20:19] INFO epoch 23 it 1440/1704 loss 0.0221
[2026-04-29 10:20:20] INFO epoch 23 it 1460/1704 loss 0.0216
[2026-04-29 10:20:20] INFO epoch 23 it 1480/1704 loss 0.0225
[2026-04-29 10:20:20] INFO epoch 23 it 1500/1704 loss 0.0219
[2026-04-29 10:20:20] INFO epoch 23 it 1520/1704 loss 0.0208
[2026-04-29 10:20:21] INFO epoch 23 it 1540/1704 loss 0.0222
[2026-04-29 10:20:21] INFO epoch 23 it 1560/1704 loss 0.0211
[2026-04-29 10:20:21] INFO epoch 23 it 1580/1704 loss 0.0219
[2026-04-29 10:20:22] INFO epoch 23 it 1600/1704 loss 0.0210
[2026-04-29 10:20:22] INFO epoch 23 it 1620/1704 loss 0.0205
[2026-04-29 10:20:22] INFO epoch 23 it 1640/1704 loss 0.0217
[2026-04-29 10:20:22] INFO epoch 23 it 1660/1704 loss 0.0201
[2026-04-29 10:20:23] INFO epoch 23 it 1680/1704 loss 0.0218
[2026-04-29 10:20:23] INFO epoch 23 it 1700/1704 loss 0.0197
[2026-04-29 10:20:24] INFO epoch 23 done in 59.1s lr=9.65e-05
[2026-04-29 10:21:04] INFO epoch 23 val MAE(HU): 26.92
[2026-04-29 10:21:39] INFO epoch 24 it 20/1704 loss 0.0207
[2026-04-29 10:21:39] INFO epoch 24 it 40/1704 loss 0.0216
[2026-04-29 10:21:40] INFO epoch 24 it 60/1704 loss 0.0219
[2026-04-29 10:21:40] INFO epoch 24 it 80/1704 loss 0.0214
[2026-04-29 10:21:40] INFO epoch 24 it 100/1704 loss 0.0195
[2026-04-29 10:21:40] INFO epoch 24 it 120/1704 loss 0.0213
[2026-04-29 10:21:41] INFO epoch 24 it 140/1704 loss 0.0210
[2026-04-29 10:21:41] INFO epoch 24 it 160/1704 loss 0.0211
[2026-04-29 10:21:41] INFO epoch 24 it 180/1704 loss 0.0214
[2026-04-29 10:21:42] INFO epoch 24 it 200/1704 loss 0.0212
[2026-04-29 10:21:42] INFO epoch 24 it 220/1704 loss 0.0196
[2026-04-29 10:21:42] INFO epoch 24 it 240/1704 loss 0.0214
[2026-04-29 10:21:42] INFO epoch 24 it 260/1704 loss 0.0211
[2026-04-29 10:21:43] INFO epoch 24 it 280/1704 loss 0.0207
[2026-04-29 10:21:43] INFO epoch 24 it 300/1704 loss 0.0211
[2026-04-29 10:21:43] INFO epoch 24 it 320/1704 loss 0.0227
[2026-04-29 10:21:43] INFO epoch 24 it 340/1704 loss 0.0198
[2026-04-29 10:21:44] INFO epoch 24 it 360/1704 loss 0.0217
[2026-04-29 10:21:44] INFO epoch 24 it 380/1704 loss 0.0206
[2026-04-29 10:21:44] INFO epoch 24 it 400/1704 loss 0.0212
[2026-04-29 10:21:45] INFO epoch 24 it 420/1704 loss 0.0211
[2026-04-29 10:21:45] INFO epoch 24 it 440/1704 loss 0.0210
[2026-04-29 10:21:45] INFO epoch 24 it 460/1704 loss 0.0199
[2026-04-29 10:21:45] INFO epoch 24 it 480/1704 loss 0.0228
[2026-04-29 10:21:46] INFO epoch 24 it 500/1704 loss 0.0216
[2026-04-29 10:21:46] INFO epoch 24 it 520/1704 loss 0.0211
[2026-04-29 10:21:46] INFO epoch 24 it 540/1704 loss 0.0224
[2026-04-29 10:21:46] INFO epoch 24 it 560/1704 loss 0.0216
[2026-04-29 10:21:47] INFO epoch 24 it 580/1704 loss 0.0213
[2026-04-29 10:21:47] INFO epoch 24 it 600/1704 loss 0.0205
[2026-04-29 10:21:47] INFO epoch 24 it 620/1704 loss 0.0222
[2026-04-29 10:21:47] INFO epoch 24 it 640/1704 loss 0.0215
[2026-04-29 10:21:48] INFO epoch 24 it 660/1704 loss 0.0214
[2026-04-29 10:21:48] INFO epoch 24 it 680/1704 loss 0.0214
[2026-04-29 10:21:48] INFO epoch 24 it 700/1704 loss 0.0210
[2026-04-29 10:21:49] INFO epoch 24 it 720/1704 loss 0.0208
[2026-04-29 10:21:49] INFO epoch 24 it 740/1704 loss 0.0219
[2026-04-29 10:21:49] INFO epoch 24 it 760/1704 loss 0.0226
[2026-04-29 10:21:49] INFO epoch 24 it 780/1704 loss 0.0212
[2026-04-29 10:21:50] INFO epoch 24 it 800/1704 loss 0.0222
[2026-04-29 10:21:50] INFO epoch 24 it 820/1704 loss 0.0217
[2026-04-29 10:21:50] INFO epoch 24 it 840/1704 loss 0.0199
[2026-04-29 10:21:50] INFO epoch 24 it 860/1704 loss 0.0207
[2026-04-29 10:21:51] INFO epoch 24 it 880/1704 loss 0.0218
[2026-04-29 10:21:51] INFO epoch 24 it 900/1704 loss 0.0216
[2026-04-29 10:21:51] INFO epoch 24 it 920/1704 loss 0.0220
[2026-04-29 10:21:52] INFO epoch 24 it 940/1704 loss 0.0206
[2026-04-29 10:21:52] INFO epoch 24 it 960/1704 loss 0.0222
[2026-04-29 10:21:52] INFO epoch 24 it 980/1704 loss 0.0220
[2026-04-29 10:21:52] INFO epoch 24 it 1000/1704 loss 0.0217
[2026-04-29 10:21:53] INFO epoch 24 it 1020/1704 loss 0.0205
[2026-04-29 10:21:53] INFO epoch 24 it 1040/1704 loss 0.0223
[2026-04-29 10:21:53] INFO epoch 24 it 1060/1704 loss 0.0207
[2026-04-29 10:21:53] INFO epoch 24 it 1080/1704 loss 0.0211
[2026-04-29 10:21:54] INFO epoch 24 it 1100/1704 loss 0.0217
[2026-04-29 10:21:54] INFO epoch 24 it 1120/1704 loss 0.0218
[2026-04-29 10:21:54] INFO epoch 24 it 1140/1704 loss 0.0216
[2026-04-29 10:21:54] INFO epoch 24 it 1160/1704 loss 0.0217
[2026-04-29 10:21:55] INFO epoch 24 it 1180/1704 loss 0.0218
[2026-04-29 10:21:55] INFO epoch 24 it 1200/1704 loss 0.0214
[2026-04-29 10:21:55] INFO epoch 24 it 1220/1704 loss 0.0207
[2026-04-29 10:21:56] INFO epoch 24 it 1240/1704 loss 0.0209
[2026-04-29 10:21:56] INFO epoch 24 it 1260/1704 loss 0.0203
[2026-04-29 10:21:56] INFO epoch 24 it 1280/1704 loss 0.0206
[2026-04-29 10:21:56] INFO epoch 24 it 1300/1704 loss 0.0223
[2026-04-29 10:21:57] INFO epoch 24 it 1320/1704 loss 0.0205
[2026-04-29 10:21:57] INFO epoch 24 it 1340/1704 loss 0.0215
[2026-04-29 10:21:57] INFO epoch 24 it 1360/1704 loss 0.0204
[2026-04-29 10:21:57] INFO epoch 24 it 1380/1704 loss 0.0203
[2026-04-29 10:21:58] INFO epoch 24 it 1400/1704 loss 0.0223
[2026-04-29 10:21:58] INFO epoch 24 it 1420/1704 loss 0.0223
[2026-04-29 10:21:58] INFO epoch 24 it 1440/1704 loss 0.0206
[2026-04-29 10:21:59] INFO epoch 24 it 1460/1704 loss 0.0198
[2026-04-29 10:21:59] INFO epoch 24 it 1480/1704 loss 0.0201
[2026-04-29 10:21:59] INFO epoch 24 it 1500/1704 loss 0.0215
[2026-04-29 10:21:59] INFO epoch 24 it 1520/1704 loss 0.0206
[2026-04-29 10:22:00] INFO epoch 24 it 1540/1704 loss 0.0218
[2026-04-29 10:22:00] INFO epoch 24 it 1560/1704 loss 0.0211
[2026-04-29 10:22:00] INFO epoch 24 it 1580/1704 loss 0.0209
[2026-04-29 10:22:00] INFO epoch 24 it 1600/1704 loss 0.0207
[2026-04-29 10:22:01] INFO epoch 24 it 1620/1704 loss 0.0198
[2026-04-29 10:22:01] INFO epoch 24 it 1640/1704 loss 0.0215
[2026-04-29 10:22:01] INFO epoch 24 it 1660/1704 loss 0.0211
[2026-04-29 10:22:02] INFO epoch 24 it 1680/1704 loss 0.0229
[2026-04-29 10:22:02] INFO epoch 24 it 1700/1704 loss 0.0216
[2026-04-29 10:22:04] INFO epoch 24 done in 59.4s lr=9.62e-05
[2026-04-29 10:22:44] INFO epoch 24 val MAE(HU): 26.99
[2026-04-29 10:23:19] INFO epoch 25 it 20/1704 loss 0.0214
[2026-04-29 10:23:19] INFO epoch 25 it 40/1704 loss 0.0217
[2026-04-29 10:23:19] INFO epoch 25 it 60/1704 loss 0.0208
[2026-04-29 10:23:20] INFO epoch 25 it 80/1704 loss 0.0216
[2026-04-29 10:23:20] INFO epoch 25 it 100/1704 loss 0.0204
[2026-04-29 10:23:20] INFO epoch 25 it 120/1704 loss 0.0206
[2026-04-29 10:23:20] INFO epoch 25 it 140/1704 loss 0.0215
[2026-04-29 10:23:21] INFO epoch 25 it 160/1704 loss 0.0205
[2026-04-29 10:23:21] INFO epoch 25 it 180/1704 loss 0.0214
[2026-04-29 10:23:21] INFO epoch 25 it 200/1704 loss 0.0215
[2026-04-29 10:23:21] INFO epoch 25 it 220/1704 loss 0.0202
[2026-04-29 10:23:22] INFO epoch 25 it 240/1704 loss 0.0216
[2026-04-29 10:23:22] INFO epoch 25 it 260/1704 loss 0.0195
[2026-04-29 10:23:22] INFO epoch 25 it 280/1704 loss 0.0212
[2026-04-29 10:23:22] INFO epoch 25 it 300/1704 loss 0.0207
[2026-04-29 10:23:23] INFO epoch 25 it 320/1704 loss 0.0199
[2026-04-29 10:23:23] INFO epoch 25 it 340/1704 loss 0.0209
[2026-04-29 10:23:23] INFO epoch 25 it 360/1704 loss 0.0209
[2026-04-29 10:23:23] INFO epoch 25 it 380/1704 loss 0.0217
[2026-04-29 10:23:24] INFO epoch 25 it 400/1704 loss 0.0214
[2026-04-29 10:23:24] INFO epoch 25 it 420/1704 loss 0.0199
[2026-04-29 10:23:24] INFO epoch 25 it 440/1704 loss 0.0199
[2026-04-29 10:23:24] INFO epoch 25 it 460/1704 loss 0.0198
[2026-04-29 10:23:25] INFO epoch 25 it 480/1704 loss 0.0215
[2026-04-29 10:23:25] INFO epoch 25 it 500/1704 loss 0.0188
[2026-04-29 10:23:25] INFO epoch 25 it 520/1704 loss 0.0221
[2026-04-29 10:23:25] INFO epoch 25 it 540/1704 loss 0.0199
[2026-04-29 10:23:26] INFO epoch 25 it 560/1704 loss 0.0201
[2026-04-29 10:23:26] INFO epoch 25 it 580/1704 loss 0.0205
[2026-04-29 10:23:27] INFO epoch 25 it 600/1704 loss 0.0208
[2026-04-29 10:23:27] INFO epoch 25 it 620/1704 loss 0.0205
[2026-04-29 10:23:28] INFO epoch 25 it 640/1704 loss 0.0216
[2026-04-29 10:23:28] INFO epoch 25 it 660/1704 loss 0.0223
[2026-04-29 10:23:28] INFO epoch 25 it 680/1704 loss 0.0211
[2026-04-29 10:23:28] INFO epoch 25 it 700/1704 loss 0.0206
[2026-04-29 10:23:29] INFO epoch 25 it 720/1704 loss 0.0207
[2026-04-29 10:23:29] INFO epoch 25 it 740/1704 loss 0.0231
[2026-04-29 10:23:29] INFO epoch 25 it 760/1704 loss 0.0214
[2026-04-29 10:23:30] INFO epoch 25 it 780/1704 loss 0.0212
[2026-04-29 10:23:30] INFO epoch 25 it 800/1704 loss 0.0202
[2026-04-29 10:23:30] INFO epoch 25 it 820/1704 loss 0.0223
[2026-04-29 10:23:30] INFO epoch 25 it 840/1704 loss 0.0199
[2026-04-29 10:23:31] INFO epoch 25 it 860/1704 loss 0.0201
[2026-04-29 10:23:31] INFO epoch 25 it 880/1704 loss 0.0207
[2026-04-29 10:23:31] INFO epoch 25 it 900/1704 loss 0.0213
[2026-04-29 10:23:31] INFO epoch 25 it 920/1704 loss 0.0210
[2026-04-29 10:23:32] INFO epoch 25 it 940/1704 loss 0.0223
[2026-04-29 10:23:32] INFO epoch 25 it 960/1704 loss 0.0209
[2026-04-29 10:23:32] INFO epoch 25 it 980/1704 loss 0.0208
[2026-04-29 10:23:32] INFO epoch 25 it 1000/1704 loss 0.0213
[2026-04-29 10:23:33] INFO epoch 25 it 1020/1704 loss 0.0200
[2026-04-29 10:23:33] INFO epoch 25 it 1040/1704 loss 0.0224
[2026-04-29 10:23:33] INFO epoch 25 it 1060/1704 loss 0.0218
[2026-04-29 10:23:33] INFO epoch 25 it 1080/1704 loss 0.0210
[2026-04-29 10:23:34] INFO epoch 25 it 1100/1704 loss 0.0220
[2026-04-29 10:23:34] INFO epoch 25 it 1120/1704 loss 0.0194
[2026-04-29 10:23:34] INFO epoch 25 it 1140/1704 loss 0.0211
[2026-04-29 10:23:35] INFO epoch 25 it 1160/1704 loss 0.0205
[2026-04-29 10:23:35] INFO epoch 25 it 1180/1704 loss 0.0207
[2026-04-29 10:23:35] INFO epoch 25 it 1200/1704 loss 0.0220
[2026-04-29 10:23:35] INFO epoch 25 it 1220/1704 loss 0.0216
[2026-04-29 10:23:36] INFO epoch 25 it 1240/1704 loss 0.0209
[2026-04-29 10:23:36] INFO epoch 25 it 1260/1704 loss 0.0210
[2026-04-29 10:23:36] INFO epoch 25 it 1280/1704 loss 0.0213
[2026-04-29 10:23:36] INFO epoch 25 it 1300/1704 loss 0.0216
[2026-04-29 10:23:37] INFO epoch 25 it 1320/1704 loss 0.0212
[2026-04-29 10:23:37] INFO epoch 25 it 1340/1704 loss 0.0214
[2026-04-29 10:23:37] INFO epoch 25 it 1360/1704 loss 0.0214
[2026-04-29 10:23:37] INFO epoch 25 it 1380/1704 loss 0.0206
[2026-04-29 10:23:38] INFO epoch 25 it 1400/1704 loss 0.0203
[2026-04-29 10:23:38] INFO epoch 25 it 1420/1704 loss 0.0220
[2026-04-29 10:23:38] INFO epoch 25 it 1440/1704 loss 0.0200
[2026-04-29 10:23:38] INFO epoch 25 it 1460/1704 loss 0.0214
[2026-04-29 10:23:39] INFO epoch 25 it 1480/1704 loss 0.0217
[2026-04-29 10:23:39] INFO epoch 25 it 1500/1704 loss 0.0218
[2026-04-29 10:23:39] INFO epoch 25 it 1520/1704 loss 0.0197
[2026-04-29 10:23:39] INFO epoch 25 it 1540/1704 loss 0.0215
[2026-04-29 10:23:40] INFO epoch 25 it 1560/1704 loss 0.0205
[2026-04-29 10:23:40] INFO epoch 25 it 1580/1704 loss 0.0211
[2026-04-29 10:23:40] INFO epoch 25 it 1600/1704 loss 0.0215
[2026-04-29 10:23:40] INFO epoch 25 it 1620/1704 loss 0.0198
[2026-04-29 10:23:41] INFO epoch 25 it 1640/1704 loss 0.0218
[2026-04-29 10:23:41] INFO epoch 25 it 1660/1704 loss 0.0221
[2026-04-29 10:23:41] INFO epoch 25 it 1680/1704 loss 0.0196
[2026-04-29 10:23:41] INFO epoch 25 it 1700/1704 loss 0.0213
[2026-04-29 10:23:43] INFO epoch 25 done in 59.3s lr=9.59e-05
[2026-04-29 10:24:22] INFO epoch 25 val MAE(HU): 26.85
[2026-04-29 10:24:58] INFO epoch 26 it 20/1704 loss 0.0212
[2026-04-29 10:24:58] INFO epoch 26 it 40/1704 loss 0.0204
[2026-04-29 10:24:58] INFO epoch 26 it 60/1704 loss 0.0215
[2026-04-29 10:24:58] INFO epoch 26 it 80/1704 loss 0.0200
[2026-04-29 10:24:59] INFO epoch 26 it 100/1704 loss 0.0200
[2026-04-29 10:24:59] INFO epoch 26 it 120/1704 loss 0.0214
[2026-04-29 10:24:59] INFO epoch 26 it 140/1704 loss 0.0215
[2026-04-29 10:24:59] INFO epoch 26 it 160/1704 loss 0.0213
[2026-04-29 10:25:00] INFO epoch 26 it 180/1704 loss 0.0210
[2026-04-29 10:25:00] INFO epoch 26 it 200/1704 loss 0.0214
[2026-04-29 10:25:00] INFO epoch 26 it 220/1704 loss 0.0215
[2026-04-29 10:25:01] INFO epoch 26 it 240/1704 loss 0.0211
[2026-04-29 10:25:01] INFO epoch 26 it 260/1704 loss 0.0206
[2026-04-29 10:25:01] INFO epoch 26 it 280/1704 loss 0.0211
[2026-04-29 10:25:01] INFO epoch 26 it 300/1704 loss 0.0218
[2026-04-29 10:25:02] INFO epoch 26 it 320/1704 loss 0.0192
[2026-04-29 10:25:02] INFO epoch 26 it 340/1704 loss 0.0204
[2026-04-29 10:25:02] INFO epoch 26 it 360/1704 loss 0.0204
[2026-04-29 10:25:02] INFO epoch 26 it 380/1704 loss 0.0186
[2026-04-29 10:25:03] INFO epoch 26 it 400/1704 loss 0.0200
[2026-04-29 10:25:03] INFO epoch 26 it 420/1704 loss 0.0221
[2026-04-29 10:25:03] INFO epoch 26 it 440/1704 loss 0.0208
[2026-04-29 10:25:03] INFO epoch 26 it 460/1704 loss 0.0216
[2026-04-29 10:25:04] INFO epoch 26 it 480/1704 loss 0.0204
[2026-04-29 10:25:04] INFO epoch 26 it 500/1704 loss 0.0205
[2026-04-29 10:25:04] INFO epoch 26 it 520/1704 loss 0.0209
[2026-04-29 10:25:04] INFO epoch 26 it 540/1704 loss 0.0198
[2026-04-29 10:25:05] INFO epoch 26 it 560/1704 loss 0.0207
[2026-04-29 10:25:05] INFO epoch 26 it 580/1704 loss 0.0216
[2026-04-29 10:25:05] INFO epoch 26 it 600/1704 loss 0.0208
[2026-04-29 10:25:06] INFO epoch 26 it 620/1704 loss 0.0210
[2026-04-29 10:25:06] INFO epoch 26 it 640/1704 loss 0.0207
[2026-04-29 10:25:06] INFO epoch 26 it 660/1704 loss 0.0196
[2026-04-29 10:25:06] INFO epoch 26 it 680/1704 loss 0.0202
[2026-04-29 10:25:07] INFO epoch 26 it 700/1704 loss 0.0203
[2026-04-29 10:25:07] INFO epoch 26 it 720/1704 loss 0.0219
[2026-04-29 10:25:07] INFO epoch 26 it 740/1704 loss 0.0204
[2026-04-29 10:25:07] INFO epoch 26 it 760/1704 loss 0.0201
[2026-04-29 10:25:08] INFO epoch 26 it 780/1704 loss 0.0212
[2026-04-29 10:25:08] INFO epoch 26 it 800/1704 loss 0.0214
[2026-04-29 10:25:08] INFO epoch 26 it 820/1704 loss 0.0207
[2026-04-29 10:25:08] INFO epoch 26 it 840/1704 loss 0.0209
[2026-04-29 10:25:09] INFO epoch 26 it 860/1704 loss 0.0206
[2026-04-29 10:25:09] INFO epoch 26 it 880/1704 loss 0.0203
[2026-04-29 10:25:09] INFO epoch 26 it 900/1704 loss 0.0208
[2026-04-29 10:25:09] INFO epoch 26 it 920/1704 loss 0.0205
[2026-04-29 10:25:10] INFO epoch 26 it 940/1704 loss 0.0201
[2026-04-29 10:25:10] INFO epoch 26 it 960/1704 loss 0.0208
[2026-04-29 10:25:10] INFO epoch 26 it 980/1704 loss 0.0211
[2026-04-29 10:25:11] INFO epoch 26 it 1000/1704 loss 0.0214
[2026-04-29 10:25:11] INFO epoch 26 it 1020/1704 loss 0.0209
[2026-04-29 10:25:11] INFO epoch 26 it 1040/1704 loss 0.0198
[2026-04-29 10:25:11] INFO epoch 26 it 1060/1704 loss 0.0216
[2026-04-29 10:25:12] INFO epoch 26 it 1080/1704 loss 0.0198
[2026-04-29 10:25:12] INFO epoch 26 it 1100/1704 loss 0.0207
[2026-04-29 10:25:12] INFO epoch 26 it 1120/1704 loss 0.0208
[2026-04-29 10:25:12] INFO epoch 26 it 1140/1704 loss 0.0205
[2026-04-29 10:25:13] INFO epoch 26 it 1160/1704 loss 0.0214
[2026-04-29 10:25:13] INFO epoch 26 it 1180/1704 loss 0.0203
[2026-04-29 10:25:13] INFO epoch 26 it 1200/1704 loss 0.0219
[2026-04-29 10:25:13] INFO epoch 26 it 1220/1704 loss 0.0212
[2026-04-29 10:25:14] INFO epoch 26 it 1240/1704 loss 0.0213
[2026-04-29 10:25:14] INFO epoch 26 it 1260/1704 loss 0.0206
[2026-04-29 10:25:14] INFO epoch 26 it 1280/1704 loss 0.0197
[2026-04-29 10:25:14] INFO epoch 26 it 1300/1704 loss 0.0203
[2026-04-29 10:25:15] INFO epoch 26 it 1320/1704 loss 0.0209
[2026-04-29 10:25:15] INFO epoch 26 it 1340/1704 loss 0.0206
[2026-04-29 10:25:15] INFO epoch 26 it 1360/1704 loss 0.0211
[2026-04-29 10:25:15] INFO epoch 26 it 1380/1704 loss 0.0206
[2026-04-29 10:25:16] INFO epoch 26 it 1400/1704 loss 0.0212
[2026-04-29 10:25:16] INFO epoch 26 it 1420/1704 loss 0.0208
[2026-04-29 10:25:16] INFO epoch 26 it 1440/1704 loss 0.0208
[2026-04-29 10:25:17] INFO epoch 26 it 1460/1704 loss 0.0199
[2026-04-29 10:25:17] INFO epoch 26 it 1480/1704 loss 0.0222
[2026-04-29 10:25:17] INFO epoch 26 it 1500/1704 loss 0.0206
[2026-04-29 10:25:17] INFO epoch 26 it 1520/1704 loss 0.0213
[2026-04-29 10:25:18] INFO epoch 26 it 1540/1704 loss 0.0202
[2026-04-29 10:25:18] INFO epoch 26 it 1560/1704 loss 0.0205
[2026-04-29 10:25:18] INFO epoch 26 it 1580/1704 loss 0.0215
[2026-04-29 10:25:18] INFO epoch 26 it 1600/1704 loss 0.0227
[2026-04-29 10:25:19] INFO epoch 26 it 1620/1704 loss 0.0199
[2026-04-29 10:25:19] INFO epoch 26 it 1640/1704 loss 0.0212
[2026-04-29 10:25:19] INFO epoch 26 it 1660/1704 loss 0.0205
[2026-04-29 10:25:19] INFO epoch 26 it 1680/1704 loss 0.0224
[2026-04-29 10:25:20] INFO epoch 26 it 1700/1704 loss 0.0198
[2026-04-29 10:25:21] INFO epoch 26 done in 59.0s lr=9.56e-05
[2026-04-29 10:26:01] INFO epoch 26 val MAE(HU): 26.83
[2026-04-29 10:26:40] INFO epoch 27 it 20/1704 loss 0.0209
[2026-04-29 10:26:40] INFO epoch 27 it 40/1704 loss 0.0220
[2026-04-29 10:26:40] INFO epoch 27 it 60/1704 loss 0.0199
[2026-04-29 10:26:40] INFO epoch 27 it 80/1704 loss 0.0201
[2026-04-29 10:26:41] INFO epoch 27 it 100/1704 loss 0.0202
[2026-04-29 10:26:41] INFO epoch 27 it 120/1704 loss 0.0195
[2026-04-29 10:26:41] INFO epoch 27 it 140/1704 loss 0.0201
[2026-04-29 10:26:41] INFO epoch 27 it 160/1704 loss 0.0204
[2026-04-29 10:26:42] INFO epoch 27 it 180/1704 loss 0.0215
[2026-04-29 10:26:42] INFO epoch 27 it 200/1704 loss 0.0208
[2026-04-29 10:26:42] INFO epoch 27 it 220/1704 loss 0.0222
[2026-04-29 10:26:42] INFO epoch 27 it 240/1704 loss 0.0206
[2026-04-29 10:26:43] INFO epoch 27 it 260/1704 loss 0.0206
[2026-04-29 10:26:43] INFO epoch 27 it 280/1704 loss 0.0196
[2026-04-29 10:26:43] INFO epoch 27 it 300/1704 loss 0.0211
[2026-04-29 10:26:43] INFO epoch 27 it 320/1704 loss 0.0206
[2026-04-29 10:26:44] INFO epoch 27 it 340/1704 loss 0.0193
[2026-04-29 10:26:44] INFO epoch 27 it 360/1704 loss 0.0191
[2026-04-29 10:26:44] INFO epoch 27 it 380/1704 loss 0.0196
[2026-04-29 10:26:44] INFO epoch 27 it 400/1704 loss 0.0196
[2026-04-29 10:26:45] INFO epoch 27 it 420/1704 loss 0.0211
[2026-04-29 10:26:45] INFO epoch 27 it 440/1704 loss 0.0207
[2026-04-29 10:26:45] INFO epoch 27 it 460/1704 loss 0.0206
[2026-04-29 10:26:45] INFO epoch 27 it 480/1704 loss 0.0215
[2026-04-29 10:26:46] INFO epoch 27 it 500/1704 loss 0.0208
[2026-04-29 10:26:46] INFO epoch 27 it 520/1704 loss 0.0224
[2026-04-29 10:26:46] INFO epoch 27 it 540/1704 loss 0.0200
[2026-04-29 10:26:47] INFO epoch 27 it 560/1704 loss 0.0216
[2026-04-29 10:26:47] INFO epoch 27 it 580/1704 loss 0.0217
[2026-04-29 10:26:47] INFO epoch 27 it 600/1704 loss 0.0210
[2026-04-29 10:26:47] INFO epoch 27 it 620/1704 loss 0.0211
[2026-04-29 10:26:48] INFO epoch 27 it 640/1704 loss 0.0195
[2026-04-29 10:26:48] INFO epoch 27 it 660/1704 loss 0.0211
[2026-04-29 10:26:48] INFO epoch 27 it 680/1704 loss 0.0207
[2026-04-29 10:26:48] INFO epoch 27 it 700/1704 loss 0.0215
[2026-04-29 10:26:49] INFO epoch 27 it 720/1704 loss 0.0212
[2026-04-29 10:26:49] INFO epoch 27 it 740/1704 loss 0.0208
[2026-04-29 10:26:49] INFO epoch 27 it 760/1704 loss 0.0214
[2026-04-29 10:26:49] INFO epoch 27 it 780/1704 loss 0.0203
[2026-04-29 10:26:50] INFO epoch 27 it 800/1704 loss 0.0215
[2026-04-29 10:26:50] INFO epoch 27 it 820/1704 loss 0.0199
[2026-04-29 10:26:50] INFO epoch 27 it 840/1704 loss 0.0204
[2026-04-29 10:26:50] INFO epoch 27 it 860/1704 loss 0.0202
[2026-04-29 10:26:51] INFO epoch 27 it 880/1704 loss 0.0196
[2026-04-29 10:26:51] INFO epoch 27 it 900/1704 loss 0.0196
[2026-04-29 10:26:51] INFO epoch 27 it 920/1704 loss 0.0195
[2026-04-29 10:26:51] INFO epoch 27 it 940/1704 loss 0.0205
[2026-04-29 10:26:52] INFO epoch 27 it 960/1704 loss 0.0215
[2026-04-29 10:26:52] INFO epoch 27 it 980/1704 loss 0.0200
[2026-04-29 10:26:52] INFO epoch 27 it 1000/1704 loss 0.0214
[2026-04-29 10:26:52] INFO epoch 27 it 1020/1704 loss 0.0215
[2026-04-29 10:26:53] INFO epoch 27 it 1040/1704 loss 0.0210
[2026-04-29 10:26:53] INFO epoch 27 it 1060/1704 loss 0.0212
[2026-04-29 10:26:53] INFO epoch 27 it 1080/1704 loss 0.0193
[2026-04-29 10:26:54] INFO epoch 27 it 1100/1704 loss 0.0207
[2026-04-29 10:26:54] INFO epoch 27 it 1120/1704 loss 0.0196
[2026-04-29 10:26:54] INFO epoch 27 it 1140/1704 loss 0.0206
[2026-04-29 10:26:54] INFO epoch 27 it 1160/1704 loss 0.0215
[2026-04-29 10:26:55] INFO epoch 27 it 1180/1704 loss 0.0200
[2026-04-29 10:26:55] INFO epoch 27 it 1200/1704 loss 0.0207
[2026-04-29 10:26:55] INFO epoch 27 it 1220/1704 loss 0.0199
[2026-04-29 10:26:55] INFO epoch 27 it 1240/1704 loss 0.0198
[2026-04-29 10:26:56] INFO epoch 27 it 1260/1704 loss 0.0213
[2026-04-29 10:26:56] INFO epoch 27 it 1280/1704 loss 0.0219
[2026-04-29 10:26:56] INFO epoch 27 it 1300/1704 loss 0.0209
[2026-04-29 10:26:56] INFO epoch 27 it 1320/1704 loss 0.0204
[2026-04-29 10:26:57] INFO epoch 27 it 1340/1704 loss 0.0211
[2026-04-29 10:26:57] INFO epoch 27 it 1360/1704 loss 0.0196
[2026-04-29 10:26:57] INFO epoch 27 it 1380/1704 loss 0.0213
[2026-04-29 10:26:57] INFO epoch 27 it 1400/1704 loss 0.0196
[2026-04-29 10:26:58] INFO epoch 27 it 1420/1704 loss 0.0207
[2026-04-29 10:26:58] INFO epoch 27 it 1440/1704 loss 0.0191
[2026-04-29 10:26:58] INFO epoch 27 it 1460/1704 loss 0.0208
[2026-04-29 10:26:58] INFO epoch 27 it 1480/1704 loss 0.0216
[2026-04-29 10:26:59] INFO epoch 27 it 1500/1704 loss 0.0211
[2026-04-29 10:26:59] INFO epoch 27 it 1520/1704 loss 0.0206
[2026-04-29 10:26:59] INFO epoch 27 it 1540/1704 loss 0.0206
[2026-04-29 10:27:00] INFO epoch 27 it 1560/1704 loss 0.0199
[2026-04-29 10:27:00] INFO epoch 27 it 1580/1704 loss 0.0210
[2026-04-29 10:27:00] INFO epoch 27 it 1600/1704 loss 0.0200
[2026-04-29 10:27:00] INFO epoch 27 it 1620/1704 loss 0.0206
[2026-04-29 10:27:01] INFO epoch 27 it 1640/1704 loss 0.0220
[2026-04-29 10:27:01] INFO epoch 27 it 1660/1704 loss 0.0202
[2026-04-29 10:27:01] INFO epoch 27 it 1680/1704 loss 0.0197
[2026-04-29 10:27:01] INFO epoch 27 it 1700/1704 loss 0.0210
[2026-04-29 10:27:03] INFO epoch 27 done in 61.5s lr=9.52e-05
[2026-04-29 10:27:44] INFO epoch 27 val MAE(HU): 27.19
[2026-04-29 10:28:19] INFO epoch 28 it 20/1704 loss 0.0196
[2026-04-29 10:28:19] INFO epoch 28 it 40/1704 loss 0.0205
[2026-04-29 10:28:20] INFO epoch 28 it 60/1704 loss 0.0197
[2026-04-29 10:28:20] INFO epoch 28 it 80/1704 loss 0.0207
[2026-04-29 10:28:20] INFO epoch 28 it 100/1704 loss 0.0207
[2026-04-29 10:28:20] INFO epoch 28 it 120/1704 loss 0.0208
[2026-04-29 10:28:21] INFO epoch 28 it 140/1704 loss 0.0206
[2026-04-29 10:28:21] INFO epoch 28 it 160/1704 loss 0.0200
[2026-04-29 10:28:21] INFO epoch 28 it 180/1704 loss 0.0200
[2026-04-29 10:28:21] INFO epoch 28 it 200/1704 loss 0.0194
[2026-04-29 10:28:22] INFO epoch 28 it 220/1704 loss 0.0195
[2026-04-29 10:28:22] INFO epoch 28 it 240/1704 loss 0.0210
[2026-04-29 10:28:22] INFO epoch 28 it 260/1704 loss 0.0213
[2026-04-29 10:28:23] INFO epoch 28 it 280/1704 loss 0.0204
[2026-04-29 10:28:23] INFO epoch 28 it 300/1704 loss 0.0198
[2026-04-29 10:28:23] INFO epoch 28 it 320/1704 loss 0.0206
[2026-04-29 10:28:23] INFO epoch 28 it 340/1704 loss 0.0202
[2026-04-29 10:28:24] INFO epoch 28 it 360/1704 loss 0.0202
[2026-04-29 10:28:24] INFO epoch 28 it 380/1704 loss 0.0193
[2026-04-29 10:28:24] INFO epoch 28 it 400/1704 loss 0.0204
[2026-04-29 10:28:24] INFO epoch 28 it 420/1704 loss 0.0204
[2026-04-29 10:28:25] INFO epoch 28 it 440/1704 loss 0.0203
[2026-04-29 10:28:25] INFO epoch 28 it 460/1704 loss 0.0208
[2026-04-29 10:28:25] INFO epoch 28 it 480/1704 loss 0.0199
[2026-04-29 10:28:26] INFO epoch 28 it 500/1704 loss 0.0201
[2026-04-29 10:28:26] INFO epoch 28 it 520/1704 loss 0.0202
[2026-04-29 10:28:26] INFO epoch 28 it 540/1704 loss 0.0198
[2026-04-29 10:28:26] INFO epoch 28 it 560/1704 loss 0.0206
[2026-04-29 10:28:27] INFO epoch 28 it 580/1704 loss 0.0208
[2026-04-29 10:28:27] INFO epoch 28 it 600/1704 loss 0.0211
[2026-04-29 10:28:27] INFO epoch 28 it 620/1704 loss 0.0206
[2026-04-29 10:28:27] INFO epoch 28 it 640/1704 loss 0.0206
[2026-04-29 10:28:28] INFO epoch 28 it 660/1704 loss 0.0207
[2026-04-29 10:28:28] INFO epoch 28 it 680/1704 loss 0.0205
[2026-04-29 10:28:28] INFO epoch 28 it 700/1704 loss 0.0200
[2026-04-29 10:28:29] INFO epoch 28 it 720/1704 loss 0.0194
[2026-04-29 10:28:29] INFO epoch 28 it 740/1704 loss 0.0206
[2026-04-29 10:28:29] INFO epoch 28 it 760/1704 loss 0.0204
[2026-04-29 10:28:29] INFO epoch 28 it 780/1704 loss 0.0195
[2026-04-29 10:28:30] INFO epoch 28 it 800/1704 loss 0.0195
[2026-04-29 10:28:30] INFO epoch 28 it 820/1704 loss 0.0209
[2026-04-29 10:28:30] INFO epoch 28 it 840/1704 loss 0.0204
[2026-04-29 10:28:31] INFO epoch 28 it 860/1704 loss 0.0198
[2026-04-29 10:28:31] INFO epoch 28 it 880/1704 loss 0.0204
[2026-04-29 10:28:31] INFO epoch 28 it 900/1704 loss 0.0192
[2026-04-29 10:28:31] INFO epoch 28 it 920/1704 loss 0.0209
[2026-04-29 10:28:32] INFO epoch 28 it 940/1704 loss 0.0207
[2026-04-29 10:28:32] INFO epoch 28 it 960/1704 loss 0.0207
[2026-04-29 10:28:32] INFO epoch 28 it 980/1704 loss 0.0210
[2026-04-29 10:28:33] INFO epoch 28 it 1000/1704 loss 0.0201
[2026-04-29 10:28:33] INFO epoch 28 it 1020/1704 loss 0.0202
[2026-04-29 10:28:33] INFO epoch 28 it 1040/1704 loss 0.0217
[2026-04-29 10:28:33] INFO epoch 28 it 1060/1704 loss 0.0209
[2026-04-29 10:28:34] INFO epoch 28 it 1080/1704 loss 0.0196
[2026-04-29 10:28:34] INFO epoch 28 it 1100/1704 loss 0.0205
[2026-04-29 10:28:34] INFO epoch 28 it 1120/1704 loss 0.0213
[2026-04-29 10:28:34] INFO epoch 28 it 1140/1704 loss 0.0206
[2026-04-29 10:28:35] INFO epoch 28 it 1160/1704 loss 0.0203
[2026-04-29 10:28:35] INFO epoch 28 it 1180/1704 loss 0.0214
[2026-04-29 10:28:35] INFO epoch 28 it 1200/1704 loss 0.0204
[2026-04-29 10:28:35] INFO epoch 28 it 1220/1704 loss 0.0202
[2026-04-29 10:28:36] INFO epoch 28 it 1240/1704 loss 0.0191
[2026-04-29 10:28:36] INFO epoch 28 it 1260/1704 loss 0.0197
[2026-04-29 10:28:36] INFO epoch 28 it 1280/1704 loss 0.0201
[2026-04-29 10:28:37] INFO epoch 28 it 1300/1704 loss 0.0210
[2026-04-29 10:28:37] INFO epoch 28 it 1320/1704 loss 0.0201
[2026-04-29 10:28:37] INFO epoch 28 it 1340/1704 loss 0.0217
[2026-04-29 10:28:37] INFO epoch 28 it 1360/1704 loss 0.0201
[2026-04-29 10:28:38] INFO epoch 28 it 1380/1704 loss 0.0206
[2026-04-29 10:28:38] INFO epoch 28 it 1400/1704 loss 0.0193
[2026-04-29 10:28:38] INFO epoch 28 it 1420/1704 loss 0.0191
[2026-04-29 10:28:38] INFO epoch 28 it 1440/1704 loss 0.0195
[2026-04-29 10:28:39] INFO epoch 28 it 1460/1704 loss 0.0195
[2026-04-29 10:28:39] INFO epoch 28 it 1480/1704 loss 0.0212
[2026-04-29 10:28:39] INFO epoch 28 it 1500/1704 loss 0.0213
[2026-04-29 10:28:39] INFO epoch 28 it 1520/1704 loss 0.0198
[2026-04-29 10:28:40] INFO epoch 28 it 1540/1704 loss 0.0203
[2026-04-29 10:28:40] INFO epoch 28 it 1560/1704 loss 0.0207
[2026-04-29 10:28:40] INFO epoch 28 it 1580/1704 loss 0.0216
[2026-04-29 10:28:40] INFO epoch 28 it 1600/1704 loss 0.0203
[2026-04-29 10:28:41] INFO epoch 28 it 1620/1704 loss 0.0217
[2026-04-29 10:28:41] INFO epoch 28 it 1640/1704 loss 0.0210
[2026-04-29 10:28:41] INFO epoch 28 it 1660/1704 loss 0.0210
[2026-04-29 10:28:42] INFO epoch 28 it 1680/1704 loss 0.0208
[2026-04-29 10:28:42] INFO epoch 28 it 1700/1704 loss 0.0201
[2026-04-29 10:28:43] INFO epoch 28 done in 59.6s lr=9.49e-05
[2026-04-29 10:29:30] INFO epoch 28 val MAE(HU): 26.70
[2026-04-29 10:29:30] INFO new best MAE: 26.70 ¡æ saved best.pth
[2026-04-29 10:30:09] INFO epoch 29 it 20/1704 loss 0.0198
[2026-04-29 10:30:09] INFO epoch 29 it 40/1704 loss 0.0194
[2026-04-29 10:30:09] INFO epoch 29 it 60/1704 loss 0.0215
[2026-04-29 10:30:10] INFO epoch 29 it 80/1704 loss 0.0201
[2026-04-29 10:30:10] INFO epoch 29 it 100/1704 loss 0.0206
[2026-04-29 10:30:10] INFO epoch 29 it 120/1704 loss 0.0196
[2026-04-29 10:30:10] INFO epoch 29 it 140/1704 loss 0.0205
[2026-04-29 10:30:11] INFO epoch 29 it 160/1704 loss 0.0197
[2026-04-29 10:30:11] INFO epoch 29 it 180/1704 loss 0.0199
[2026-04-29 10:30:11] INFO epoch 29 it 200/1704 loss 0.0204
[2026-04-29 10:30:11] INFO epoch 29 it 220/1704 loss 0.0198
[2026-04-29 10:30:12] INFO epoch 29 it 240/1704 loss 0.0206
[2026-04-29 10:30:12] INFO epoch 29 it 260/1704 loss 0.0193
[2026-04-29 10:30:12] INFO epoch 29 it 280/1704 loss 0.0190
[2026-04-29 10:30:13] INFO epoch 29 it 300/1704 loss 0.0201
[2026-04-29 10:30:13] INFO epoch 29 it 320/1704 loss 0.0199
[2026-04-29 10:30:13] INFO epoch 29 it 340/1704 loss 0.0197
[2026-04-29 10:30:13] INFO epoch 29 it 360/1704 loss 0.0204
[2026-04-29 10:30:14] INFO epoch 29 it 380/1704 loss 0.0197
[2026-04-29 10:30:14] INFO epoch 29 it 400/1704 loss 0.0205
[2026-04-29 10:30:14] INFO epoch 29 it 420/1704 loss 0.0219
[2026-04-29 10:30:14] INFO epoch 29 it 440/1704 loss 0.0204
[2026-04-29 10:30:15] INFO epoch 29 it 460/1704 loss 0.0192
[2026-04-29 10:30:15] INFO epoch 29 it 480/1704 loss 0.0208
[2026-04-29 10:30:15] INFO epoch 29 it 500/1704 loss 0.0208
[2026-04-29 10:30:15] INFO epoch 29 it 520/1704 loss 0.0204
[2026-04-29 10:30:16] INFO epoch 29 it 540/1704 loss 0.0205
[2026-04-29 10:30:16] INFO epoch 29 it 560/1704 loss 0.0199
[2026-04-29 10:30:16] INFO epoch 29 it 580/1704 loss 0.0203
[2026-04-29 10:30:16] INFO epoch 29 it 600/1704 loss 0.0197
[2026-04-29 10:30:17] INFO epoch 29 it 620/1704 loss 0.0213
[2026-04-29 10:30:17] INFO epoch 29 it 640/1704 loss 0.0201
[2026-04-29 10:30:17] INFO epoch 29 it 660/1704 loss 0.0206
[2026-04-29 10:30:17] INFO epoch 29 it 680/1704 loss 0.0216
[2026-04-29 10:30:18] INFO epoch 29 it 700/1704 loss 0.0192
[2026-04-29 10:30:18] INFO epoch 29 it 720/1704 loss 0.0192
[2026-04-29 10:30:18] INFO epoch 29 it 740/1704 loss 0.0198
[2026-04-29 10:30:18] INFO epoch 29 it 760/1704 loss 0.0195
[2026-04-29 10:30:19] INFO epoch 29 it 780/1704 loss 0.0208
[2026-04-29 10:30:19] INFO epoch 29 it 800/1704 loss 0.0211
[2026-04-29 10:30:19] INFO epoch 29 it 820/1704 loss 0.0194
[2026-04-29 10:30:20] INFO epoch 29 it 840/1704 loss 0.0200
[2026-04-29 10:30:20] INFO epoch 29 it 860/1704 loss 0.0193
[2026-04-29 10:30:20] INFO epoch 29 it 880/1704 loss 0.0204
[2026-04-29 10:30:20] INFO epoch 29 it 900/1704 loss 0.0184
[2026-04-29 10:30:21] INFO epoch 29 it 920/1704 loss 0.0192
[2026-04-29 10:30:21] INFO epoch 29 it 940/1704 loss 0.0193
[2026-04-29 10:30:21] INFO epoch 29 it 960/1704 loss 0.0191
[2026-04-29 10:30:21] INFO epoch 29 it 980/1704 loss 0.0192
[2026-04-29 10:30:22] INFO epoch 29 it 1000/1704 loss 0.0197
[2026-04-29 10:30:22] INFO epoch 29 it 1020/1704 loss 0.0202
[2026-04-29 10:30:22] INFO epoch 29 it 1040/1704 loss 0.0206
[2026-04-29 10:30:22] INFO epoch 29 it 1060/1704 loss 0.0196
[2026-04-29 10:30:23] INFO epoch 29 it 1080/1704 loss 0.0204
[2026-04-29 10:30:23] INFO epoch 29 it 1100/1704 loss 0.0201
[2026-04-29 10:30:23] INFO epoch 29 it 1120/1704 loss 0.0210
[2026-04-29 10:30:23] INFO epoch 29 it 1140/1704 loss 0.0190
[2026-04-29 10:30:24] INFO epoch 29 it 1160/1704 loss 0.0198
[2026-04-29 10:30:24] INFO epoch 29 it 1180/1704 loss 0.0200
[2026-04-29 10:30:24] INFO epoch 29 it 1200/1704 loss 0.0202
[2026-04-29 10:30:24] INFO epoch 29 it 1220/1704 loss 0.0194
[2026-04-29 10:30:25] INFO epoch 29 it 1240/1704 loss 0.0212
[2026-04-29 10:30:25] INFO epoch 29 it 1260/1704 loss 0.0205
[2026-04-29 10:30:25] INFO epoch 29 it 1280/1704 loss 0.0205
[2026-04-29 10:30:26] INFO epoch 29 it 1300/1704 loss 0.0210
[2026-04-29 10:30:26] INFO epoch 29 it 1320/1704 loss 0.0212
[2026-04-29 10:30:26] INFO epoch 29 it 1340/1704 loss 0.0203
[2026-04-29 10:30:26] INFO epoch 29 it 1360/1704 loss 0.0199
[2026-04-29 10:30:27] INFO epoch 29 it 1380/1704 loss 0.0212
[2026-04-29 10:30:27] INFO epoch 29 it 1400/1704 loss 0.0197
[2026-04-29 10:30:27] INFO epoch 29 it 1420/1704 loss 0.0200
[2026-04-29 10:30:27] INFO epoch 29 it 1440/1704 loss 0.0198
[2026-04-29 10:30:28] INFO epoch 29 it 1460/1704 loss 0.0196
[2026-04-29 10:30:28] INFO epoch 29 it 1480/1704 loss 0.0215
[2026-04-29 10:30:28] INFO epoch 29 it 1500/1704 loss 0.0199
[2026-04-29 10:30:28] INFO epoch 29 it 1520/1704 loss 0.0201
[2026-04-29 10:30:29] INFO epoch 29 it 1540/1704 loss 0.0189
[2026-04-29 10:30:29] INFO epoch 29 it 1560/1704 loss 0.0215
[2026-04-29 10:30:29] INFO epoch 29 it 1580/1704 loss 0.0203
[2026-04-29 10:30:29] INFO epoch 29 it 1600/1704 loss 0.0188
[2026-04-29 10:30:30] INFO epoch 29 it 1620/1704 loss 0.0211
[2026-04-29 10:30:30] INFO epoch 29 it 1640/1704 loss 0.0212
[2026-04-29 10:30:30] INFO epoch 29 it 1660/1704 loss 0.0197
[2026-04-29 10:30:30] INFO epoch 29 it 1680/1704 loss 0.0202
[2026-04-29 10:30:31] INFO epoch 29 it 1700/1704 loss 0.0192
[2026-04-29 10:30:32] INFO epoch 29 done in 61.7s lr=9.46e-05
[2026-04-29 10:31:12] INFO epoch 29 val MAE(HU): 26.79
[2026-04-29 10:31:47] INFO epoch 30 it 20/1704 loss 0.0200
[2026-04-29 10:31:47] INFO epoch 30 it 40/1704 loss 0.0192
[2026-04-29 10:31:48] INFO epoch 30 it 60/1704 loss 0.0192
[2026-04-29 10:31:48] INFO epoch 30 it 80/1704 loss 0.0196
[2026-04-29 10:31:48] INFO epoch 30 it 100/1704 loss 0.0202
[2026-04-29 10:31:48] INFO epoch 30 it 120/1704 loss 0.0198
[2026-04-29 10:31:49] INFO epoch 30 it 140/1704 loss 0.0197
[2026-04-29 10:31:49] INFO epoch 30 it 160/1704 loss 0.0201
[2026-04-29 10:31:49] INFO epoch 30 it 180/1704 loss 0.0202
[2026-04-29 10:31:50] INFO epoch 30 it 200/1704 loss 0.0193
[2026-04-29 10:31:50] INFO epoch 30 it 220/1704 loss 0.0202
[2026-04-29 10:31:50] INFO epoch 30 it 240/1704 loss 0.0193
[2026-04-29 10:31:50] INFO epoch 30 it 260/1704 loss 0.0208
[2026-04-29 10:31:51] INFO epoch 30 it 280/1704 loss 0.0200
[2026-04-29 10:31:51] INFO epoch 30 it 300/1704 loss 0.0210
[2026-04-29 10:31:51] INFO epoch 30 it 320/1704 loss 0.0200
[2026-04-29 10:31:51] INFO epoch 30 it 340/1704 loss 0.0191
[2026-04-29 10:31:52] INFO epoch 30 it 360/1704 loss 0.0199
[2026-04-29 10:31:52] INFO epoch 30 it 380/1704 loss 0.0203
[2026-04-29 10:31:52] INFO epoch 30 it 400/1704 loss 0.0197
[2026-04-29 10:31:52] INFO epoch 30 it 420/1704 loss 0.0199
[2026-04-29 10:31:53] INFO epoch 30 it 440/1704 loss 0.0202
[2026-04-29 10:31:53] INFO epoch 30 it 460/1704 loss 0.0202
[2026-04-29 10:31:53] INFO epoch 30 it 480/1704 loss 0.0194
[2026-04-29 10:31:54] INFO epoch 30 it 500/1704 loss 0.0210
[2026-04-29 10:31:54] INFO epoch 30 it 520/1704 loss 0.0201
[2026-04-29 10:31:54] INFO epoch 30 it 540/1704 loss 0.0194
[2026-04-29 10:31:54] INFO epoch 30 it 560/1704 loss 0.0195
[2026-04-29 10:31:55] INFO epoch 30 it 580/1704 loss 0.0200
[2026-04-29 10:31:55] INFO epoch 30 it 600/1704 loss 0.0200
[2026-04-29 10:31:55] INFO epoch 30 it 620/1704 loss 0.0197
[2026-04-29 10:31:55] INFO epoch 30 it 640/1704 loss 0.0206
[2026-04-29 10:31:56] INFO epoch 30 it 660/1704 loss 0.0210
[2026-04-29 10:31:56] INFO epoch 30 it 680/1704 loss 0.0177
[2026-04-29 10:31:56] INFO epoch 30 it 700/1704 loss 0.0210
[2026-04-29 10:31:57] INFO epoch 30 it 720/1704 loss 0.0198
[2026-04-29 10:31:57] INFO epoch 30 it 740/1704 loss 0.0202
[2026-04-29 10:31:57] INFO epoch 30 it 760/1704 loss 0.0189
[2026-04-29 10:31:57] INFO epoch 30 it 780/1704 loss 0.0200
[2026-04-29 10:31:58] INFO epoch 30 it 800/1704 loss 0.0194
[2026-04-29 10:31:58] INFO epoch 30 it 820/1704 loss 0.0189
[2026-04-29 10:31:58] INFO epoch 30 it 840/1704 loss 0.0209
[2026-04-29 10:31:58] INFO epoch 30 it 860/1704 loss 0.0196
[2026-04-29 10:31:59] INFO epoch 30 it 880/1704 loss 0.0210
[2026-04-29 10:31:59] INFO epoch 30 it 900/1704 loss 0.0189
[2026-04-29 10:31:59] INFO epoch 30 it 920/1704 loss 0.0194
[2026-04-29 10:31:59] INFO epoch 30 it 940/1704 loss 0.0198
[2026-04-29 10:32:00] INFO epoch 30 it 960/1704 loss 0.0200
[2026-04-29 10:32:00] INFO epoch 30 it 980/1704 loss 0.0205
[2026-04-29 10:32:00] INFO epoch 30 it 1000/1704 loss 0.0199
[2026-04-29 10:32:01] INFO epoch 30 it 1020/1704 loss 0.0196
[2026-04-29 10:32:01] INFO epoch 30 it 1040/1704 loss 0.0192
[2026-04-29 10:32:01] INFO epoch 30 it 1060/1704 loss 0.0205
[2026-04-29 10:32:01] INFO epoch 30 it 1080/1704 loss 0.0196
[2026-04-29 10:32:02] INFO epoch 30 it 1100/1704 loss 0.0210
[2026-04-29 10:32:02] INFO epoch 30 it 1120/1704 loss 0.0198
[2026-04-29 10:32:02] INFO epoch 30 it 1140/1704 loss 0.0197
[2026-04-29 10:32:02] INFO epoch 30 it 1160/1704 loss 0.0192
[2026-04-29 10:32:03] INFO epoch 30 it 1180/1704 loss 0.0207
[2026-04-29 10:32:03] INFO epoch 30 it 1200/1704 loss 0.0223
[2026-04-29 10:32:03] INFO epoch 30 it 1220/1704 loss 0.0199
[2026-04-29 10:32:04] INFO epoch 30 it 1240/1704 loss 0.0205
[2026-04-29 10:32:04] INFO epoch 30 it 1260/1704 loss 0.0191
[2026-04-29 10:32:04] INFO epoch 30 it 1280/1704 loss 0.0199
[2026-04-29 10:32:04] INFO epoch 30 it 1300/1704 loss 0.0193
[2026-04-29 10:32:05] INFO epoch 30 it 1320/1704 loss 0.0192
[2026-04-29 10:32:05] INFO epoch 30 it 1340/1704 loss 0.0206
[2026-04-29 10:32:05] INFO epoch 30 it 1360/1704 loss 0.0204
[2026-04-29 10:32:05] INFO epoch 30 it 1380/1704 loss 0.0205
[2026-04-29 10:32:06] INFO epoch 30 it 1400/1704 loss 0.0199
[2026-04-29 10:32:06] INFO epoch 30 it 1420/1704 loss 0.0192
[2026-04-29 10:32:06] INFO epoch 30 it 1440/1704 loss 0.0198
[2026-04-29 10:32:06] INFO epoch 30 it 1460/1704 loss 0.0201
[2026-04-29 10:32:07] INFO epoch 30 it 1480/1704 loss 0.0218
[2026-04-29 10:32:07] INFO epoch 30 it 1500/1704 loss 0.0189
[2026-04-29 10:32:07] INFO epoch 30 it 1520/1704 loss 0.0193
[2026-04-29 10:32:07] INFO epoch 30 it 1540/1704 loss 0.0200
[2026-04-29 10:32:08] INFO epoch 30 it 1560/1704 loss 0.0200
[2026-04-29 10:32:08] INFO epoch 30 it 1580/1704 loss 0.0206
[2026-04-29 10:32:08] INFO epoch 30 it 1600/1704 loss 0.0197
[2026-04-29 10:32:09] INFO epoch 30 it 1620/1704 loss 0.0209
[2026-04-29 10:32:09] INFO epoch 30 it 1640/1704 loss 0.0198
[2026-04-29 10:32:09] INFO epoch 30 it 1660/1704 loss 0.0190
[2026-04-29 10:32:09] INFO epoch 30 it 1680/1704 loss 0.0199
[2026-04-29 10:32:10] INFO epoch 30 it 1700/1704 loss 0.0189
[2026-04-29 10:32:11] INFO epoch 30 done in 59.1s lr=9.42e-05
[2026-04-29 10:32:51] INFO epoch 30 val MAE(HU): 26.64
[2026-04-29 10:32:51] INFO new best MAE: 26.64 ¡æ saved best.pth
[2026-04-29 10:33:26] INFO epoch 31 it 20/1704 loss 0.0193
[2026-04-29 10:33:26] INFO epoch 31 it 40/1704 loss 0.0201
[2026-04-29 10:33:26] INFO epoch 31 it 60/1704 loss 0.0195
[2026-04-29 10:33:26] INFO epoch 31 it 80/1704 loss 0.0187
[2026-04-29 10:33:27] INFO epoch 31 it 100/1704 loss 0.0195
[2026-04-29 10:33:27] INFO epoch 31 it 120/1704 loss 0.0195
[2026-04-29 10:33:27] INFO epoch 31 it 140/1704 loss 0.0197
[2026-04-29 10:33:27] INFO epoch 31 it 160/1704 loss 0.0210
[2026-04-29 10:33:28] INFO epoch 31 it 180/1704 loss 0.0199
[2026-04-29 10:33:28] INFO epoch 31 it 200/1704 loss 0.0196
[2026-04-29 10:33:28] INFO epoch 31 it 220/1704 loss 0.0201
[2026-04-29 10:33:28] INFO epoch 31 it 240/1704 loss 0.0195
[2026-04-29 10:33:29] INFO epoch 31 it 260/1704 loss 0.0198
[2026-04-29 10:33:29] INFO epoch 31 it 280/1704 loss 0.0209
[2026-04-29 10:33:29] INFO epoch 31 it 300/1704 loss 0.0190
[2026-04-29 10:33:29] INFO epoch 31 it 320/1704 loss 0.0191
[2026-04-29 10:33:30] INFO epoch 31 it 340/1704 loss 0.0199
[2026-04-29 10:33:30] INFO epoch 31 it 360/1704 loss 0.0186
[2026-04-29 10:33:30] INFO epoch 31 it 380/1704 loss 0.0197
[2026-04-29 10:33:30] INFO epoch 31 it 400/1704 loss 0.0214
[2026-04-29 10:33:31] INFO epoch 31 it 420/1704 loss 0.0187
[2026-04-29 10:33:31] INFO epoch 31 it 440/1704 loss 0.0201
[2026-04-29 10:33:31] INFO epoch 31 it 460/1704 loss 0.0203
[2026-04-29 10:33:31] INFO epoch 31 it 480/1704 loss 0.0200
[2026-04-29 10:33:32] INFO epoch 31 it 500/1704 loss 0.0215
[2026-04-29 10:33:32] INFO epoch 31 it 520/1704 loss 0.0196
[2026-04-29 10:33:32] INFO epoch 31 it 540/1704 loss 0.0190
[2026-04-29 10:33:33] INFO epoch 31 it 560/1704 loss 0.0203
[2026-04-29 10:33:33] INFO epoch 31 it 580/1704 loss 0.0187
[2026-04-29 10:33:33] INFO epoch 31 it 600/1704 loss 0.0208
[2026-04-29 10:33:33] INFO epoch 31 it 620/1704 loss 0.0193
[2026-04-29 10:33:34] INFO epoch 31 it 640/1704 loss 0.0193
[2026-04-29 10:33:34] INFO epoch 31 it 660/1704 loss 0.0200
[2026-04-29 10:33:34] INFO epoch 31 it 680/1704 loss 0.0214
[2026-04-29 10:33:34] INFO epoch 31 it 700/1704 loss 0.0193
[2026-04-29 10:33:35] INFO epoch 31 it 720/1704 loss 0.0191
[2026-04-29 10:33:35] INFO epoch 31 it 740/1704 loss 0.0206
[2026-04-29 10:33:35] INFO epoch 31 it 760/1704 loss 0.0199
[2026-04-29 10:33:35] INFO epoch 31 it 780/1704 loss 0.0198
[2026-04-29 10:33:36] INFO epoch 31 it 800/1704 loss 0.0194
[2026-04-29 10:33:36] INFO epoch 31 it 820/1704 loss 0.0182
[2026-04-29 10:33:36] INFO epoch 31 it 840/1704 loss 0.0194
[2026-04-29 10:33:36] INFO epoch 31 it 860/1704 loss 0.0206
[2026-04-29 10:33:37] INFO epoch 31 it 880/1704 loss 0.0201
[2026-04-29 10:33:37] INFO epoch 31 it 900/1704 loss 0.0196
[2026-04-29 10:33:37] INFO epoch 31 it 920/1704 loss 0.0203
[2026-04-29 10:33:37] INFO epoch 31 it 940/1704 loss 0.0198
[2026-04-29 10:33:38] INFO epoch 31 it 960/1704 loss 0.0211
[2026-04-29 10:33:38] INFO epoch 31 it 980/1704 loss 0.0200
[2026-04-29 10:33:38] INFO epoch 31 it 1000/1704 loss 0.0207
[2026-04-29 10:33:38] INFO epoch 31 it 1020/1704 loss 0.0209
[2026-04-29 10:33:39] INFO epoch 31 it 1040/1704 loss 0.0207
[2026-04-29 10:33:39] INFO epoch 31 it 1060/1704 loss 0.0187
[2026-04-29 10:33:39] INFO epoch 31 it 1080/1704 loss 0.0199
[2026-04-29 10:33:40] INFO epoch 31 it 1100/1704 loss 0.0190
[2026-04-29 10:33:40] INFO epoch 31 it 1120/1704 loss 0.0190
[2026-04-29 10:33:40] INFO epoch 31 it 1140/1704 loss 0.0191
[2026-04-29 10:33:40] INFO epoch 31 it 1160/1704 loss 0.0198
[2026-04-29 10:33:41] INFO epoch 31 it 1180/1704 loss 0.0205
[2026-04-29 10:33:41] INFO epoch 31 it 1200/1704 loss 0.0207
[2026-04-29 10:33:41] INFO epoch 31 it 1220/1704 loss 0.0204
[2026-04-29 10:33:41] INFO epoch 31 it 1240/1704 loss 0.0202
[2026-04-29 10:33:42] INFO epoch 31 it 1260/1704 loss 0.0196
[2026-04-29 10:33:42] INFO epoch 31 it 1280/1704 loss 0.0192
[2026-04-29 10:33:42] INFO epoch 31 it 1300/1704 loss 0.0195
[2026-04-29 10:33:42] INFO epoch 31 it 1320/1704 loss 0.0210
[2026-04-29 10:33:43] INFO epoch 31 it 1340/1704 loss 0.0195
[2026-04-29 10:33:43] INFO epoch 31 it 1360/1704 loss 0.0188
[2026-04-29 10:33:43] INFO epoch 31 it 1380/1704 loss 0.0173
[2026-04-29 10:33:43] INFO epoch 31 it 1400/1704 loss 0.0202
[2026-04-29 10:33:44] INFO epoch 31 it 1420/1704 loss 0.0202
[2026-04-29 10:33:44] INFO epoch 31 it 1440/1704 loss 0.0183
[2026-04-29 10:33:44] INFO epoch 31 it 1460/1704 loss 0.0208
[2026-04-29 10:33:44] INFO epoch 31 it 1480/1704 loss 0.0204
[2026-04-29 10:33:45] INFO epoch 31 it 1500/1704 loss 0.0175
[2026-04-29 10:33:45] INFO epoch 31 it 1520/1704 loss 0.0196
[2026-04-29 10:33:45] INFO epoch 31 it 1540/1704 loss 0.0209
[2026-04-29 10:33:45] INFO epoch 31 it 1560/1704 loss 0.0205
[2026-04-29 10:33:46] INFO epoch 31 it 1580/1704 loss 0.0197
[2026-04-29 10:33:46] INFO epoch 31 it 1600/1704 loss 0.0193
[2026-04-29 10:33:46] INFO epoch 31 it 1620/1704 loss 0.0201
[2026-04-29 10:33:47] INFO epoch 31 it 1640/1704 loss 0.0191
[2026-04-29 10:33:47] INFO epoch 31 it 1660/1704 loss 0.0191
[2026-04-29 10:33:47] INFO epoch 31 it 1680/1704 loss 0.0210
[2026-04-29 10:33:47] INFO epoch 31 it 1700/1704 loss 0.0200
[2026-04-29 10:33:49] INFO epoch 31 done in 57.9s lr=9.38e-05
[2026-04-29 10:34:28] INFO epoch 31 val MAE(HU): 26.81
[2026-04-29 10:35:04] INFO epoch 32 it 20/1704 loss 0.0189
[2026-04-29 10:35:04] INFO epoch 32 it 40/1704 loss 0.0204
[2026-04-29 10:35:04] INFO epoch 32 it 60/1704 loss 0.0205
[2026-04-29 10:35:04] INFO epoch 32 it 80/1704 loss 0.0192
[2026-04-29 10:35:05] INFO epoch 32 it 100/1704 loss 0.0194
[2026-04-29 10:35:05] INFO epoch 32 it 120/1704 loss 0.0196
[2026-04-29 10:35:05] INFO epoch 32 it 140/1704 loss 0.0190
[2026-04-29 10:35:05] INFO epoch 32 it 160/1704 loss 0.0195
[2026-04-29 10:35:06] INFO epoch 32 it 180/1704 loss 0.0191
[2026-04-29 10:35:06] INFO epoch 32 it 200/1704 loss 0.0190
[2026-04-29 10:35:06] INFO epoch 32 it 220/1704 loss 0.0211
[2026-04-29 10:35:06] INFO epoch 32 it 240/1704 loss 0.0190
[2026-04-29 10:35:07] INFO epoch 32 it 260/1704 loss 0.0187
[2026-04-29 10:35:07] INFO epoch 32 it 280/1704 loss 0.0202
[2026-04-29 10:35:07] INFO epoch 32 it 300/1704 loss 0.0199
[2026-04-29 10:35:07] INFO epoch 32 it 320/1704 loss 0.0196
[2026-04-29 10:35:08] INFO epoch 32 it 340/1704 loss 0.0197
[2026-04-29 10:35:08] INFO epoch 32 it 360/1704 loss 0.0212
[2026-04-29 10:35:08] INFO epoch 32 it 380/1704 loss 0.0191
[2026-04-29 10:35:09] INFO epoch 32 it 400/1704 loss 0.0201
[2026-04-29 10:35:09] INFO epoch 32 it 420/1704 loss 0.0192
[2026-04-29 10:35:09] INFO epoch 32 it 440/1704 loss 0.0181
[2026-04-29 10:35:09] INFO epoch 32 it 460/1704 loss 0.0194
[2026-04-29 10:35:10] INFO epoch 32 it 480/1704 loss 0.0185
[2026-04-29 10:35:10] INFO epoch 32 it 500/1704 loss 0.0203
[2026-04-29 10:35:10] INFO epoch 32 it 520/1704 loss 0.0196
[2026-04-29 10:35:10] INFO epoch 32 it 540/1704 loss 0.0206
[2026-04-29 10:35:11] INFO epoch 32 it 560/1704 loss 0.0195
[2026-04-29 10:35:11] INFO epoch 32 it 580/1704 loss 0.0197
[2026-04-29 10:35:11] INFO epoch 32 it 600/1704 loss 0.0195
[2026-04-29 10:35:11] INFO epoch 32 it 620/1704 loss 0.0208
[2026-04-29 10:35:12] INFO epoch 32 it 640/1704 loss 0.0205
[2026-04-29 10:35:12] INFO epoch 32 it 660/1704 loss 0.0195
[2026-04-29 10:35:12] INFO epoch 32 it 680/1704 loss 0.0191
[2026-04-29 10:35:12] INFO epoch 32 it 700/1704 loss 0.0196
[2026-04-29 10:35:13] INFO epoch 32 it 720/1704 loss 0.0203
[2026-04-29 10:35:13] INFO epoch 32 it 740/1704 loss 0.0184
[2026-04-29 10:35:13] INFO epoch 32 it 760/1704 loss 0.0196
[2026-04-29 10:35:13] INFO epoch 32 it 780/1704 loss 0.0188
[2026-04-29 10:35:14] INFO epoch 32 it 800/1704 loss 0.0183
[2026-04-29 10:35:14] INFO epoch 32 it 820/1704 loss 0.0201
[2026-04-29 10:35:14] INFO epoch 32 it 840/1704 loss 0.0197
[2026-04-29 10:35:15] INFO epoch 32 it 860/1704 loss 0.0206
[2026-04-29 10:35:15] INFO epoch 32 it 880/1704 loss 0.0205
[2026-04-29 10:35:15] INFO epoch 32 it 900/1704 loss 0.0204
[2026-04-29 10:35:15] INFO epoch 32 it 920/1704 loss 0.0198
[2026-04-29 10:35:16] INFO epoch 32 it 940/1704 loss 0.0199
[2026-04-29 10:35:16] INFO epoch 32 it 960/1704 loss 0.0191
[2026-04-29 10:35:16] INFO epoch 32 it 980/1704 loss 0.0203
[2026-04-29 10:35:16] INFO epoch 32 it 1000/1704 loss 0.0204
[2026-04-29 10:35:17] INFO epoch 32 it 1020/1704 loss 0.0199
[2026-04-29 10:35:17] INFO epoch 32 it 1040/1704 loss 0.0188
[2026-04-29 10:35:17] INFO epoch 32 it 1060/1704 loss 0.0205
[2026-04-29 10:35:17] INFO epoch 32 it 1080/1704 loss 0.0199
[2026-04-29 10:35:18] INFO epoch 32 it 1100/1704 loss 0.0197
[2026-04-29 10:35:18] INFO epoch 32 it 1120/1704 loss 0.0188
[2026-04-29 10:35:18] INFO epoch 32 it 1140/1704 loss 0.0202
[2026-04-29 10:35:18] INFO epoch 32 it 1160/1704 loss 0.0184
[2026-04-29 10:35:19] INFO epoch 32 it 1180/1704 loss 0.0189
[2026-04-29 10:35:19] INFO epoch 32 it 1200/1704 loss 0.0202
[2026-04-29 10:35:19] INFO epoch 32 it 1220/1704 loss 0.0198
[2026-04-29 10:35:20] INFO epoch 32 it 1240/1704 loss 0.0189
[2026-04-29 10:35:20] INFO epoch 32 it 1260/1704 loss 0.0200
[2026-04-29 10:35:20] INFO epoch 32 it 1280/1704 loss 0.0197
[2026-04-29 10:35:20] INFO epoch 32 it 1300/1704 loss 0.0193
[2026-04-29 10:35:21] INFO epoch 32 it 1320/1704 loss 0.0193
[2026-04-29 10:35:21] INFO epoch 32 it 1340/1704 loss 0.0204
[2026-04-29 10:35:21] INFO epoch 32 it 1360/1704 loss 0.0203
[2026-04-29 10:35:21] INFO epoch 32 it 1380/1704 loss 0.0204
[2026-04-29 10:35:22] INFO epoch 32 it 1400/1704 loss 0.0198
[2026-04-29 10:35:22] INFO epoch 32 it 1420/1704 loss 0.0198
[2026-04-29 10:35:22] INFO epoch 32 it 1440/1704 loss 0.0198
[2026-04-29 10:35:22] INFO epoch 32 it 1460/1704 loss 0.0197
[2026-04-29 10:35:23] INFO epoch 32 it 1480/1704 loss 0.0184
[2026-04-29 10:35:23] INFO epoch 32 it 1500/1704 loss 0.0182
[2026-04-29 10:35:23] INFO epoch 32 it 1520/1704 loss 0.0202
[2026-04-29 10:35:23] INFO epoch 32 it 1540/1704 loss 0.0193
[2026-04-29 10:35:24] INFO epoch 32 it 1560/1704 loss 0.0191
[2026-04-29 10:35:24] INFO epoch 32 it 1580/1704 loss 0.0202
[2026-04-29 10:35:24] INFO epoch 32 it 1600/1704 loss 0.0196
[2026-04-29 10:35:25] INFO epoch 32 it 1620/1704 loss 0.0189
[2026-04-29 10:35:25] INFO epoch 32 it 1640/1704 loss 0.0182
[2026-04-29 10:35:25] INFO epoch 32 it 1660/1704 loss 0.0196
[2026-04-29 10:35:25] INFO epoch 32 it 1680/1704 loss 0.0197
[2026-04-29 10:35:26] INFO epoch 32 it 1700/1704 loss 0.0210
[2026-04-29 10:35:27] INFO epoch 32 done in 58.8s lr=9.34e-05
[2026-04-29 10:36:07] INFO epoch 32 val MAE(HU): 26.76
[2026-04-29 10:36:45] INFO epoch 33 it 20/1704 loss 0.0210
[2026-04-29 10:36:45] INFO epoch 33 it 40/1704 loss 0.0202
[2026-04-29 10:36:45] INFO epoch 33 it 60/1704 loss 0.0202
[2026-04-29 10:36:45] INFO epoch 33 it 80/1704 loss 0.0192
[2026-04-29 10:36:46] INFO epoch 33 it 100/1704 loss 0.0187
[2026-04-29 10:36:46] INFO epoch 33 it 120/1704 loss 0.0193
[2026-04-29 10:36:46] INFO epoch 33 it 140/1704 loss 0.0187
[2026-04-29 10:36:46] INFO epoch 33 it 160/1704 loss 0.0189
[2026-04-29 10:36:47] INFO epoch 33 it 180/1704 loss 0.0198
[2026-04-29 10:36:47] INFO epoch 33 it 200/1704 loss 0.0199
[2026-04-29 10:36:47] INFO epoch 33 it 220/1704 loss 0.0186
[2026-04-29 10:36:47] INFO epoch 33 it 240/1704 loss 0.0193
[2026-04-29 10:36:48] INFO epoch 33 it 260/1704 loss 0.0189
[2026-04-29 10:36:48] INFO epoch 33 it 280/1704 loss 0.0196
[2026-04-29 10:36:48] INFO epoch 33 it 300/1704 loss 0.0207
[2026-04-29 10:36:49] INFO epoch 33 it 320/1704 loss 0.0190
[2026-04-29 10:36:49] INFO epoch 33 it 340/1704 loss 0.0195
[2026-04-29 10:36:49] INFO epoch 33 it 360/1704 loss 0.0203
[2026-04-29 10:36:49] INFO epoch 33 it 380/1704 loss 0.0192
[2026-04-29 10:36:50] INFO epoch 33 it 400/1704 loss 0.0189
[2026-04-29 10:36:50] INFO epoch 33 it 420/1704 loss 0.0183
[2026-04-29 10:36:50] INFO epoch 33 it 440/1704 loss 0.0197
[2026-04-29 10:36:50] INFO epoch 33 it 460/1704 loss 0.0196
[2026-04-29 10:36:51] INFO epoch 33 it 480/1704 loss 0.0200
[2026-04-29 10:36:51] INFO epoch 33 it 500/1704 loss 0.0188
[2026-04-29 10:36:51] INFO epoch 33 it 520/1704 loss 0.0201
[2026-04-29 10:36:51] INFO epoch 33 it 540/1704 loss 0.0194
[2026-04-29 10:36:52] INFO epoch 33 it 560/1704 loss 0.0195
[2026-04-29 10:36:52] INFO epoch 33 it 580/1704 loss 0.0203
[2026-04-29 10:36:52] INFO epoch 33 it 600/1704 loss 0.0195
[2026-04-29 10:36:52] INFO epoch 33 it 620/1704 loss 0.0201
[2026-04-29 10:36:53] INFO epoch 33 it 640/1704 loss 0.0179
[2026-04-29 10:36:53] INFO epoch 33 it 660/1704 loss 0.0192
[2026-04-29 10:36:53] INFO epoch 33 it 680/1704 loss 0.0204
[2026-04-29 10:36:53] INFO epoch 33 it 700/1704 loss 0.0195
[2026-04-29 10:36:54] INFO epoch 33 it 720/1704 loss 0.0196
[2026-04-29 10:36:54] INFO epoch 33 it 740/1704 loss 0.0193
[2026-04-29 10:36:54] INFO epoch 33 it 760/1704 loss 0.0186
[2026-04-29 10:36:54] INFO epoch 33 it 780/1704 loss 0.0195
[2026-04-29 10:36:55] INFO epoch 33 it 800/1704 loss 0.0194
[2026-04-29 10:36:55] INFO epoch 33 it 820/1704 loss 0.0192
[2026-04-29 10:36:55] INFO epoch 33 it 840/1704 loss 0.0194
[2026-04-29 10:36:56] INFO epoch 33 it 860/1704 loss 0.0197
[2026-04-29 10:36:56] INFO epoch 33 it 880/1704 loss 0.0199
[2026-04-29 10:36:56] INFO epoch 33 it 900/1704 loss 0.0192
[2026-04-29 10:36:56] INFO epoch 33 it 920/1704 loss 0.0183
[2026-04-29 10:36:57] INFO epoch 33 it 940/1704 loss 0.0196
[2026-04-29 10:36:57] INFO epoch 33 it 960/1704 loss 0.0197
[2026-04-29 10:36:57] INFO epoch 33 it 980/1704 loss 0.0194
[2026-04-29 10:36:57] INFO epoch 33 it 1000/1704 loss 0.0206
[2026-04-29 10:36:58] INFO epoch 33 it 1020/1704 loss 0.0201
[2026-04-29 10:36:58] INFO epoch 33 it 1040/1704 loss 0.0196
[2026-04-29 10:36:58] INFO epoch 33 it 1060/1704 loss 0.0191
[2026-04-29 10:36:58] INFO epoch 33 it 1080/1704 loss 0.0200
[2026-04-29 10:36:59] INFO epoch 33 it 1100/1704 loss 0.0188
[2026-04-29 10:36:59] INFO epoch 33 it 1120/1704 loss 0.0196
[2026-04-29 10:36:59] INFO epoch 33 it 1140/1704 loss 0.0197
[2026-04-29 10:36:59] INFO epoch 33 it 1160/1704 loss 0.0198
[2026-04-29 10:37:00] INFO epoch 33 it 1180/1704 loss 0.0191
[2026-04-29 10:37:00] INFO epoch 33 it 1200/1704 loss 0.0186
[2026-04-29 10:37:00] INFO epoch 33 it 1220/1704 loss 0.0189
[2026-04-29 10:37:01] INFO epoch 33 it 1240/1704 loss 0.0200
[2026-04-29 10:37:01] INFO epoch 33 it 1260/1704 loss 0.0195
[2026-04-29 10:37:01] INFO epoch 33 it 1280/1704 loss 0.0194
[2026-04-29 10:37:01] INFO epoch 33 it 1300/1704 loss 0.0196
[2026-04-29 10:37:02] INFO epoch 33 it 1320/1704 loss 0.0188
[2026-04-29 10:37:02] INFO epoch 33 it 1340/1704 loss 0.0186
[2026-04-29 10:37:02] INFO epoch 33 it 1360/1704 loss 0.0193
[2026-04-29 10:37:02] INFO epoch 33 it 1380/1704 loss 0.0191
[2026-04-29 10:37:03] INFO epoch 33 it 1400/1704 loss 0.0188
[2026-04-29 10:37:03] INFO epoch 33 it 1420/1704 loss 0.0187
[2026-04-29 10:37:03] INFO epoch 33 it 1440/1704 loss 0.0200
[2026-04-29 10:37:03] INFO epoch 33 it 1460/1704 loss 0.0199
[2026-04-29 10:37:04] INFO epoch 33 it 1480/1704 loss 0.0201
[2026-04-29 10:37:04] INFO epoch 33 it 1500/1704 loss 0.0200
[2026-04-29 10:37:04] INFO epoch 33 it 1520/1704 loss 0.0204
[2026-04-29 10:37:05] INFO epoch 33 it 1540/1704 loss 0.0193
[2026-04-29 10:37:05] INFO epoch 33 it 1560/1704 loss 0.0195
[2026-04-29 10:37:05] INFO epoch 33 it 1580/1704 loss 0.0187
[2026-04-29 10:37:05] INFO epoch 33 it 1600/1704 loss 0.0186
[2026-04-29 10:37:06] INFO epoch 33 it 1620/1704 loss 0.0193
[2026-04-29 10:37:06] INFO epoch 33 it 1640/1704 loss 0.0202
[2026-04-29 10:37:06] INFO epoch 33 it 1660/1704 loss 0.0193
[2026-04-29 10:37:06] INFO epoch 33 it 1680/1704 loss 0.0197
[2026-04-29 10:37:07] INFO epoch 33 it 1700/1704 loss 0.0203
[2026-04-29 10:37:08] INFO epoch 33 done in 61.4s lr=9.30e-05
[2026-04-29 10:37:49] INFO epoch 33 val MAE(HU): 26.72
[2026-04-29 10:38:24] INFO epoch 34 it 20/1704 loss 0.0188
[2026-04-29 10:38:24] INFO epoch 34 it 40/1704 loss 0.0198
[2026-04-29 10:38:24] INFO epoch 34 it 60/1704 loss 0.0189
[2026-04-29 10:38:25] INFO epoch 34 it 80/1704 loss 0.0188
[2026-04-29 10:38:25] INFO epoch 34 it 100/1704 loss 0.0195
[2026-04-29 10:38:25] INFO epoch 34 it 120/1704 loss 0.0201
[2026-04-29 10:38:25] INFO epoch 34 it 140/1704 loss 0.0202
[2026-04-29 10:38:26] INFO epoch 34 it 160/1704 loss 0.0189
[2026-04-29 10:38:26] INFO epoch 34 it 180/1704 loss 0.0185
[2026-04-29 10:38:26] INFO epoch 34 it 200/1704 loss 0.0189
[2026-04-29 10:38:26] INFO epoch 34 it 220/1704 loss 0.0205
[2026-04-29 10:38:27] INFO epoch 34 it 240/1704 loss 0.0209
[2026-04-29 10:38:27] INFO epoch 34 it 260/1704 loss 0.0178
[2026-04-29 10:38:27] INFO epoch 34 it 280/1704 loss 0.0192
[2026-04-29 10:38:27] INFO epoch 34 it 300/1704 loss 0.0187
[2026-04-29 10:38:28] INFO epoch 34 it 320/1704 loss 0.0187
[2026-04-29 10:38:28] INFO epoch 34 it 340/1704 loss 0.0187
[2026-04-29 10:38:28] INFO epoch 34 it 360/1704 loss 0.0188
[2026-04-29 10:38:29] INFO epoch 34 it 380/1704 loss 0.0187
[2026-04-29 10:38:29] INFO epoch 34 it 400/1704 loss 0.0200
[2026-04-29 10:38:29] INFO epoch 34 it 420/1704 loss 0.0195
[2026-04-29 10:38:29] INFO epoch 34 it 440/1704 loss 0.0193
[2026-04-29 10:38:30] INFO epoch 34 it 460/1704 loss 0.0191
[2026-04-29 10:38:30] INFO epoch 34 it 480/1704 loss 0.0186
[2026-04-29 10:38:30] INFO epoch 34 it 500/1704 loss 0.0198
[2026-04-29 10:38:30] INFO epoch 34 it 520/1704 loss 0.0185
[2026-04-29 10:38:31] INFO epoch 34 it 540/1704 loss 0.0187
[2026-04-29 10:38:31] INFO epoch 34 it 560/1704 loss 0.0180
[2026-04-29 10:38:31] INFO epoch 34 it 580/1704 loss 0.0193
[2026-04-29 10:38:31] INFO epoch 34 it 600/1704 loss 0.0197
[2026-04-29 10:38:32] INFO epoch 34 it 620/1704 loss 0.0193
[2026-04-29 10:38:32] INFO epoch 34 it 640/1704 loss 0.0190
[2026-04-29 10:38:32] INFO epoch 34 it 660/1704 loss 0.0190
[2026-04-29 10:38:33] INFO epoch 34 it 680/1704 loss 0.0192
[2026-04-29 10:38:33] INFO epoch 34 it 700/1704 loss 0.0195
[2026-04-29 10:38:33] INFO epoch 34 it 720/1704 loss 0.0206
[2026-04-29 10:38:33] INFO epoch 34 it 740/1704 loss 0.0199
[2026-04-29 10:38:34] INFO epoch 34 it 760/1704 loss 0.0191
[2026-04-29 10:38:34] INFO epoch 34 it 780/1704 loss 0.0188
[2026-04-29 10:38:34] INFO epoch 34 it 800/1704 loss 0.0193
[2026-04-29 10:38:34] INFO epoch 34 it 820/1704 loss 0.0182
[2026-04-29 10:38:35] INFO epoch 34 it 840/1704 loss 0.0192
[2026-04-29 10:38:35] INFO epoch 34 it 860/1704 loss 0.0209
[2026-04-29 10:38:35] INFO epoch 34 it 880/1704 loss 0.0195
[2026-04-29 10:38:36] INFO epoch 34 it 900/1704 loss 0.0200
[2026-04-29 10:38:36] INFO epoch 34 it 920/1704 loss 0.0183
[2026-04-29 10:38:36] INFO epoch 34 it 940/1704 loss 0.0187
[2026-04-29 10:38:36] INFO epoch 34 it 960/1704 loss 0.0181
[2026-04-29 10:38:37] INFO epoch 34 it 980/1704 loss 0.0214
[2026-04-29 10:38:37] INFO epoch 34 it 1000/1704 loss 0.0194
[2026-04-29 10:38:37] INFO epoch 34 it 1020/1704 loss 0.0190
[2026-04-29 10:38:37] INFO epoch 34 it 1040/1704 loss 0.0190
[2026-04-29 10:38:38] INFO epoch 34 it 1060/1704 loss 0.0188
[2026-04-29 10:38:38] INFO epoch 34 it 1080/1704 loss 0.0191
[2026-04-29 10:38:38] INFO epoch 34 it 1100/1704 loss 0.0190
[2026-04-29 10:38:38] INFO epoch 34 it 1120/1704 loss 0.0202
[2026-04-29 10:38:39] INFO epoch 34 it 1140/1704 loss 0.0185
[2026-04-29 10:38:39] INFO epoch 34 it 1160/1704 loss 0.0205
[2026-04-29 10:38:39] INFO epoch 34 it 1180/1704 loss 0.0205
[2026-04-29 10:38:40] INFO epoch 34 it 1200/1704 loss 0.0192
[2026-04-29 10:38:40] INFO epoch 34 it 1220/1704 loss 0.0196
[2026-04-29 10:38:40] INFO epoch 34 it 1240/1704 loss 0.0194
[2026-04-29 10:38:40] INFO epoch 34 it 1260/1704 loss 0.0201
[2026-04-29 10:38:41] INFO epoch 34 it 1280/1704 loss 0.0197
[2026-04-29 10:38:41] INFO epoch 34 it 1300/1704 loss 0.0192
[2026-04-29 10:38:41] INFO epoch 34 it 1320/1704 loss 0.0194
[2026-04-29 10:38:41] INFO epoch 34 it 1340/1704 loss 0.0193
[2026-04-29 10:38:42] INFO epoch 34 it 1360/1704 loss 0.0196
[2026-04-29 10:38:42] INFO epoch 34 it 1380/1704 loss 0.0196
[2026-04-29 10:38:42] INFO epoch 34 it 1400/1704 loss 0.0201
[2026-04-29 10:38:43] INFO epoch 34 it 1420/1704 loss 0.0204
[2026-04-29 10:38:43] INFO epoch 34 it 1440/1704 loss 0.0189
[2026-04-29 10:38:43] INFO epoch 34 it 1460/1704 loss 0.0185
[2026-04-29 10:38:43] INFO epoch 34 it 1480/1704 loss 0.0184
[2026-04-29 10:38:44] INFO epoch 34 it 1500/1704 loss 0.0192
[2026-04-29 10:38:44] INFO epoch 34 it 1520/1704 loss 0.0184
[2026-04-29 10:38:44] INFO epoch 34 it 1540/1704 loss 0.0195
[2026-04-29 10:38:44] INFO epoch 34 it 1560/1704 loss 0.0201
[2026-04-29 10:38:45] INFO epoch 34 it 1580/1704 loss 0.0194
[2026-04-29 10:38:45] INFO epoch 34 it 1600/1704 loss 0.0205
[2026-04-29 10:38:45] INFO epoch 34 it 1620/1704 loss 0.0194
[2026-04-29 10:38:45] INFO epoch 34 it 1640/1704 loss 0.0195
[2026-04-29 10:38:46] INFO epoch 34 it 1660/1704 loss 0.0192
[2026-04-29 10:38:46] INFO epoch 34 it 1680/1704 loss 0.0191
[2026-04-29 10:38:46] INFO epoch 34 it 1700/1704 loss 0.0188
[2026-04-29 10:38:48] INFO epoch 34 done in 59.0s lr=9.26e-05
[2026-04-29 10:39:28] INFO epoch 34 val MAE(HU): 27.01
[2026-04-29 10:40:03] INFO epoch 35 it 20/1704 loss 0.0193
[2026-04-29 10:40:03] INFO epoch 35 it 40/1704 loss 0.0204
[2026-04-29 10:40:03] INFO epoch 35 it 60/1704 loss 0.0196
[2026-04-29 10:40:04] INFO epoch 35 it 80/1704 loss 0.0189
[2026-04-29 10:40:04] INFO epoch 35 it 100/1704 loss 0.0189
[2026-04-29 10:40:04] INFO epoch 35 it 120/1704 loss 0.0193
[2026-04-29 10:40:04] INFO epoch 35 it 140/1704 loss 0.0183
[2026-04-29 10:40:05] INFO epoch 35 it 160/1704 loss 0.0197
[2026-04-29 10:40:05] INFO epoch 35 it 180/1704 loss 0.0197
[2026-04-29 10:40:05] INFO epoch 35 it 200/1704 loss 0.0181
[2026-04-29 10:40:06] INFO epoch 35 it 220/1704 loss 0.0187
[2026-04-29 10:40:06] INFO epoch 35 it 240/1704 loss 0.0191
[2026-04-29 10:40:06] INFO epoch 35 it 260/1704 loss 0.0195
[2026-04-29 10:40:06] INFO epoch 35 it 280/1704 loss 0.0172
[2026-04-29 10:40:07] INFO epoch 35 it 300/1704 loss 0.0184
[2026-04-29 10:40:07] INFO epoch 35 it 320/1704 loss 0.0187
[2026-04-29 10:40:07] INFO epoch 35 it 340/1704 loss 0.0194
[2026-04-29 10:40:07] INFO epoch 35 it 360/1704 loss 0.0200
[2026-04-29 10:40:08] INFO epoch 35 it 380/1704 loss 0.0194
[2026-04-29 10:40:08] INFO epoch 35 it 400/1704 loss 0.0189
[2026-04-29 10:40:08] INFO epoch 35 it 420/1704 loss 0.0206
[2026-04-29 10:40:08] INFO epoch 35 it 440/1704 loss 0.0202
[2026-04-29 10:40:09] INFO epoch 35 it 460/1704 loss 0.0197
[2026-04-29 10:40:09] INFO epoch 35 it 480/1704 loss 0.0187
[2026-04-29 10:40:09] INFO epoch 35 it 500/1704 loss 0.0200
[2026-04-29 10:40:09] INFO epoch 35 it 520/1704 loss 0.0185
[2026-04-29 10:40:10] INFO epoch 35 it 540/1704 loss 0.0186
[2026-04-29 10:40:10] INFO epoch 35 it 560/1704 loss 0.0200
[2026-04-29 10:40:10] INFO epoch 35 it 580/1704 loss 0.0168
[2026-04-29 10:40:10] INFO epoch 35 it 600/1704 loss 0.0188
[2026-04-29 10:40:11] INFO epoch 35 it 620/1704 loss 0.0197
[2026-04-29 10:40:11] INFO epoch 35 it 640/1704 loss 0.0189
[2026-04-29 10:40:11] INFO epoch 35 it 660/1704 loss 0.0195
[2026-04-29 10:40:12] INFO epoch 35 it 680/1704 loss 0.0187
[2026-04-29 10:40:12] INFO epoch 35 it 700/1704 loss 0.0190
[2026-04-29 10:40:12] INFO epoch 35 it 720/1704 loss 0.0196
[2026-04-29 10:40:12] INFO epoch 35 it 740/1704 loss 0.0191
[2026-04-29 10:40:13] INFO epoch 35 it 760/1704 loss 0.0189
[2026-04-29 10:40:13] INFO epoch 35 it 780/1704 loss 0.0206
[2026-04-29 10:40:13] INFO epoch 35 it 800/1704 loss 0.0195
[2026-04-29 10:40:13] INFO epoch 35 it 820/1704 loss 0.0183
[2026-04-29 10:40:14] INFO epoch 35 it 840/1704 loss 0.0197
[2026-04-29 10:40:14] INFO epoch 35 it 860/1704 loss 0.0203
[2026-04-29 10:40:14] INFO epoch 35 it 880/1704 loss 0.0199
[2026-04-29 10:40:14] INFO epoch 35 it 900/1704 loss 0.0186
[2026-04-29 10:40:15] INFO epoch 35 it 920/1704 loss 0.0198
[2026-04-29 10:40:15] INFO epoch 35 it 940/1704 loss 0.0182
[2026-04-29 10:40:15] INFO epoch 35 it 960/1704 loss 0.0192
[2026-04-29 10:40:16] INFO epoch 35 it 980/1704 loss 0.0200
[2026-04-29 10:40:16] INFO epoch 35 it 1000/1704 loss 0.0190
[2026-04-29 10:40:16] INFO epoch 35 it 1020/1704 loss 0.0179
[2026-04-29 10:40:16] INFO epoch 35 it 1040/1704 loss 0.0186
[2026-04-29 10:40:17] INFO epoch 35 it 1060/1704 loss 0.0189
[2026-04-29 10:40:17] INFO epoch 35 it 1080/1704 loss 0.0181
[2026-04-29 10:40:17] INFO epoch 35 it 1100/1704 loss 0.0200
[2026-04-29 10:40:17] INFO epoch 35 it 1120/1704 loss 0.0188
[2026-04-29 10:40:18] INFO epoch 35 it 1140/1704 loss 0.0200
[2026-04-29 10:40:18] INFO epoch 35 it 1160/1704 loss 0.0193
[2026-04-29 10:40:18] INFO epoch 35 it 1180/1704 loss 0.0190
[2026-04-29 10:40:18] INFO epoch 35 it 1200/1704 loss 0.0192
[2026-04-29 10:40:19] INFO epoch 35 it 1220/1704 loss 0.0183
[2026-04-29 10:40:19] INFO epoch 35 it 1240/1704 loss 0.0180
[2026-04-29 10:40:19] INFO epoch 35 it 1260/1704 loss 0.0184
[2026-04-29 10:40:20] INFO epoch 35 it 1280/1704 loss 0.0208
[2026-04-29 10:40:20] INFO epoch 35 it 1300/1704 loss 0.0190
[2026-04-29 10:40:20] INFO epoch 35 it 1320/1704 loss 0.0209
[2026-04-29 10:40:20] INFO epoch 35 it 1340/1704 loss 0.0181
[2026-04-29 10:40:21] INFO epoch 35 it 1360/1704 loss 0.0188
[2026-04-29 10:40:21] INFO epoch 35 it 1380/1704 loss 0.0195
[2026-04-29 10:40:21] INFO epoch 35 it 1400/1704 loss 0.0195
[2026-04-29 10:40:21] INFO epoch 35 it 1420/1704 loss 0.0184
[2026-04-29 10:40:22] INFO epoch 35 it 1440/1704 loss 0.0195
[2026-04-29 10:40:22] INFO epoch 35 it 1460/1704 loss 0.0177
[2026-04-29 10:40:22] INFO epoch 35 it 1480/1704 loss 0.0192
[2026-04-29 10:40:22] INFO epoch 35 it 1500/1704 loss 0.0186
[2026-04-29 10:40:23] INFO epoch 35 it 1520/1704 loss 0.0190
[2026-04-29 10:40:23] INFO epoch 35 it 1540/1704 loss 0.0195
[2026-04-29 10:40:23] INFO epoch 35 it 1560/1704 loss 0.0183
[2026-04-29 10:40:24] INFO epoch 35 it 1580/1704 loss 0.0209
[2026-04-29 10:40:24] INFO epoch 35 it 1600/1704 loss 0.0183
[2026-04-29 10:40:24] INFO epoch 35 it 1620/1704 loss 0.0197
[2026-04-29 10:40:24] INFO epoch 35 it 1640/1704 loss 0.0193
[2026-04-29 10:40:25] INFO epoch 35 it 1660/1704 loss 0.0194
[2026-04-29 10:40:25] INFO epoch 35 it 1680/1704 loss 0.0188
[2026-04-29 10:40:25] INFO epoch 35 it 1700/1704 loss 0.0193
[2026-04-29 10:40:27] INFO epoch 35 done in 58.7s lr=9.22e-05
[2026-04-29 10:41:07] INFO epoch 35 val MAE(HU): 26.87
[2026-04-29 10:41:42] INFO epoch 36 it 20/1704 loss 0.0194
[2026-04-29 10:41:43] INFO epoch 36 it 40/1704 loss 0.0203
[2026-04-29 10:41:43] INFO epoch 36 it 60/1704 loss 0.0192
[2026-04-29 10:41:43] INFO epoch 36 it 80/1704 loss 0.0189
[2026-04-29 10:41:44] INFO epoch 36 it 100/1704 loss 0.0200
[2026-04-29 10:41:44] INFO epoch 36 it 120/1704 loss 0.0188
[2026-04-29 10:41:44] INFO epoch 36 it 140/1704 loss 0.0199
[2026-04-29 10:41:44] INFO epoch 36 it 160/1704 loss 0.0180
[2026-04-29 10:41:45] INFO epoch 36 it 180/1704 loss 0.0187
[2026-04-29 10:41:45] INFO epoch 36 it 200/1704 loss 0.0194
[2026-04-29 10:41:45] INFO epoch 36 it 220/1704 loss 0.0194
[2026-04-29 10:41:45] INFO epoch 36 it 240/1704 loss 0.0179
[2026-04-29 10:41:46] INFO epoch 36 it 260/1704 loss 0.0194
[2026-04-29 10:41:46] INFO epoch 36 it 280/1704 loss 0.0199
[2026-04-29 10:41:46] INFO epoch 36 it 300/1704 loss 0.0191
[2026-04-29 10:41:47] INFO epoch 36 it 320/1704 loss 0.0186
[2026-04-29 10:41:47] INFO epoch 36 it 340/1704 loss 0.0191
[2026-04-29 10:41:47] INFO epoch 36 it 360/1704 loss 0.0185
[2026-04-29 10:41:47] INFO epoch 36 it 380/1704 loss 0.0194
[2026-04-29 10:41:48] INFO epoch 36 it 400/1704 loss 0.0193
[2026-04-29 10:41:48] INFO epoch 36 it 420/1704 loss 0.0192
[2026-04-29 10:41:48] INFO epoch 36 it 440/1704 loss 0.0179
[2026-04-29 10:41:48] INFO epoch 36 it 460/1704 loss 0.0187
[2026-04-29 10:41:49] INFO epoch 36 it 480/1704 loss 0.0189
[2026-04-29 10:41:49] INFO epoch 36 it 500/1704 loss 0.0183
[2026-04-29 10:41:49] INFO epoch 36 it 520/1704 loss 0.0191
[2026-04-29 10:41:49] INFO epoch 36 it 540/1704 loss 0.0192
[2026-04-29 10:41:50] INFO epoch 36 it 560/1704 loss 0.0187
[2026-04-29 10:41:50] INFO epoch 36 it 580/1704 loss 0.0182
[2026-04-29 10:41:50] INFO epoch 36 it 600/1704 loss 0.0208
[2026-04-29 10:41:50] INFO epoch 36 it 620/1704 loss 0.0184
[2026-04-29 10:41:51] INFO epoch 36 it 640/1704 loss 0.0194
[2026-04-29 10:41:51] INFO epoch 36 it 660/1704 loss 0.0191
[2026-04-29 10:41:51] INFO epoch 36 it 680/1704 loss 0.0205
[2026-04-29 10:41:51] INFO epoch 36 it 700/1704 loss 0.0204
[2026-04-29 10:41:52] INFO epoch 36 it 720/1704 loss 0.0200
[2026-04-29 10:41:52] INFO epoch 36 it 740/1704 loss 0.0189
[2026-04-29 10:41:52] INFO epoch 36 it 760/1704 loss 0.0186
[2026-04-29 10:41:53] INFO epoch 36 it 780/1704 loss 0.0192
[2026-04-29 10:41:53] INFO epoch 36 it 800/1704 loss 0.0180
[2026-04-29 10:41:53] INFO epoch 36 it 820/1704 loss 0.0198
[2026-04-29 10:41:53] INFO epoch 36 it 840/1704 loss 0.0189
[2026-04-29 10:41:54] INFO epoch 36 it 860/1704 loss 0.0188
[2026-04-29 10:41:54] INFO epoch 36 it 880/1704 loss 0.0197
[2026-04-29 10:41:54] INFO epoch 36 it 900/1704 loss 0.0199
[2026-04-29 10:41:54] INFO epoch 36 it 920/1704 loss 0.0173
[2026-04-29 10:41:55] INFO epoch 36 it 940/1704 loss 0.0182
[2026-04-29 10:41:55] INFO epoch 36 it 960/1704 loss 0.0196
[2026-04-29 10:41:55] INFO epoch 36 it 980/1704 loss 0.0185
[2026-04-29 10:41:56] INFO epoch 36 it 1000/1704 loss 0.0195
[2026-04-29 10:41:56] INFO epoch 36 it 1020/1704 loss 0.0195
[2026-04-29 10:41:56] INFO epoch 36 it 1040/1704 loss 0.0195
[2026-04-29 10:41:56] INFO epoch 36 it 1060/1704 loss 0.0184
[2026-04-29 10:41:57] INFO epoch 36 it 1080/1704 loss 0.0189
[2026-04-29 10:41:57] INFO epoch 36 it 1100/1704 loss 0.0182
[2026-04-29 10:41:57] INFO epoch 36 it 1120/1704 loss 0.0179
[2026-04-29 10:41:57] INFO epoch 36 it 1140/1704 loss 0.0187
[2026-04-29 10:41:58] INFO epoch 36 it 1160/1704 loss 0.0184
[2026-04-29 10:41:58] INFO epoch 36 it 1180/1704 loss 0.0184
[2026-04-29 10:41:58] INFO epoch 36 it 1200/1704 loss 0.0208
[2026-04-29 10:41:59] INFO epoch 36 it 1220/1704 loss 0.0180
[2026-04-29 10:41:59] INFO epoch 36 it 1240/1704 loss 0.0184
[2026-04-29 10:41:59] INFO epoch 36 it 1260/1704 loss 0.0196
[2026-04-29 10:41:59] INFO epoch 36 it 1280/1704 loss 0.0199
[2026-04-29 10:42:00] INFO epoch 36 it 1300/1704 loss 0.0201
[2026-04-29 10:42:00] INFO epoch 36 it 1320/1704 loss 0.0185
[2026-04-29 10:42:00] INFO epoch 36 it 1340/1704 loss 0.0179
[2026-04-29 10:42:00] INFO epoch 36 it 1360/1704 loss 0.0190
[2026-04-29 10:42:01] INFO epoch 36 it 1380/1704 loss 0.0199
[2026-04-29 10:42:01] INFO epoch 36 it 1400/1704 loss 0.0189
[2026-04-29 10:42:01] INFO epoch 36 it 1420/1704 loss 0.0193
[2026-04-29 10:42:02] INFO epoch 36 it 1440/1704 loss 0.0193
[2026-04-29 10:42:02] INFO epoch 36 it 1460/1704 loss 0.0190
[2026-04-29 10:42:02] INFO epoch 36 it 1480/1704 loss 0.0186
[2026-04-29 10:42:02] INFO epoch 36 it 1500/1704 loss 0.0186
[2026-04-29 10:42:03] INFO epoch 36 it 1520/1704 loss 0.0186
[2026-04-29 10:42:03] INFO epoch 36 it 1540/1704 loss 0.0203
[2026-04-29 10:42:03] INFO epoch 36 it 1560/1704 loss 0.0184
[2026-04-29 10:42:04] INFO epoch 36 it 1580/1704 loss 0.0201
[2026-04-29 10:42:04] INFO epoch 36 it 1600/1704 loss 0.0181
[2026-04-29 10:42:04] INFO epoch 36 it 1620/1704 loss 0.0189
[2026-04-29 10:42:04] INFO epoch 36 it 1640/1704 loss 0.0198
[2026-04-29 10:42:05] INFO epoch 36 it 1660/1704 loss 0.0198
[2026-04-29 10:42:05] INFO epoch 36 it 1680/1704 loss 0.0189
[2026-04-29 10:42:05] INFO epoch 36 it 1700/1704 loss 0.0191
[2026-04-29 10:42:07] INFO epoch 36 done in 60.0s lr=9.18e-05
[2026-04-29 10:42:47] INFO epoch 36 val MAE(HU): 26.92
[2026-04-29 10:43:23] INFO epoch 37 it 20/1704 loss 0.0187
[2026-04-29 10:43:24] INFO epoch 37 it 40/1704 loss 0.0183
[2026-04-29 10:43:24] INFO epoch 37 it 60/1704 loss 0.0187
[2026-04-29 10:43:24] INFO epoch 37 it 80/1704 loss 0.0184
[2026-04-29 10:43:25] INFO epoch 37 it 100/1704 loss 0.0185
[2026-04-29 10:43:25] INFO epoch 37 it 120/1704 loss 0.0198
[2026-04-29 10:43:25] INFO epoch 37 it 140/1704 loss 0.0193
[2026-04-29 10:43:25] INFO epoch 37 it 160/1704 loss 0.0195
[2026-04-29 10:43:26] INFO epoch 37 it 180/1704 loss 0.0192
[2026-04-29 10:43:26] INFO epoch 37 it 200/1704 loss 0.0189
[2026-04-29 10:43:26] INFO epoch 37 it 220/1704 loss 0.0185
[2026-04-29 10:43:26] INFO epoch 37 it 240/1704 loss 0.0179
[2026-04-29 10:43:27] INFO epoch 37 it 260/1704 loss 0.0194
[2026-04-29 10:43:27] INFO epoch 37 it 280/1704 loss 0.0181
[2026-04-29 10:43:27] INFO epoch 37 it 300/1704 loss 0.0197
[2026-04-29 10:43:27] INFO epoch 37 it 320/1704 loss 0.0196
[2026-04-29 10:43:28] INFO epoch 37 it 340/1704 loss 0.0182
[2026-04-29 10:43:28] INFO epoch 37 it 360/1704 loss 0.0196
[2026-04-29 10:43:28] INFO epoch 37 it 380/1704 loss 0.0183
[2026-04-29 10:43:28] INFO epoch 37 it 400/1704 loss 0.0193
[2026-04-29 10:43:29] INFO epoch 37 it 420/1704 loss 0.0186
[2026-04-29 10:43:29] INFO epoch 37 it 440/1704 loss 0.0173
[2026-04-29 10:43:29] INFO epoch 37 it 460/1704 loss 0.0191
[2026-04-29 10:43:30] INFO epoch 37 it 480/1704 loss 0.0176
[2026-04-29 10:43:30] INFO epoch 37 it 500/1704 loss 0.0192
[2026-04-29 10:43:30] INFO epoch 37 it 520/1704 loss 0.0190
[2026-04-29 10:43:30] INFO epoch 37 it 540/1704 loss 0.0174
[2026-04-29 10:43:31] INFO epoch 37 it 560/1704 loss 0.0199
[2026-04-29 10:43:31] INFO epoch 37 it 580/1704 loss 0.0192
[2026-04-29 10:43:31] INFO epoch 37 it 600/1704 loss 0.0178
[2026-04-29 10:43:31] INFO epoch 37 it 620/1704 loss 0.0206
[2026-04-29 10:43:32] INFO epoch 37 it 640/1704 loss 0.0190
[2026-04-29 10:43:32] INFO epoch 37 it 660/1704 loss 0.0189
[2026-04-29 10:43:32] INFO epoch 37 it 680/1704 loss 0.0184
[2026-04-29 10:43:32] INFO epoch 37 it 700/1704 loss 0.0186
[2026-04-29 10:43:33] INFO epoch 37 it 720/1704 loss 0.0180
[2026-04-29 10:43:33] INFO epoch 37 it 740/1704 loss 0.0184
[2026-04-29 10:43:33] INFO epoch 37 it 760/1704 loss 0.0192
[2026-04-29 10:43:33] INFO epoch 37 it 780/1704 loss 0.0184
[2026-04-29 10:43:34] INFO epoch 37 it 800/1704 loss 0.0199
[2026-04-29 10:43:34] INFO epoch 37 it 820/1704 loss 0.0192
[2026-04-29 10:43:34] INFO epoch 37 it 840/1704 loss 0.0190
[2026-04-29 10:43:34] INFO epoch 37 it 860/1704 loss 0.0190
[2026-04-29 10:43:35] INFO epoch 37 it 880/1704 loss 0.0186
[2026-04-29 10:43:35] INFO epoch 37 it 900/1704 loss 0.0190
[2026-04-29 10:43:35] INFO epoch 37 it 920/1704 loss 0.0197
[2026-04-29 10:43:36] INFO epoch 37 it 940/1704 loss 0.0191
[2026-04-29 10:43:36] INFO epoch 37 it 960/1704 loss 0.0193
[2026-04-29 10:43:36] INFO epoch 37 it 980/1704 loss 0.0192
[2026-04-29 10:43:36] INFO epoch 37 it 1000/1704 loss 0.0202
[2026-04-29 10:43:37] INFO epoch 37 it 1020/1704 loss 0.0198
[2026-04-29 10:43:37] INFO epoch 37 it 1040/1704 loss 0.0194
[2026-04-29 10:43:37] INFO epoch 37 it 1060/1704 loss 0.0185
[2026-04-29 10:43:37] INFO epoch 37 it 1080/1704 loss 0.0181
[2026-04-29 10:43:38] INFO epoch 37 it 1100/1704 loss 0.0196
[2026-04-29 10:43:38] INFO epoch 37 it 1120/1704 loss 0.0191
[2026-04-29 10:43:38] INFO epoch 37 it 1140/1704 loss 0.0193
[2026-04-29 10:43:38] INFO epoch 37 it 1160/1704 loss 0.0194
[2026-04-29 10:43:39] INFO epoch 37 it 1180/1704 loss 0.0183
[2026-04-29 10:43:39] INFO epoch 37 it 1200/1704 loss 0.0190
[2026-04-29 10:43:39] INFO epoch 37 it 1220/1704 loss 0.0181
[2026-04-29 10:43:39] INFO epoch 37 it 1240/1704 loss 0.0184
[2026-04-29 10:43:40] INFO epoch 37 it 1260/1704 loss 0.0186
[2026-04-29 10:43:40] INFO epoch 37 it 1280/1704 loss 0.0185
[2026-04-29 10:43:40] INFO epoch 37 it 1300/1704 loss 0.0197
[2026-04-29 10:43:41] INFO epoch 37 it 1320/1704 loss 0.0197
[2026-04-29 10:43:41] INFO epoch 37 it 1340/1704 loss 0.0184
[2026-04-29 10:43:41] INFO epoch 37 it 1360/1704 loss 0.0175
[2026-04-29 10:43:41] INFO epoch 37 it 1380/1704 loss 0.0201
[2026-04-29 10:43:42] INFO epoch 37 it 1400/1704 loss 0.0194
[2026-04-29 10:43:42] INFO epoch 37 it 1420/1704 loss 0.0186
[2026-04-29 10:43:42] INFO epoch 37 it 1440/1704 loss 0.0187
[2026-04-29 10:43:42] INFO epoch 37 it 1460/1704 loss 0.0202
[2026-04-29 10:43:43] INFO epoch 37 it 1480/1704 loss 0.0184
[2026-04-29 10:43:43] INFO epoch 37 it 1500/1704 loss 0.0182
[2026-04-29 10:43:43] INFO epoch 37 it 1520/1704 loss 0.0196
[2026-04-29 10:43:43] INFO epoch 37 it 1540/1704 loss 0.0194
[2026-04-29 10:43:44] INFO epoch 37 it 1560/1704 loss 0.0191
[2026-04-29 10:43:44] INFO epoch 37 it 1580/1704 loss 0.0184
[2026-04-29 10:43:44] INFO epoch 37 it 1600/1704 loss 0.0196
[2026-04-29 10:43:44] INFO epoch 37 it 1620/1704 loss 0.0188
[2026-04-29 10:43:45] INFO epoch 37 it 1640/1704 loss 0.0198
[2026-04-29 10:43:45] INFO epoch 37 it 1660/1704 loss 0.0195
[2026-04-29 10:43:45] INFO epoch 37 it 1680/1704 loss 0.0184
[2026-04-29 10:43:45] INFO epoch 37 it 1700/1704 loss 0.0199
[2026-04-29 10:43:47] INFO epoch 37 done in 59.7s lr=9.14e-05
[2026-04-29 10:44:27] INFO epoch 37 val MAE(HU): 27.07
[2026-04-29 10:45:05] INFO epoch 38 it 20/1704 loss 0.0183
[2026-04-29 10:45:05] INFO epoch 38 it 40/1704 loss 0.0188
[2026-04-29 10:45:06] INFO epoch 38 it 60/1704 loss 0.0182
[2026-04-29 10:45:06] INFO epoch 38 it 80/1704 loss 0.0192
[2026-04-29 10:45:06] INFO epoch 38 it 100/1704 loss 0.0183
[2026-04-29 10:45:07] INFO epoch 38 it 120/1704 loss 0.0179
[2026-04-29 10:45:07] INFO epoch 38 it 140/1704 loss 0.0172
[2026-04-29 10:45:07] INFO epoch 38 it 160/1704 loss 0.0188
[2026-04-29 10:45:07] INFO epoch 38 it 180/1704 loss 0.0189
[2026-04-29 10:45:08] INFO epoch 38 it 200/1704 loss 0.0181
[2026-04-29 10:45:08] INFO epoch 38 it 220/1704 loss 0.0194
[2026-04-29 10:45:08] INFO epoch 38 it 240/1704 loss 0.0187
[2026-04-29 10:45:08] INFO epoch 38 it 260/1704 loss 0.0193
[2026-04-29 10:45:09] INFO epoch 38 it 280/1704 loss 0.0200
[2026-04-29 10:45:09] INFO epoch 38 it 300/1704 loss 0.0178
[2026-04-29 10:45:09] INFO epoch 38 it 320/1704 loss 0.0178
[2026-04-29 10:45:09] INFO epoch 38 it 340/1704 loss 0.0187
[2026-04-29 10:45:10] INFO epoch 38 it 360/1704 loss 0.0186
[2026-04-29 10:45:10] INFO epoch 38 it 380/1704 loss 0.0192
[2026-04-29 10:45:10] INFO epoch 38 it 400/1704 loss 0.0181
[2026-04-29 10:45:11] INFO epoch 38 it 420/1704 loss 0.0175
[2026-04-29 10:45:11] INFO epoch 38 it 440/1704 loss 0.0195
[2026-04-29 10:45:11] INFO epoch 38 it 460/1704 loss 0.0190
[2026-04-29 10:45:11] INFO epoch 38 it 480/1704 loss 0.0187
[2026-04-29 10:45:12] INFO epoch 38 it 500/1704 loss 0.0190
[2026-04-29 10:45:12] INFO epoch 38 it 520/1704 loss 0.0192
[2026-04-29 10:45:12] INFO epoch 38 it 540/1704 loss 0.0199
[2026-04-29 10:45:12] INFO epoch 38 it 560/1704 loss 0.0189
[2026-04-29 10:45:13] INFO epoch 38 it 580/1704 loss 0.0187
[2026-04-29 10:45:13] INFO epoch 38 it 600/1704 loss 0.0191
[2026-04-29 10:45:13] INFO epoch 38 it 620/1704 loss 0.0183
[2026-04-29 10:45:14] INFO epoch 38 it 640/1704 loss 0.0192
[2026-04-29 10:45:14] INFO epoch 38 it 660/1704 loss 0.0189
[2026-04-29 10:45:14] INFO epoch 38 it 680/1704 loss 0.0192
[2026-04-29 10:45:14] INFO epoch 38 it 700/1704 loss 0.0191
[2026-04-29 10:45:15] INFO epoch 38 it 720/1704 loss 0.0192
[2026-04-29 10:45:15] INFO epoch 38 it 740/1704 loss 0.0191
[2026-04-29 10:45:15] INFO epoch 38 it 760/1704 loss 0.0193
[2026-04-29 10:45:15] INFO epoch 38 it 780/1704 loss 0.0183
[2026-04-29 10:45:16] INFO epoch 38 it 800/1704 loss 0.0180
[2026-04-29 10:45:16] INFO epoch 38 it 820/1704 loss 0.0186
[2026-04-29 10:45:16] INFO epoch 38 it 840/1704 loss 0.0184
[2026-04-29 10:45:17] INFO epoch 38 it 860/1704 loss 0.0198
[2026-04-29 10:45:17] INFO epoch 38 it 880/1704 loss 0.0183
[2026-04-29 10:45:17] INFO epoch 38 it 900/1704 loss 0.0186
[2026-04-29 10:45:17] INFO epoch 38 it 920/1704 loss 0.0175
[2026-04-29 10:45:18] INFO epoch 38 it 940/1704 loss 0.0199
[2026-04-29 10:45:18] INFO epoch 38 it 960/1704 loss 0.0174
[2026-04-29 10:45:18] INFO epoch 38 it 980/1704 loss 0.0184
[2026-04-29 10:45:18] INFO epoch 38 it 1000/1704 loss 0.0179
[2026-04-29 10:45:19] INFO epoch 38 it 1020/1704 loss 0.0196
[2026-04-29 10:45:19] INFO epoch 38 it 1040/1704 loss 0.0184
[2026-04-29 10:45:19] INFO epoch 38 it 1060/1704 loss 0.0194
[2026-04-29 10:45:20] INFO epoch 38 it 1080/1704 loss 0.0186
[2026-04-29 10:45:20] INFO epoch 38 it 1100/1704 loss 0.0185
[2026-04-29 10:45:20] INFO epoch 38 it 1120/1704 loss 0.0188
[2026-04-29 10:45:20] INFO epoch 38 it 1140/1704 loss 0.0203
[2026-04-29 10:45:21] INFO epoch 38 it 1160/1704 loss 0.0186
[2026-04-29 10:45:21] INFO epoch 38 it 1180/1704 loss 0.0191
[2026-04-29 10:45:21] INFO epoch 38 it 1200/1704 loss 0.0185
[2026-04-29 10:45:21] INFO epoch 38 it 1220/1704 loss 0.0194
[2026-04-29 10:45:22] INFO epoch 38 it 1240/1704 loss 0.0190
[2026-04-29 10:45:22] INFO epoch 38 it 1260/1704 loss 0.0194
[2026-04-29 10:45:22] INFO epoch 38 it 1280/1704 loss 0.0199
[2026-04-29 10:45:22] INFO epoch 38 it 1300/1704 loss 0.0185
[2026-04-29 10:45:23] INFO epoch 38 it 1320/1704 loss 0.0188
[2026-04-29 10:45:23] INFO epoch 38 it 1340/1704 loss 0.0189
[2026-04-29 10:45:23] INFO epoch 38 it 1360/1704 loss 0.0194
[2026-04-29 10:45:24] INFO epoch 38 it 1380/1704 loss 0.0209
[2026-04-29 10:45:24] INFO epoch 38 it 1400/1704 loss 0.0179
[2026-04-29 10:45:24] INFO epoch 38 it 1420/1704 loss 0.0181
[2026-04-29 10:45:24] INFO epoch 38 it 1440/1704 loss 0.0188
[2026-04-29 10:45:25] INFO epoch 38 it 1460/1704 loss 0.0181
[2026-04-29 10:45:25] INFO epoch 38 it 1480/1704 loss 0.0181
[2026-04-29 10:45:25] INFO epoch 38 it 1500/1704 loss 0.0188
[2026-04-29 10:45:25] INFO epoch 38 it 1520/1704 loss 0.0185
[2026-04-29 10:45:26] INFO epoch 38 it 1540/1704 loss 0.0199
[2026-04-29 10:45:26] INFO epoch 38 it 1560/1704 loss 0.0193
[2026-04-29 10:45:26] INFO epoch 38 it 1580/1704 loss 0.0186
[2026-04-29 10:45:27] INFO epoch 38 it 1600/1704 loss 0.0190
[2026-04-29 10:45:27] INFO epoch 38 it 1620/1704 loss 0.0189
[2026-04-29 10:45:27] INFO epoch 38 it 1640/1704 loss 0.0179
[2026-04-29 10:45:27] INFO epoch 38 it 1660/1704 loss 0.0180
[2026-04-29 10:45:28] INFO epoch 38 it 1680/1704 loss 0.0183
[2026-04-29 10:45:28] INFO epoch 38 it 1700/1704 loss 0.0192
[2026-04-29 10:45:29] INFO epoch 38 done in 61.9s lr=9.09e-05
[2026-04-29 10:46:10] INFO epoch 38 val MAE(HU): 26.78
[2026-04-29 10:46:48] INFO epoch 39 it 20/1704 loss 0.0177
[2026-04-29 10:46:49] INFO epoch 39 it 40/1704 loss 0.0193
[2026-04-29 10:46:49] INFO epoch 39 it 60/1704 loss 0.0176
[2026-04-29 10:46:49] INFO epoch 39 it 80/1704 loss 0.0185
[2026-04-29 10:46:49] INFO epoch 39 it 100/1704 loss 0.0188
[2026-04-29 10:46:50] INFO epoch 39 it 120/1704 loss 0.0181
[2026-04-29 10:46:50] INFO epoch 39 it 140/1704 loss 0.0184
[2026-04-29 10:46:50] INFO epoch 39 it 160/1704 loss 0.0190
[2026-04-29 10:46:50] INFO epoch 39 it 180/1704 loss 0.0193
[2026-04-29 10:46:51] INFO epoch 39 it 200/1704 loss 0.0193
[2026-04-29 10:46:51] INFO epoch 39 it 220/1704 loss 0.0181
[2026-04-29 10:46:51] INFO epoch 39 it 240/1704 loss 0.0191
[2026-04-29 10:46:51] INFO epoch 39 it 260/1704 loss 0.0189
[2026-04-29 10:46:52] INFO epoch 39 it 280/1704 loss 0.0183
[2026-04-29 10:46:52] INFO epoch 39 it 300/1704 loss 0.0172
[2026-04-29 10:46:52] INFO epoch 39 it 320/1704 loss 0.0186
[2026-04-29 10:46:52] INFO epoch 39 it 340/1704 loss 0.0194
[2026-04-29 10:46:53] INFO epoch 39 it 360/1704 loss 0.0178
[2026-04-29 10:46:53] INFO epoch 39 it 380/1704 loss 0.0187
[2026-04-29 10:46:53] INFO epoch 39 it 400/1704 loss 0.0195
[2026-04-29 10:46:54] INFO epoch 39 it 420/1704 loss 0.0192
[2026-04-29 10:46:54] INFO epoch 39 it 440/1704 loss 0.0183
[2026-04-29 10:46:54] INFO epoch 39 it 460/1704 loss 0.0185
[2026-04-29 10:46:54] INFO epoch 39 it 480/1704 loss 0.0183
[2026-04-29 10:46:55] INFO epoch 39 it 500/1704 loss 0.0175
[2026-04-29 10:46:55] INFO epoch 39 it 520/1704 loss 0.0186
[2026-04-29 10:46:55] INFO epoch 39 it 540/1704 loss 0.0200
[2026-04-29 10:46:55] INFO epoch 39 it 560/1704 loss 0.0174
[2026-04-29 10:46:56] INFO epoch 39 it 580/1704 loss 0.0176
[2026-04-29 10:46:56] INFO epoch 39 it 600/1704 loss 0.0195
[2026-04-29 10:46:56] INFO epoch 39 it 620/1704 loss 0.0194
[2026-04-29 10:46:56] INFO epoch 39 it 640/1704 loss 0.0185
[2026-04-29 10:46:57] INFO epoch 39 it 660/1704 loss 0.0190
[2026-04-29 10:46:57] INFO epoch 39 it 680/1704 loss 0.0177
[2026-04-29 10:46:57] INFO epoch 39 it 700/1704 loss 0.0188
[2026-04-29 10:46:57] INFO epoch 39 it 720/1704 loss 0.0187
[2026-04-29 10:46:58] INFO epoch 39 it 740/1704 loss 0.0184
[2026-04-29 10:46:58] INFO epoch 39 it 760/1704 loss 0.0190
[2026-04-29 10:46:58] INFO epoch 39 it 780/1704 loss 0.0182
[2026-04-29 10:46:59] INFO epoch 39 it 800/1704 loss 0.0194
[2026-04-29 10:46:59] INFO epoch 39 it 820/1704 loss 0.0197
[2026-04-29 10:46:59] INFO epoch 39 it 840/1704 loss 0.0182
[2026-04-29 10:46:59] INFO epoch 39 it 860/1704 loss 0.0189
[2026-04-29 10:47:00] INFO epoch 39 it 880/1704 loss 0.0184
[2026-04-29 10:47:00] INFO epoch 39 it 900/1704 loss 0.0180
[2026-04-29 10:47:00] INFO epoch 39 it 920/1704 loss 0.0188
[2026-04-29 10:47:00] INFO epoch 39 it 940/1704 loss 0.0179
[2026-04-29 10:47:01] INFO epoch 39 it 960/1704 loss 0.0196
[2026-04-29 10:47:01] INFO epoch 39 it 980/1704 loss 0.0176
[2026-04-29 10:47:01] INFO epoch 39 it 1000/1704 loss 0.0179
[2026-04-29 10:47:01] INFO epoch 39 it 1020/1704 loss 0.0198
[2026-04-29 10:47:02] INFO epoch 39 it 1040/1704 loss 0.0201
[2026-04-29 10:47:02] INFO epoch 39 it 1060/1704 loss 0.0186
[2026-04-29 10:47:02] INFO epoch 39 it 1080/1704 loss 0.0198
[2026-04-29 10:47:03] INFO epoch 39 it 1100/1704 loss 0.0188
[2026-04-29 10:47:03] INFO epoch 39 it 1120/1704 loss 0.0182
[2026-04-29 10:47:03] INFO epoch 39 it 1140/1704 loss 0.0178
[2026-04-29 10:47:03] INFO epoch 39 it 1160/1704 loss 0.0195
[2026-04-29 10:47:04] INFO epoch 39 it 1180/1704 loss 0.0206
[2026-04-29 10:47:04] INFO epoch 39 it 1200/1704 loss 0.0183
[2026-04-29 10:47:04] INFO epoch 39 it 1220/1704 loss 0.0185
[2026-04-29 10:47:04] INFO epoch 39 it 1240/1704 loss 0.0187
[2026-04-29 10:47:05] INFO epoch 39 it 1260/1704 loss 0.0188
[2026-04-29 10:47:05] INFO epoch 39 it 1280/1704 loss 0.0184
[2026-04-29 10:47:05] INFO epoch 39 it 1300/1704 loss 0.0182
[2026-04-29 10:47:05] INFO epoch 39 it 1320/1704 loss 0.0194
[2026-04-29 10:47:06] INFO epoch 39 it 1340/1704 loss 0.0190
[2026-04-29 10:47:06] INFO epoch 39 it 1360/1704 loss 0.0183
[2026-04-29 10:47:06] INFO epoch 39 it 1380/1704 loss 0.0189
[2026-04-29 10:47:07] INFO epoch 39 it 1400/1704 loss 0.0200
[2026-04-29 10:47:07] INFO epoch 39 it 1420/1704 loss 0.0172
[2026-04-29 10:47:07] INFO epoch 39 it 1440/1704 loss 0.0174
[2026-04-29 10:47:07] INFO epoch 39 it 1460/1704 loss 0.0199
[2026-04-29 10:47:08] INFO epoch 39 it 1480/1704 loss 0.0172
[2026-04-29 10:47:08] INFO epoch 39 it 1500/1704 loss 0.0195
[2026-04-29 10:47:08] INFO epoch 39 it 1520/1704 loss 0.0186
[2026-04-29 10:47:08] INFO epoch 39 it 1540/1704 loss 0.0191
[2026-04-29 10:47:09] INFO epoch 39 it 1560/1704 loss 0.0186
[2026-04-29 10:47:09] INFO epoch 39 it 1580/1704 loss 0.0195
[2026-04-29 10:47:09] INFO epoch 39 it 1600/1704 loss 0.0189
[2026-04-29 10:47:09] INFO epoch 39 it 1620/1704 loss 0.0198
[2026-04-29 10:47:10] INFO epoch 39 it 1640/1704 loss 0.0186
[2026-04-29 10:47:10] INFO epoch 39 it 1660/1704 loss 0.0200
[2026-04-29 10:47:10] INFO epoch 39 it 1680/1704 loss 0.0193
[2026-04-29 10:47:10] INFO epoch 39 it 1700/1704 loss 0.0191
[2026-04-29 10:47:12] INFO epoch 39 done in 61.8s lr=9.05e-05
[2026-04-29 10:47:52] INFO epoch 39 val MAE(HU): 27.18
[2026-04-29 10:48:27] INFO epoch 40 it 20/1704 loss 0.0178
[2026-04-29 10:48:27] INFO epoch 40 it 40/1704 loss 0.0187
[2026-04-29 10:48:27] INFO epoch 40 it 60/1704 loss 0.0183
[2026-04-29 10:48:27] INFO epoch 40 it 80/1704 loss 0.0180
[2026-04-29 10:48:28] INFO epoch 40 it 100/1704 loss 0.0192
[2026-04-29 10:48:28] INFO epoch 40 it 120/1704 loss 0.0184
[2026-04-29 10:48:28] INFO epoch 40 it 140/1704 loss 0.0185
[2026-04-29 10:48:29] INFO epoch 40 it 160/1704 loss 0.0175
[2026-04-29 10:48:29] INFO epoch 40 it 180/1704 loss 0.0200
[2026-04-29 10:48:29] INFO epoch 40 it 200/1704 loss 0.0184
[2026-04-29 10:48:29] INFO epoch 40 it 220/1704 loss 0.0186
[2026-04-29 10:48:30] INFO epoch 40 it 240/1704 loss 0.0190
[2026-04-29 10:48:30] INFO epoch 40 it 260/1704 loss 0.0182
[2026-04-29 10:48:30] INFO epoch 40 it 280/1704 loss 0.0176
[2026-04-29 10:48:30] INFO epoch 40 it 300/1704 loss 0.0182
[2026-04-29 10:48:31] INFO epoch 40 it 320/1704 loss 0.0197
[2026-04-29 10:48:31] INFO epoch 40 it 340/1704 loss 0.0196
[2026-04-29 10:48:31] INFO epoch 40 it 360/1704 loss 0.0182
[2026-04-29 10:48:31] INFO epoch 40 it 380/1704 loss 0.0191
[2026-04-29 10:48:32] INFO epoch 40 it 400/1704 loss 0.0182
[2026-04-29 10:48:32] INFO epoch 40 it 420/1704 loss 0.0185
[2026-04-29 10:48:32] INFO epoch 40 it 440/1704 loss 0.0187
[2026-04-29 10:48:32] INFO epoch 40 it 460/1704 loss 0.0191
[2026-04-29 10:48:33] INFO epoch 40 it 480/1704 loss 0.0183
[2026-04-29 10:48:33] INFO epoch 40 it 500/1704 loss 0.0182
[2026-04-29 10:48:33] INFO epoch 40 it 520/1704 loss 0.0188
[2026-04-29 10:48:33] INFO epoch 40 it 540/1704 loss 0.0180
[2026-04-29 10:48:34] INFO epoch 40 it 560/1704 loss 0.0187
[2026-04-29 10:48:34] INFO epoch 40 it 580/1704 loss 0.0190
[2026-04-29 10:48:34] INFO epoch 40 it 600/1704 loss 0.0184
[2026-04-29 10:48:34] INFO epoch 40 it 620/1704 loss 0.0186
[2026-04-29 10:48:35] INFO epoch 40 it 640/1704 loss 0.0183
[2026-04-29 10:48:35] INFO epoch 40 it 660/1704 loss 0.0194
[2026-04-29 10:48:35] INFO epoch 40 it 680/1704 loss 0.0172
[2026-04-29 10:48:36] INFO epoch 40 it 700/1704 loss 0.0184
[2026-04-29 10:48:36] INFO epoch 40 it 720/1704 loss 0.0194
[2026-04-29 10:48:36] INFO epoch 40 it 740/1704 loss 0.0167
[2026-04-29 10:48:36] INFO epoch 40 it 760/1704 loss 0.0189
[2026-04-29 10:48:37] INFO epoch 40 it 780/1704 loss 0.0187
[2026-04-29 10:48:37] INFO epoch 40 it 800/1704 loss 0.0188
[2026-04-29 10:48:37] INFO epoch 40 it 820/1704 loss 0.0181
[2026-04-29 10:48:37] INFO epoch 40 it 840/1704 loss 0.0182
[2026-04-29 10:48:38] INFO epoch 40 it 860/1704 loss 0.0180
[2026-04-29 10:48:38] INFO epoch 40 it 880/1704 loss 0.0183
[2026-04-29 10:48:38] INFO epoch 40 it 900/1704 loss 0.0186
[2026-04-29 10:48:38] INFO epoch 40 it 920/1704 loss 0.0194
[2026-04-29 10:48:39] INFO epoch 40 it 940/1704 loss 0.0188
[2026-04-29 10:48:39] INFO epoch 40 it 960/1704 loss 0.0188
[2026-04-29 10:48:39] INFO epoch 40 it 980/1704 loss 0.0205
[2026-04-29 10:48:39] INFO epoch 40 it 1000/1704 loss 0.0182
[2026-04-29 10:48:40] INFO epoch 40 it 1020/1704 loss 0.0181
[2026-04-29 10:48:40] INFO epoch 40 it 1040/1704 loss 0.0191
[2026-04-29 10:48:40] INFO epoch 40 it 1060/1704 loss 0.0191
[2026-04-29 10:48:40] INFO epoch 40 it 1080/1704 loss 0.0183
[2026-04-29 10:48:41] INFO epoch 40 it 1100/1704 loss 0.0183
[2026-04-29 10:48:41] INFO epoch 40 it 1120/1704 loss 0.0193
[2026-04-29 10:48:41] INFO epoch 40 it 1140/1704 loss 0.0194
[2026-04-29 10:48:42] INFO epoch 40 it 1160/1704 loss 0.0183
[2026-04-29 10:48:42] INFO epoch 40 it 1180/1704 loss 0.0189
[2026-04-29 10:48:42] INFO epoch 40 it 1200/1704 loss 0.0186
[2026-04-29 10:48:42] INFO epoch 40 it 1220/1704 loss 0.0186
[2026-04-29 10:48:43] INFO epoch 40 it 1240/1704 loss 0.0189
[2026-04-29 10:48:43] INFO epoch 40 it 1260/1704 loss 0.0182
[2026-04-29 10:48:43] INFO epoch 40 it 1280/1704 loss 0.0187
[2026-04-29 10:48:43] INFO epoch 40 it 1300/1704 loss 0.0187
[2026-04-29 10:48:44] INFO epoch 40 it 1320/1704 loss 0.0215
[2026-04-29 10:48:44] INFO epoch 40 it 1340/1704 loss 0.0189
[2026-04-29 10:48:44] INFO epoch 40 it 1360/1704 loss 0.0175
[2026-04-29 10:48:44] INFO epoch 40 it 1380/1704 loss 0.0190
[2026-04-29 10:48:45] INFO epoch 40 it 1400/1704 loss 0.0180
[2026-04-29 10:48:45] INFO epoch 40 it 1420/1704 loss 0.0185
[2026-04-29 10:48:45] INFO epoch 40 it 1440/1704 loss 0.0179
[2026-04-29 10:48:45] INFO epoch 40 it 1460/1704 loss 0.0194
[2026-04-29 10:48:46] INFO epoch 40 it 1480/1704 loss 0.0187
[2026-04-29 10:48:46] INFO epoch 40 it 1500/1704 loss 0.0198
[2026-04-29 10:48:46] INFO epoch 40 it 1520/1704 loss 0.0181
[2026-04-29 10:48:46] INFO epoch 40 it 1540/1704 loss 0.0182
[2026-04-29 10:48:47] INFO epoch 40 it 1560/1704 loss 0.0187
[2026-04-29 10:48:47] INFO epoch 40 it 1580/1704 loss 0.0174
[2026-04-29 10:48:47] INFO epoch 40 it 1600/1704 loss 0.0190
[2026-04-29 10:48:48] INFO epoch 40 it 1620/1704 loss 0.0178
[2026-04-29 10:48:48] INFO epoch 40 it 1640/1704 loss 0.0165
[2026-04-29 10:48:48] INFO epoch 40 it 1660/1704 loss 0.0186
[2026-04-29 10:48:48] INFO epoch 40 it 1680/1704 loss 0.0184
[2026-04-29 10:48:49] INFO epoch 40 it 1700/1704 loss 0.0189
[2026-04-29 10:48:50] INFO epoch 40 done in 58.0s lr=9.00e-05
[2026-04-29 10:49:30] INFO epoch 40 val MAE(HU): 26.83
[2026-04-29 10:50:05] INFO epoch 41 it 20/1704 loss 0.0190
[2026-04-29 10:50:05] INFO epoch 41 it 40/1704 loss 0.0179
[2026-04-29 10:50:05] INFO epoch 41 it 60/1704 loss 0.0180
[2026-04-29 10:50:06] INFO epoch 41 it 80/1704 loss 0.0174
[2026-04-29 10:50:06] INFO epoch 41 it 100/1704 loss 0.0180
[2026-04-29 10:50:06] INFO epoch 41 it 120/1704 loss 0.0183
[2026-04-29 10:50:07] INFO epoch 41 it 140/1704 loss 0.0177
[2026-04-29 10:50:07] INFO epoch 41 it 160/1704 loss 0.0177
[2026-04-29 10:50:07] INFO epoch 41 it 180/1704 loss 0.0181
[2026-04-29 10:50:07] INFO epoch 41 it 200/1704 loss 0.0190
[2026-04-29 10:50:08] INFO epoch 41 it 220/1704 loss 0.0182
[2026-04-29 10:50:08] INFO epoch 41 it 240/1704 loss 0.0197
[2026-04-29 10:50:08] INFO epoch 41 it 260/1704 loss 0.0183
[2026-04-29 10:50:08] INFO epoch 41 it 280/1704 loss 0.0185
[2026-04-29 10:50:09] INFO epoch 41 it 300/1704 loss 0.0183
[2026-04-29 10:50:09] INFO epoch 41 it 320/1704 loss 0.0190
[2026-04-29 10:50:09] INFO epoch 41 it 340/1704 loss 0.0181
[2026-04-29 10:50:09] INFO epoch 41 it 360/1704 loss 0.0196
[2026-04-29 10:50:10] INFO epoch 41 it 380/1704 loss 0.0174
[2026-04-29 10:50:10] INFO epoch 41 it 400/1704 loss 0.0184
[2026-04-29 10:50:10] INFO epoch 41 it 420/1704 loss 0.0178
[2026-04-29 10:50:10] INFO epoch 41 it 440/1704 loss 0.0183
[2026-04-29 10:50:11] INFO epoch 41 it 460/1704 loss 0.0186
[2026-04-29 10:50:11] INFO epoch 41 it 480/1704 loss 0.0178
[2026-04-29 10:50:11] INFO epoch 41 it 500/1704 loss 0.0175
[2026-04-29 10:50:11] INFO epoch 41 it 520/1704 loss 0.0193
[2026-04-29 10:50:12] INFO epoch 41 it 540/1704 loss 0.0198
[2026-04-29 10:50:12] INFO epoch 41 it 560/1704 loss 0.0172
[2026-04-29 10:50:12] INFO epoch 41 it 580/1704 loss 0.0187
[2026-04-29 10:50:12] INFO epoch 41 it 600/1704 loss 0.0186
[2026-04-29 10:50:13] INFO epoch 41 it 620/1704 loss 0.0190
[2026-04-29 10:50:13] INFO epoch 41 it 640/1704 loss 0.0177
[2026-04-29 10:50:13] INFO epoch 41 it 660/1704 loss 0.0197
[2026-04-29 10:50:13] INFO epoch 41 it 680/1704 loss 0.0183
[2026-04-29 10:50:14] INFO epoch 41 it 700/1704 loss 0.0190
[2026-04-29 10:50:14] INFO epoch 41 it 720/1704 loss 0.0193
[2026-04-29 10:50:14] INFO epoch 41 it 740/1704 loss 0.0181
[2026-04-29 10:50:15] INFO epoch 41 it 760/1704 loss 0.0182
[2026-04-29 10:50:15] INFO epoch 41 it 780/1704 loss 0.0188
[2026-04-29 10:50:15] INFO epoch 41 it 800/1704 loss 0.0181
[2026-04-29 10:50:15] INFO epoch 41 it 820/1704 loss 0.0193
[2026-04-29 10:50:16] INFO epoch 41 it 840/1704 loss 0.0181
[2026-04-29 10:50:16] INFO epoch 41 it 860/1704 loss 0.0180
[2026-04-29 10:50:16] INFO epoch 41 it 880/1704 loss 0.0197
[2026-04-29 10:50:16] INFO epoch 41 it 900/1704 loss 0.0187
[2026-04-29 10:50:17] INFO epoch 41 it 920/1704 loss 0.0193
[2026-04-29 10:50:17] INFO epoch 41 it 940/1704 loss 0.0185
[2026-04-29 10:50:17] INFO epoch 41 it 960/1704 loss 0.0181
[2026-04-29 10:50:17] INFO epoch 41 it 980/1704 loss 0.0179
[2026-04-29 10:50:18] INFO epoch 41 it 1000/1704 loss 0.0177
[2026-04-29 10:50:18] INFO epoch 41 it 1020/1704 loss 0.0182
[2026-04-29 10:50:18] INFO epoch 41 it 1040/1704 loss 0.0181
[2026-04-29 10:50:18] INFO epoch 41 it 1060/1704 loss 0.0179
[2026-04-29 10:50:19] INFO epoch 41 it 1080/1704 loss 0.0182
[2026-04-29 10:50:19] INFO epoch 41 it 1100/1704 loss 0.0183
[2026-04-29 10:50:19] INFO epoch 41 it 1120/1704 loss 0.0192
[2026-04-29 10:50:19] INFO epoch 41 it 1140/1704 loss 0.0188
[2026-04-29 10:50:20] INFO epoch 41 it 1160/1704 loss 0.0185
[2026-04-29 10:50:20] INFO epoch 41 it 1180/1704 loss 0.0182
[2026-04-29 10:50:20] INFO epoch 41 it 1200/1704 loss 0.0176
[2026-04-29 10:50:20] INFO epoch 41 it 1220/1704 loss 0.0180
[2026-04-29 10:50:21] INFO epoch 41 it 1240/1704 loss 0.0193
[2026-04-29 10:50:21] INFO epoch 41 it 1260/1704 loss 0.0185
[2026-04-29 10:50:21] INFO epoch 41 it 1280/1704 loss 0.0181
[2026-04-29 10:50:22] INFO epoch 41 it 1300/1704 loss 0.0183
[2026-04-29 10:50:22] INFO epoch 41 it 1320/1704 loss 0.0181
[2026-04-29 10:50:22] INFO epoch 41 it 1340/1704 loss 0.0183
[2026-04-29 10:50:22] INFO epoch 41 it 1360/1704 loss 0.0189
[2026-04-29 10:50:23] INFO epoch 41 it 1380/1704 loss 0.0188
[2026-04-29 10:50:23] INFO epoch 41 it 1400/1704 loss 0.0182
[2026-04-29 10:50:23] INFO epoch 41 it 1420/1704 loss 0.0195
[2026-04-29 10:50:23] INFO epoch 41 it 1440/1704 loss 0.0194
[2026-04-29 10:50:24] INFO epoch 41 it 1460/1704 loss 0.0188
[2026-04-29 10:50:24] INFO epoch 41 it 1480/1704 loss 0.0192
[2026-04-29 10:50:24] INFO epoch 41 it 1500/1704 loss 0.0176
[2026-04-29 10:50:24] INFO epoch 41 it 1520/1704 loss 0.0186
[2026-04-29 10:50:25] INFO epoch 41 it 1540/1704 loss 0.0195
[2026-04-29 10:50:25] INFO epoch 41 it 1560/1704 loss 0.0189
[2026-04-29 10:50:25] INFO epoch 41 it 1580/1704 loss 0.0181
[2026-04-29 10:50:25] INFO epoch 41 it 1600/1704 loss 0.0177
[2026-04-29 10:50:26] INFO epoch 41 it 1620/1704 loss 0.0186
[2026-04-29 10:50:26] INFO epoch 41 it 1640/1704 loss 0.0168
[2026-04-29 10:50:26] INFO epoch 41 it 1660/1704 loss 0.0190
[2026-04-29 10:50:27] INFO epoch 41 it 1680/1704 loss 0.0173
[2026-04-29 10:50:27] INFO epoch 41 it 1700/1704 loss 0.0197
[2026-04-29 10:50:28] INFO epoch 41 done in 58.4s lr=8.95e-05
[2026-04-29 10:51:08] INFO epoch 41 val MAE(HU): 26.69
[2026-04-29 10:51:43] INFO epoch 42 it 20/1704 loss 0.0173
[2026-04-29 10:51:44] INFO epoch 42 it 40/1704 loss 0.0189
[2026-04-29 10:51:44] INFO epoch 42 it 60/1704 loss 0.0180
[2026-04-29 10:51:44] INFO epoch 42 it 80/1704 loss 0.0180
[2026-04-29 10:51:45] INFO epoch 42 it 100/1704 loss 0.0196
[2026-04-29 10:51:45] INFO epoch 42 it 120/1704 loss 0.0189
[2026-04-29 10:51:45] INFO epoch 42 it 140/1704 loss 0.0180
[2026-04-29 10:51:45] INFO epoch 42 it 160/1704 loss 0.0178
[2026-04-29 10:51:46] INFO epoch 42 it 180/1704 loss 0.0190
[2026-04-29 10:51:46] INFO epoch 42 it 200/1704 loss 0.0194
[2026-04-29 10:51:46] INFO epoch 42 it 220/1704 loss 0.0184
[2026-04-29 10:51:46] INFO epoch 42 it 240/1704 loss 0.0185
[2026-04-29 10:51:47] INFO epoch 42 it 260/1704 loss 0.0190
[2026-04-29 10:51:47] INFO epoch 42 it 280/1704 loss 0.0192
[2026-04-29 10:51:47] INFO epoch 42 it 300/1704 loss 0.0196
[2026-04-29 10:51:47] INFO epoch 42 it 320/1704 loss 0.0171
[2026-04-29 10:51:48] INFO epoch 42 it 340/1704 loss 0.0178
[2026-04-29 10:51:48] INFO epoch 42 it 360/1704 loss 0.0173
[2026-04-29 10:51:48] INFO epoch 42 it 380/1704 loss 0.0185
[2026-04-29 10:51:49] INFO epoch 42 it 400/1704 loss 0.0183
[2026-04-29 10:51:49] INFO epoch 42 it 420/1704 loss 0.0183
[2026-04-29 10:51:49] INFO epoch 42 it 440/1704 loss 0.0189
[2026-04-29 10:51:49] INFO epoch 42 it 460/1704 loss 0.0170
[2026-04-29 10:51:50] INFO epoch 42 it 480/1704 loss 0.0190
[2026-04-29 10:51:50] INFO epoch 42 it 500/1704 loss 0.0191
[2026-04-29 10:51:50] INFO epoch 42 it 520/1704 loss 0.0195
[2026-04-29 10:51:50] INFO epoch 42 it 540/1704 loss 0.0180
[2026-04-29 10:51:51] INFO epoch 42 it 560/1704 loss 0.0187
[2026-04-29 10:51:51] INFO epoch 42 it 580/1704 loss 0.0196
[2026-04-29 10:51:51] INFO epoch 42 it 600/1704 loss 0.0178
[2026-04-29 10:51:51] INFO epoch 42 it 620/1704 loss 0.0183
[2026-04-29 10:51:52] INFO epoch 42 it 640/1704 loss 0.0188
[2026-04-29 10:51:52] INFO epoch 42 it 660/1704 loss 0.0192
[2026-04-29 10:51:52] INFO epoch 42 it 680/1704 loss 0.0172
[2026-04-29 10:51:53] INFO epoch 42 it 700/1704 loss 0.0181
[2026-04-29 10:51:53] INFO epoch 42 it 720/1704 loss 0.0186
[2026-04-29 10:51:53] INFO epoch 42 it 740/1704 loss 0.0181
[2026-04-29 10:51:53] INFO epoch 42 it 760/1704 loss 0.0177
[2026-04-29 10:51:54] INFO epoch 42 it 780/1704 loss 0.0185
[2026-04-29 10:51:54] INFO epoch 42 it 800/1704 loss 0.0162
[2026-04-29 10:51:54] INFO epoch 42 it 820/1704 loss 0.0177
[2026-04-29 10:51:54] INFO epoch 42 it 840/1704 loss 0.0177
[2026-04-29 10:51:55] INFO epoch 42 it 860/1704 loss 0.0196
[2026-04-29 10:51:55] INFO epoch 42 it 880/1704 loss 0.0180
[2026-04-29 10:51:55] INFO epoch 42 it 900/1704 loss 0.0192
[2026-04-29 10:51:55] INFO epoch 42 it 920/1704 loss 0.0185
[2026-04-29 10:51:56] INFO epoch 42 it 940/1704 loss 0.0192
[2026-04-29 10:51:56] INFO epoch 42 it 960/1704 loss 0.0184
[2026-04-29 10:51:56] INFO epoch 42 it 980/1704 loss 0.0187
[2026-04-29 10:51:57] INFO epoch 42 it 1000/1704 loss 0.0183
[2026-04-29 10:51:57] INFO epoch 42 it 1020/1704 loss 0.0190
[2026-04-29 10:51:57] INFO epoch 42 it 1040/1704 loss 0.0197
[2026-04-29 10:51:57] INFO epoch 42 it 1060/1704 loss 0.0181
[2026-04-29 10:51:58] INFO epoch 42 it 1080/1704 loss 0.0186
[2026-04-29 10:51:58] INFO epoch 42 it 1100/1704 loss 0.0187
[2026-04-29 10:51:58] INFO epoch 42 it 1120/1704 loss 0.0180
[2026-04-29 10:51:58] INFO epoch 42 it 1140/1704 loss 0.0185
[2026-04-29 10:51:59] INFO epoch 42 it 1160/1704 loss 0.0183
[2026-04-29 10:51:59] INFO epoch 42 it 1180/1704 loss 0.0186
[2026-04-29 10:51:59] INFO epoch 42 it 1200/1704 loss 0.0177
[2026-04-29 10:51:59] INFO epoch 42 it 1220/1704 loss 0.0187
[2026-04-29 10:52:00] INFO epoch 42 it 1240/1704 loss 0.0186
[2026-04-29 10:52:00] INFO epoch 42 it 1260/1704 loss 0.0176
[2026-04-29 10:52:00] INFO epoch 42 it 1280/1704 loss 0.0194
[2026-04-29 10:52:00] INFO epoch 42 it 1300/1704 loss 0.0174
[2026-04-29 10:52:01] INFO epoch 42 it 1320/1704 loss 0.0183
[2026-04-29 10:52:01] INFO epoch 42 it 1340/1704 loss 0.0179
[2026-04-29 10:52:01] INFO epoch 42 it 1360/1704 loss 0.0188
[2026-04-29 10:52:02] INFO epoch 42 it 1380/1704 loss 0.0166
[2026-04-29 10:52:02] INFO epoch 42 it 1400/1704 loss 0.0176
[2026-04-29 10:52:02] INFO epoch 42 it 1420/1704 loss 0.0172
[2026-04-29 10:52:02] INFO epoch 42 it 1440/1704 loss 0.0179
[2026-04-29 10:52:03] INFO epoch 42 it 1460/1704 loss 0.0179
[2026-04-29 10:52:03] INFO epoch 42 it 1480/1704 loss 0.0181
[2026-04-29 10:52:03] INFO epoch 42 it 1500/1704 loss 0.0164
[2026-04-29 10:52:03] INFO epoch 42 it 1520/1704 loss 0.0196
[2026-04-29 10:52:04] INFO epoch 42 it 1540/1704 loss 0.0182
[2026-04-29 10:52:04] INFO epoch 42 it 1560/1704 loss 0.0173
[2026-04-29 10:52:04] INFO epoch 42 it 1580/1704 loss 0.0189
[2026-04-29 10:52:04] INFO epoch 42 it 1600/1704 loss 0.0183
[2026-04-29 10:52:05] INFO epoch 42 it 1620/1704 loss 0.0175
[2026-04-29 10:52:05] INFO epoch 42 it 1640/1704 loss 0.0180
[2026-04-29 10:52:05] INFO epoch 42 it 1660/1704 loss 0.0192
[2026-04-29 10:52:06] INFO epoch 42 it 1680/1704 loss 0.0184
[2026-04-29 10:52:06] INFO epoch 42 it 1700/1704 loss 0.0184
[2026-04-29 10:52:08] INFO epoch 42 done in 59.5s lr=8.90e-05
[2026-04-29 10:52:47] INFO epoch 42 val MAE(HU): 26.55
[2026-04-29 10:52:47] INFO new best MAE: 26.55 ¡æ saved best.pth
[2026-04-29 10:53:24] INFO epoch 43 it 20/1704 loss 0.0169
[2026-04-29 10:53:25] INFO epoch 43 it 40/1704 loss 0.0179
[2026-04-29 10:53:25] INFO epoch 43 it 60/1704 loss 0.0175
[2026-04-29 10:53:25] INFO epoch 43 it 80/1704 loss 0.0179
[2026-04-29 10:53:25] INFO epoch 43 it 100/1704 loss 0.0193
[2026-04-29 10:53:26] INFO epoch 43 it 120/1704 loss 0.0189
[2026-04-29 10:53:26] INFO epoch 43 it 140/1704 loss 0.0180
[2026-04-29 10:53:26] INFO epoch 43 it 160/1704 loss 0.0191
[2026-04-29 10:53:26] INFO epoch 43 it 180/1704 loss 0.0189
[2026-04-29 10:53:27] INFO epoch 43 it 200/1704 loss 0.0164
[2026-04-29 10:53:27] INFO epoch 43 it 220/1704 loss 0.0180
[2026-04-29 10:53:27] INFO epoch 43 it 240/1704 loss 0.0187
[2026-04-29 10:53:27] INFO epoch 43 it 260/1704 loss 0.0177
[2026-04-29 10:53:28] INFO epoch 43 it 280/1704 loss 0.0171
[2026-04-29 10:53:28] INFO epoch 43 it 300/1704 loss 0.0185
[2026-04-29 10:53:28] INFO epoch 43 it 320/1704 loss 0.0186
[2026-04-29 10:53:29] INFO epoch 43 it 340/1704 loss 0.0186
[2026-04-29 10:53:29] INFO epoch 43 it 360/1704 loss 0.0173
[2026-04-29 10:53:29] INFO epoch 43 it 380/1704 loss 0.0173
[2026-04-29 10:53:29] INFO epoch 43 it 400/1704 loss 0.0179
[2026-04-29 10:53:30] INFO epoch 43 it 420/1704 loss 0.0183
[2026-04-29 10:53:30] INFO epoch 43 it 440/1704 loss 0.0199
[2026-04-29 10:53:30] INFO epoch 43 it 460/1704 loss 0.0186
[2026-04-29 10:53:30] INFO epoch 43 it 480/1704 loss 0.0184
[2026-04-29 10:53:31] INFO epoch 43 it 500/1704 loss 0.0184
[2026-04-29 10:53:31] INFO epoch 43 it 520/1704 loss 0.0171
[2026-04-29 10:53:31] INFO epoch 43 it 540/1704 loss 0.0195
[2026-04-29 10:53:31] INFO epoch 43 it 560/1704 loss 0.0190
[2026-04-29 10:53:32] INFO epoch 43 it 580/1704 loss 0.0186
[2026-04-29 10:53:32] INFO epoch 43 it 600/1704 loss 0.0186
[2026-04-29 10:53:32] INFO epoch 43 it 620/1704 loss 0.0173
[2026-04-29 10:53:33] INFO epoch 43 it 640/1704 loss 0.0183
[2026-04-29 10:53:33] INFO epoch 43 it 660/1704 loss 0.0181
[2026-04-29 10:53:33] INFO epoch 43 it 680/1704 loss 0.0167
[2026-04-29 10:53:33] INFO epoch 43 it 700/1704 loss 0.0184
[2026-04-29 10:53:34] INFO epoch 43 it 720/1704 loss 0.0184
[2026-04-29 10:53:34] INFO epoch 43 it 740/1704 loss 0.0188
[2026-04-29 10:53:34] INFO epoch 43 it 760/1704 loss 0.0179
[2026-04-29 10:53:34] INFO epoch 43 it 780/1704 loss 0.0193
[2026-04-29 10:53:35] INFO epoch 43 it 800/1704 loss 0.0194
[2026-04-29 10:53:35] INFO epoch 43 it 820/1704 loss 0.0188
[2026-04-29 10:53:35] INFO epoch 43 it 840/1704 loss 0.0178
[2026-04-29 10:53:35] INFO epoch 43 it 860/1704 loss 0.0182
[2026-04-29 10:53:36] INFO epoch 43 it 880/1704 loss 0.0181
[2026-04-29 10:53:36] INFO epoch 43 it 900/1704 loss 0.0177
[2026-04-29 10:53:36] INFO epoch 43 it 920/1704 loss 0.0186
[2026-04-29 10:53:36] INFO epoch 43 it 940/1704 loss 0.0189
[2026-04-29 10:53:37] INFO epoch 43 it 960/1704 loss 0.0185
[2026-04-29 10:53:37] INFO epoch 43 it 980/1704 loss 0.0175
[2026-04-29 10:53:37] INFO epoch 43 it 1000/1704 loss 0.0178
[2026-04-29 10:53:38] INFO epoch 43 it 1020/1704 loss 0.0181
[2026-04-29 10:53:38] INFO epoch 43 it 1040/1704 loss 0.0194
[2026-04-29 10:53:38] INFO epoch 43 it 1060/1704 loss 0.0181
[2026-04-29 10:53:38] INFO epoch 43 it 1080/1704 loss 0.0184
[2026-04-29 10:53:39] INFO epoch 43 it 1100/1704 loss 0.0176
[2026-04-29 10:53:39] INFO epoch 43 it 1120/1704 loss 0.0196
[2026-04-29 10:53:39] INFO epoch 43 it 1140/1704 loss 0.0187
[2026-04-29 10:53:39] INFO epoch 43 it 1160/1704 loss 0.0188
[2026-04-29 10:53:40] INFO epoch 43 it 1180/1704 loss 0.0192
[2026-04-29 10:53:40] INFO epoch 43 it 1200/1704 loss 0.0165
[2026-04-29 10:53:40] INFO epoch 43 it 1220/1704 loss 0.0185
[2026-04-29 10:53:40] INFO epoch 43 it 1240/1704 loss 0.0189
[2026-04-29 10:53:41] INFO epoch 43 it 1260/1704 loss 0.0181
[2026-04-29 10:53:41] INFO epoch 43 it 1280/1704 loss 0.0175
[2026-04-29 10:53:41] INFO epoch 43 it 1300/1704 loss 0.0185
[2026-04-29 10:53:41] INFO epoch 43 it 1320/1704 loss 0.0183
[2026-04-29 10:53:42] INFO epoch 43 it 1340/1704 loss 0.0179
[2026-04-29 10:53:42] INFO epoch 43 it 1360/1704 loss 0.0175
[2026-04-29 10:53:42] INFO epoch 43 it 1380/1704 loss 0.0183
[2026-04-29 10:53:42] INFO epoch 43 it 1400/1704 loss 0.0182
[2026-04-29 10:53:43] INFO epoch 43 it 1420/1704 loss 0.0196
[2026-04-29 10:53:43] INFO epoch 43 it 1440/1704 loss 0.0189
[2026-04-29 10:53:43] INFO epoch 43 it 1460/1704 loss 0.0182
[2026-04-29 10:53:44] INFO epoch 43 it 1480/1704 loss 0.0175
[2026-04-29 10:53:44] INFO epoch 43 it 1500/1704 loss 0.0188
[2026-04-29 10:53:44] INFO epoch 43 it 1520/1704 loss 0.0177
[2026-04-29 10:53:44] INFO epoch 43 it 1540/1704 loss 0.0173
[2026-04-29 10:53:45] INFO epoch 43 it 1560/1704 loss 0.0182
[2026-04-29 10:53:45] INFO epoch 43 it 1580/1704 loss 0.0194
[2026-04-29 10:53:45] INFO epoch 43 it 1600/1704 loss 0.0189
[2026-04-29 10:53:45] INFO epoch 43 it 1620/1704 loss 0.0185
[2026-04-29 10:53:46] INFO epoch 43 it 1640/1704 loss 0.0174
[2026-04-29 10:53:46] INFO epoch 43 it 1660/1704 loss 0.0179
[2026-04-29 10:53:46] INFO epoch 43 it 1680/1704 loss 0.0180
[2026-04-29 10:53:46] INFO epoch 43 it 1700/1704 loss 0.0194
[2026-04-29 10:53:48] INFO epoch 43 done in 60.5s lr=8.85e-05
[2026-04-29 10:54:29] INFO epoch 43 val MAE(HU): 26.67
[2026-04-29 10:55:06] INFO epoch 44 it 20/1704 loss 0.0180
[2026-04-29 10:55:06] INFO epoch 44 it 40/1704 loss 0.0183
[2026-04-29 10:55:06] INFO epoch 44 it 60/1704 loss 0.0184
[2026-04-29 10:55:07] INFO epoch 44 it 80/1704 loss 0.0182
[2026-04-29 10:55:07] INFO epoch 44 it 100/1704 loss 0.0180
[2026-04-29 10:55:07] INFO epoch 44 it 120/1704 loss 0.0190
[2026-04-29 10:55:07] INFO epoch 44 it 140/1704 loss 0.0183
[2026-04-29 10:55:08] INFO epoch 44 it 160/1704 loss 0.0181
[2026-04-29 10:55:08] INFO epoch 44 it 180/1704 loss 0.0177
[2026-04-29 10:55:08] INFO epoch 44 it 200/1704 loss 0.0193
[2026-04-29 10:55:08] INFO epoch 44 it 220/1704 loss 0.0182
[2026-04-29 10:55:09] INFO epoch 44 it 240/1704 loss 0.0176
[2026-04-29 10:55:09] INFO epoch 44 it 260/1704 loss 0.0176
[2026-04-29 10:55:09] INFO epoch 44 it 280/1704 loss 0.0178
[2026-04-29 10:55:09] INFO epoch 44 it 300/1704 loss 0.0175
[2026-04-29 10:55:10] INFO epoch 44 it 320/1704 loss 0.0189
[2026-04-29 10:55:10] INFO epoch 44 it 340/1704 loss 0.0170
[2026-04-29 10:55:10] INFO epoch 44 it 360/1704 loss 0.0183
[2026-04-29 10:55:11] INFO epoch 44 it 380/1704 loss 0.0178
[2026-04-29 10:55:11] INFO epoch 44 it 400/1704 loss 0.0172
[2026-04-29 10:55:11] INFO epoch 44 it 420/1704 loss 0.0188
[2026-04-29 10:55:11] INFO epoch 44 it 440/1704 loss 0.0177
[2026-04-29 10:55:12] INFO epoch 44 it 460/1704 loss 0.0191
[2026-04-29 10:55:12] INFO epoch 44 it 480/1704 loss 0.0176
[2026-04-29 10:55:12] INFO epoch 44 it 500/1704 loss 0.0188
[2026-04-29 10:55:12] INFO epoch 44 it 520/1704 loss 0.0173
[2026-04-29 10:55:13] INFO epoch 44 it 540/1704 loss 0.0181
[2026-04-29 10:55:13] INFO epoch 44 it 560/1704 loss 0.0176
[2026-04-29 10:55:13] INFO epoch 44 it 580/1704 loss 0.0186
[2026-04-29 10:55:13] INFO epoch 44 it 600/1704 loss 0.0182
[2026-04-29 10:55:14] INFO epoch 44 it 620/1704 loss 0.0183
[2026-04-29 10:55:14] INFO epoch 44 it 640/1704 loss 0.0192
[2026-04-29 10:55:14] INFO epoch 44 it 660/1704 loss 0.0182
[2026-04-29 10:55:14] INFO epoch 44 it 680/1704 loss 0.0187
[2026-04-29 10:55:15] INFO epoch 44 it 700/1704 loss 0.0183
[2026-04-29 10:55:15] INFO epoch 44 it 720/1704 loss 0.0175
[2026-04-29 10:55:15] INFO epoch 44 it 740/1704 loss 0.0182
[2026-04-29 10:55:15] INFO epoch 44 it 760/1704 loss 0.0178
[2026-04-29 10:55:16] INFO epoch 44 it 780/1704 loss 0.0181
[2026-04-29 10:55:16] INFO epoch 44 it 800/1704 loss 0.0187
[2026-04-29 10:55:16] INFO epoch 44 it 820/1704 loss 0.0177
[2026-04-29 10:55:17] INFO epoch 44 it 840/1704 loss 0.0177
[2026-04-29 10:55:17] INFO epoch 44 it 860/1704 loss 0.0187
[2026-04-29 10:55:17] INFO epoch 44 it 880/1704 loss 0.0177
[2026-04-29 10:55:17] INFO epoch 44 it 900/1704 loss 0.0184
[2026-04-29 10:55:18] INFO epoch 44 it 920/1704 loss 0.0183
[2026-04-29 10:55:18] INFO epoch 44 it 940/1704 loss 0.0177
[2026-04-29 10:55:18] INFO epoch 44 it 960/1704 loss 0.0182
[2026-04-29 10:55:18] INFO epoch 44 it 980/1704 loss 0.0176
[2026-04-29 10:55:19] INFO epoch 44 it 1000/1704 loss 0.0175
[2026-04-29 10:55:19] INFO epoch 44 it 1020/1704 loss 0.0179
[2026-04-29 10:55:19] INFO epoch 44 it 1040/1704 loss 0.0178
[2026-04-29 10:55:19] INFO epoch 44 it 1060/1704 loss 0.0173
[2026-04-29 10:55:20] INFO epoch 44 it 1080/1704 loss 0.0181
[2026-04-29 10:55:20] INFO epoch 44 it 1100/1704 loss 0.0189
[2026-04-29 10:55:20] INFO epoch 44 it 1120/1704 loss 0.0184
[2026-04-29 10:55:20] INFO epoch 44 it 1140/1704 loss 0.0187
[2026-04-29 10:55:21] INFO epoch 44 it 1160/1704 loss 0.0184
[2026-04-29 10:55:21] INFO epoch 44 it 1180/1704 loss 0.0177
[2026-04-29 10:55:21] INFO epoch 44 it 1200/1704 loss 0.0183
[2026-04-29 10:55:21] INFO epoch 44 it 1220/1704 loss 0.0187
[2026-04-29 10:55:22] INFO epoch 44 it 1240/1704 loss 0.0189
[2026-04-29 10:55:22] INFO epoch 44 it 1260/1704 loss 0.0175
[2026-04-29 10:55:22] INFO epoch 44 it 1280/1704 loss 0.0186
[2026-04-29 10:55:23] INFO epoch 44 it 1300/1704 loss 0.0182
[2026-04-29 10:55:23] INFO epoch 44 it 1320/1704 loss 0.0181
[2026-04-29 10:55:23] INFO epoch 44 it 1340/1704 loss 0.0188
[2026-04-29 10:55:23] INFO epoch 44 it 1360/1704 loss 0.0182
[2026-04-29 10:55:24] INFO epoch 44 it 1380/1704 loss 0.0182
[2026-04-29 10:55:24] INFO epoch 44 it 1400/1704 loss 0.0187
[2026-04-29 10:55:24] INFO epoch 44 it 1420/1704 loss 0.0190
[2026-04-29 10:55:24] INFO epoch 44 it 1440/1704 loss 0.0174
[2026-04-29 10:55:25] INFO epoch 44 it 1460/1704 loss 0.0177
[2026-04-29 10:55:25] INFO epoch 44 it 1480/1704 loss 0.0171
[2026-04-29 10:55:25] INFO epoch 44 it 1500/1704 loss 0.0171
[2026-04-29 10:55:25] INFO epoch 44 it 1520/1704 loss 0.0164
[2026-04-29 10:55:26] INFO epoch 44 it 1540/1704 loss 0.0174
[2026-04-29 10:55:26] INFO epoch 44 it 1560/1704 loss 0.0173
[2026-04-29 10:55:26] INFO epoch 44 it 1580/1704 loss 0.0190
[2026-04-29 10:55:26] INFO epoch 44 it 1600/1704 loss 0.0179
[2026-04-29 10:55:27] INFO epoch 44 it 1620/1704 loss 0.0184
[2026-04-29 10:55:27] INFO epoch 44 it 1640/1704 loss 0.0181
[2026-04-29 10:55:27] INFO epoch 44 it 1660/1704 loss 0.0182
[2026-04-29 10:55:28] INFO epoch 44 it 1680/1704 loss 0.0185
[2026-04-29 10:55:28] INFO epoch 44 it 1700/1704 loss 0.0189
[2026-04-29 10:55:29] INFO epoch 44 done in 60.6s lr=8.80e-05
[2026-04-29 10:56:09] INFO epoch 44 val MAE(HU): 26.61
[2026-04-29 10:56:44] INFO epoch 45 it 20/1704 loss 0.0172
[2026-04-29 10:56:44] INFO epoch 45 it 40/1704 loss 0.0170
[2026-04-29 10:56:44] INFO epoch 45 it 60/1704 loss 0.0187
[2026-04-29 10:56:45] INFO epoch 45 it 80/1704 loss 0.0163
[2026-04-29 10:56:45] INFO epoch 45 it 100/1704 loss 0.0183
[2026-04-29 10:56:45] INFO epoch 45 it 120/1704 loss 0.0174
[2026-04-29 10:56:46] INFO epoch 45 it 140/1704 loss 0.0186
[2026-04-29 10:56:46] INFO epoch 45 it 160/1704 loss 0.0193
[2026-04-29 10:56:46] INFO epoch 45 it 180/1704 loss 0.0176
[2026-04-29 10:56:46] INFO epoch 45 it 200/1704 loss 0.0180
[2026-04-29 10:56:47] INFO epoch 45 it 220/1704 loss 0.0172
[2026-04-29 10:56:47] INFO epoch 45 it 240/1704 loss 0.0181
[2026-04-29 10:56:47] INFO epoch 45 it 260/1704 loss 0.0178
[2026-04-29 10:56:47] INFO epoch 45 it 280/1704 loss 0.0184
[2026-04-29 10:56:48] INFO epoch 45 it 300/1704 loss 0.0182
[2026-04-29 10:56:48] INFO epoch 45 it 320/1704 loss 0.0189
[2026-04-29 10:56:48] INFO epoch 45 it 340/1704 loss 0.0197
[2026-04-29 10:56:48] INFO epoch 45 it 360/1704 loss 0.0178
[2026-04-29 10:56:49] INFO epoch 45 it 380/1704 loss 0.0179
[2026-04-29 10:56:49] INFO epoch 45 it 400/1704 loss 0.0176
[2026-04-29 10:56:49] INFO epoch 45 it 420/1704 loss 0.0185
[2026-04-29 10:56:49] INFO epoch 45 it 440/1704 loss 0.0174
[2026-04-29 10:56:50] INFO epoch 45 it 460/1704 loss 0.0175
[2026-04-29 10:56:50] INFO epoch 45 it 480/1704 loss 0.0174
[2026-04-29 10:56:50] INFO epoch 45 it 500/1704 loss 0.0184
[2026-04-29 10:56:50] INFO epoch 45 it 520/1704 loss 0.0176
[2026-04-29 10:56:51] INFO epoch 45 it 540/1704 loss 0.0172
[2026-04-29 10:56:51] INFO epoch 45 it 560/1704 loss 0.0166
[2026-04-29 10:56:51] INFO epoch 45 it 580/1704 loss 0.0185
[2026-04-29 10:56:52] INFO epoch 45 it 600/1704 loss 0.0183
[2026-04-29 10:56:52] INFO epoch 45 it 620/1704 loss 0.0176
[2026-04-29 10:56:52] INFO epoch 45 it 640/1704 loss 0.0169
[2026-04-29 10:56:52] INFO epoch 45 it 660/1704 loss 0.0180
[2026-04-29 10:56:53] INFO epoch 45 it 680/1704 loss 0.0184
[2026-04-29 10:56:53] INFO epoch 45 it 700/1704 loss 0.0167
[2026-04-29 10:56:53] INFO epoch 45 it 720/1704 loss 0.0188
[2026-04-29 10:56:53] INFO epoch 45 it 740/1704 loss 0.0182
[2026-04-29 10:56:54] INFO epoch 45 it 760/1704 loss 0.0184
[2026-04-29 10:56:54] INFO epoch 45 it 780/1704 loss 0.0186
[2026-04-29 10:56:54] INFO epoch 45 it 800/1704 loss 0.0175
[2026-04-29 10:56:54] INFO epoch 45 it 820/1704 loss 0.0183
[2026-04-29 10:56:55] INFO epoch 45 it 840/1704 loss 0.0184
[2026-04-29 10:56:55] INFO epoch 45 it 860/1704 loss 0.0192
[2026-04-29 10:56:55] INFO epoch 45 it 880/1704 loss 0.0174
[2026-04-29 10:56:55] INFO epoch 45 it 900/1704 loss 0.0181
[2026-04-29 10:56:56] INFO epoch 45 it 920/1704 loss 0.0185
[2026-04-29 10:56:56] INFO epoch 45 it 940/1704 loss 0.0173
[2026-04-29 10:56:56] INFO epoch 45 it 960/1704 loss 0.0183
[2026-04-29 10:56:56] INFO epoch 45 it 980/1704 loss 0.0184
[2026-04-29 10:56:57] INFO epoch 45 it 1000/1704 loss 0.0178
[2026-04-29 10:56:57] INFO epoch 45 it 1020/1704 loss 0.0185
[2026-04-29 10:56:57] INFO epoch 45 it 1040/1704 loss 0.0175
[2026-04-29 10:56:58] INFO epoch 45 it 1060/1704 loss 0.0167
[2026-04-29 10:56:58] INFO epoch 45 it 1080/1704 loss 0.0170
[2026-04-29 10:56:58] INFO epoch 45 it 1100/1704 loss 0.0198
[2026-04-29 10:56:58] INFO epoch 45 it 1120/1704 loss 0.0193
[2026-04-29 10:56:59] INFO epoch 45 it 1140/1704 loss 0.0182
[2026-04-29 10:56:59] INFO epoch 45 it 1160/1704 loss 0.0189
[2026-04-29 10:56:59] INFO epoch 45 it 1180/1704 loss 0.0187
[2026-04-29 10:56:59] INFO epoch 45 it 1200/1704 loss 0.0179
[2026-04-29 10:57:00] INFO epoch 45 it 1220/1704 loss 0.0174
[2026-04-29 10:57:00] INFO epoch 45 it 1240/1704 loss 0.0184
[2026-04-29 10:57:00] INFO epoch 45 it 1260/1704 loss 0.0180
[2026-04-29 10:57:00] INFO epoch 45 it 1280/1704 loss 0.0183
[2026-04-29 10:57:01] INFO epoch 45 it 1300/1704 loss 0.0182
[2026-04-29 10:57:01] INFO epoch 45 it 1320/1704 loss 0.0181
[2026-04-29 10:57:01] INFO epoch 45 it 1340/1704 loss 0.0180
[2026-04-29 10:57:01] INFO epoch 45 it 1360/1704 loss 0.0182
[2026-04-29 10:57:02] INFO epoch 45 it 1380/1704 loss 0.0176
[2026-04-29 10:57:02] INFO epoch 45 it 1400/1704 loss 0.0193
[2026-04-29 10:57:02] INFO epoch 45 it 1420/1704 loss 0.0172
[2026-04-29 10:57:03] INFO epoch 45 it 1440/1704 loss 0.0193
[2026-04-29 10:57:03] INFO epoch 45 it 1460/1704 loss 0.0184
[2026-04-29 10:57:03] INFO epoch 45 it 1480/1704 loss 0.0173
[2026-04-29 10:57:03] INFO epoch 45 it 1500/1704 loss 0.0186
[2026-04-29 10:57:04] INFO epoch 45 it 1520/1704 loss 0.0175
[2026-04-29 10:57:04] INFO epoch 45 it 1540/1704 loss 0.0177
[2026-04-29 10:57:04] INFO epoch 45 it 1560/1704 loss 0.0179
[2026-04-29 10:57:04] INFO epoch 45 it 1580/1704 loss 0.0175
[2026-04-29 10:57:05] INFO epoch 45 it 1600/1704 loss 0.0185
[2026-04-29 10:57:05] INFO epoch 45 it 1620/1704 loss 0.0193
[2026-04-29 10:57:05] INFO epoch 45 it 1640/1704 loss 0.0182
[2026-04-29 10:57:05] INFO epoch 45 it 1660/1704 loss 0.0175
[2026-04-29 10:57:06] INFO epoch 45 it 1680/1704 loss 0.0174
[2026-04-29 10:57:06] INFO epoch 45 it 1700/1704 loss 0.0190
[2026-04-29 10:57:08] INFO epoch 45 done in 58.8s lr=8.75e-05
[2026-04-29 10:57:47] INFO epoch 45 val MAE(HU): 26.46
[2026-04-29 10:57:47] INFO new best MAE: 26.46 ¡æ saved best.pth
[2026-04-29 10:58:22] INFO epoch 46 it 20/1704 loss 0.0179
[2026-04-29 10:58:22] INFO epoch 46 it 40/1704 loss 0.0185
[2026-04-29 10:58:23] INFO epoch 46 it 60/1704 loss 0.0180
[2026-04-29 10:58:23] INFO epoch 46 it 80/1704 loss 0.0176
[2026-04-29 10:58:23] INFO epoch 46 it 100/1704 loss 0.0170
[2026-04-29 10:58:23] INFO epoch 46 it 120/1704 loss 0.0178
[2026-04-29 10:58:24] INFO epoch 46 it 140/1704 loss 0.0175
[2026-04-29 10:58:24] INFO epoch 46 it 160/1704 loss 0.0180
[2026-04-29 10:58:24] INFO epoch 46 it 180/1704 loss 0.0174
[2026-04-29 10:58:24] INFO epoch 46 it 200/1704 loss 0.0187
[2026-04-29 10:58:25] INFO epoch 46 it 220/1704 loss 0.0184
[2026-04-29 10:58:25] INFO epoch 46 it 240/1704 loss 0.0176
[2026-04-29 10:58:25] INFO epoch 46 it 260/1704 loss 0.0175
[2026-04-29 10:58:26] INFO epoch 46 it 280/1704 loss 0.0181
[2026-04-29 10:58:26] INFO epoch 46 it 300/1704 loss 0.0178
[2026-04-29 10:58:26] INFO epoch 46 it 320/1704 loss 0.0190
[2026-04-29 10:58:26] INFO epoch 46 it 340/1704 loss 0.0175
[2026-04-29 10:58:27] INFO epoch 46 it 360/1704 loss 0.0182
[2026-04-29 10:58:27] INFO epoch 46 it 380/1704 loss 0.0183
[2026-04-29 10:58:27] INFO epoch 46 it 400/1704 loss 0.0181
[2026-04-29 10:58:27] INFO epoch 46 it 420/1704 loss 0.0176
[2026-04-29 10:58:28] INFO epoch 46 it 440/1704 loss 0.0186
[2026-04-29 10:58:28] INFO epoch 46 it 460/1704 loss 0.0177
[2026-04-29 10:58:28] INFO epoch 46 it 480/1704 loss 0.0187
[2026-04-29 10:58:28] INFO epoch 46 it 500/1704 loss 0.0178
[2026-04-29 10:58:29] INFO epoch 46 it 520/1704 loss 0.0184
[2026-04-29 10:58:29] INFO epoch 46 it 540/1704 loss 0.0163
[2026-04-29 10:58:29] INFO epoch 46 it 560/1704 loss 0.0174
[2026-04-29 10:58:29] INFO epoch 46 it 580/1704 loss 0.0186
[2026-04-29 10:58:30] INFO epoch 46 it 600/1704 loss 0.0181
[2026-04-29 10:58:30] INFO epoch 46 it 620/1704 loss 0.0162
[2026-04-29 10:58:30] INFO epoch 46 it 640/1704 loss 0.0178
[2026-04-29 10:58:30] INFO epoch 46 it 660/1704 loss 0.0179
[2026-04-29 10:58:31] INFO epoch 46 it 680/1704 loss 0.0175
[2026-04-29 10:58:31] INFO epoch 46 it 700/1704 loss 0.0174
[2026-04-29 10:58:31] INFO epoch 46 it 720/1704 loss 0.0183
[2026-04-29 10:58:32] INFO epoch 46 it 740/1704 loss 0.0168
[2026-04-29 10:58:32] INFO epoch 46 it 760/1704 loss 0.0185
[2026-04-29 10:58:32] INFO epoch 46 it 780/1704 loss 0.0180
[2026-04-29 10:58:32] INFO epoch 46 it 800/1704 loss 0.0179
[2026-04-29 10:58:33] INFO epoch 46 it 820/1704 loss 0.0167
[2026-04-29 10:58:33] INFO epoch 46 it 840/1704 loss 0.0190
[2026-04-29 10:58:33] INFO epoch 46 it 860/1704 loss 0.0174
[2026-04-29 10:58:33] INFO epoch 46 it 880/1704 loss 0.0167
[2026-04-29 10:58:34] INFO epoch 46 it 900/1704 loss 0.0185
[2026-04-29 10:58:34] INFO epoch 46 it 920/1704 loss 0.0187
[2026-04-29 10:58:34] INFO epoch 46 it 940/1704 loss 0.0177
[2026-04-29 10:58:34] INFO epoch 46 it 960/1704 loss 0.0191
[2026-04-29 10:58:35] INFO epoch 46 it 980/1704 loss 0.0177
[2026-04-29 10:58:35] INFO epoch 46 it 1000/1704 loss 0.0190
[2026-04-29 10:58:35] INFO epoch 46 it 1020/1704 loss 0.0179
[2026-04-29 10:58:35] INFO epoch 46 it 1040/1704 loss 0.0181
[2026-04-29 10:58:36] INFO epoch 46 it 1060/1704 loss 0.0183
[2026-04-29 10:58:36] INFO epoch 46 it 1080/1704 loss 0.0194
[2026-04-29 10:58:36] INFO epoch 46 it 1100/1704 loss 0.0174
[2026-04-29 10:58:36] INFO epoch 46 it 1120/1704 loss 0.0188
[2026-04-29 10:58:37] INFO epoch 46 it 1140/1704 loss 0.0177
[2026-04-29 10:58:37] INFO epoch 46 it 1160/1704 loss 0.0172
[2026-04-29 10:58:37] INFO epoch 46 it 1180/1704 loss 0.0172
[2026-04-29 10:58:38] INFO epoch 46 it 1200/1704 loss 0.0172
[2026-04-29 10:58:38] INFO epoch 46 it 1220/1704 loss 0.0179
[2026-04-29 10:58:38] INFO epoch 46 it 1240/1704 loss 0.0188
[2026-04-29 10:58:38] INFO epoch 46 it 1260/1704 loss 0.0174
[2026-04-29 10:58:39] INFO epoch 46 it 1280/1704 loss 0.0173
[2026-04-29 10:58:39] INFO epoch 46 it 1300/1704 loss 0.0181
[2026-04-29 10:58:39] INFO epoch 46 it 1320/1704 loss 0.0176
[2026-04-29 10:58:39] INFO epoch 46 it 1340/1704 loss 0.0192
[2026-04-29 10:58:40] INFO epoch 46 it 1360/1704 loss 0.0166
[2026-04-29 10:58:40] INFO epoch 46 it 1380/1704 loss 0.0178
[2026-04-29 10:58:40] INFO epoch 46 it 1400/1704 loss 0.0176
[2026-04-29 10:58:40] INFO epoch 46 it 1420/1704 loss 0.0182
[2026-04-29 10:58:41] INFO epoch 46 it 1440/1704 loss 0.0182
[2026-04-29 10:58:41] INFO epoch 46 it 1460/1704 loss 0.0172
[2026-04-29 10:58:41] INFO epoch 46 it 1480/1704 loss 0.0176
[2026-04-29 10:58:42] INFO epoch 46 it 1500/1704 loss 0.0185
[2026-04-29 10:58:42] INFO epoch 46 it 1520/1704 loss 0.0188
[2026-04-29 10:58:42] INFO epoch 46 it 1540/1704 loss 0.0183
[2026-04-29 10:58:42] INFO epoch 46 it 1560/1704 loss 0.0177
[2026-04-29 10:58:43] INFO epoch 46 it 1580/1704 loss 0.0178
[2026-04-29 10:58:43] INFO epoch 46 it 1600/1704 loss 0.0174
[2026-04-29 10:58:43] INFO epoch 46 it 1620/1704 loss 0.0186
[2026-04-29 10:58:43] INFO epoch 46 it 1640/1704 loss 0.0180
[2026-04-29 10:58:44] INFO epoch 46 it 1660/1704 loss 0.0177
[2026-04-29 10:58:44] INFO epoch 46 it 1680/1704 loss 0.0180
[2026-04-29 10:58:44] INFO epoch 46 it 1700/1704 loss 0.0180
[2026-04-29 10:58:46] INFO epoch 46 done in 58.3s lr=8.70e-05
[2026-04-29 10:59:26] INFO epoch 46 val MAE(HU): 26.58
[2026-04-29 11:00:00] INFO epoch 47 it 20/1704 loss 0.0183
[2026-04-29 11:00:00] INFO epoch 47 it 40/1704 loss 0.0184
[2026-04-29 11:00:01] INFO epoch 47 it 60/1704 loss 0.0188
[2026-04-29 11:00:01] INFO epoch 47 it 80/1704 loss 0.0162
[2026-04-29 11:00:01] INFO epoch 47 it 100/1704 loss 0.0167
[2026-04-29 11:00:01] INFO epoch 47 it 120/1704 loss 0.0170
[2026-04-29 11:00:02] INFO epoch 47 it 140/1704 loss 0.0190
[2026-04-29 11:00:02] INFO epoch 47 it 160/1704 loss 0.0178
[2026-04-29 11:00:02] INFO epoch 47 it 180/1704 loss 0.0176
[2026-04-29 11:00:03] INFO epoch 47 it 200/1704 loss 0.0186
[2026-04-29 11:00:03] INFO epoch 47 it 220/1704 loss 0.0180
[2026-04-29 11:00:03] INFO epoch 47 it 240/1704 loss 0.0172
[2026-04-29 11:00:03] INFO epoch 47 it 260/1704 loss 0.0171
[2026-04-29 11:00:04] INFO epoch 47 it 280/1704 loss 0.0161
[2026-04-29 11:00:04] INFO epoch 47 it 300/1704 loss 0.0192
[2026-04-29 11:00:04] INFO epoch 47 it 320/1704 loss 0.0177
[2026-04-29 11:00:04] INFO epoch 47 it 340/1704 loss 0.0179
[2026-04-29 11:00:05] INFO epoch 47 it 360/1704 loss 0.0184
[2026-04-29 11:00:05] INFO epoch 47 it 380/1704 loss 0.0180
[2026-04-29 11:00:05] INFO epoch 47 it 400/1704 loss 0.0174
[2026-04-29 11:00:05] INFO epoch 47 it 420/1704 loss 0.0175
[2026-04-29 11:00:06] INFO epoch 47 it 440/1704 loss 0.0180
[2026-04-29 11:00:06] INFO epoch 47 it 460/1704 loss 0.0179
[2026-04-29 11:00:06] INFO epoch 47 it 480/1704 loss 0.0181
[2026-04-29 11:00:06] INFO epoch 47 it 500/1704 loss 0.0184
[2026-04-29 11:00:07] INFO epoch 47 it 520/1704 loss 0.0171
[2026-04-29 11:00:07] INFO epoch 47 it 540/1704 loss 0.0175
[2026-04-29 11:00:07] INFO epoch 47 it 560/1704 loss 0.0165
[2026-04-29 11:00:07] INFO epoch 47 it 580/1704 loss 0.0183
[2026-04-29 11:00:08] INFO epoch 47 it 600/1704 loss 0.0176
[2026-04-29 11:00:08] INFO epoch 47 it 620/1704 loss 0.0191
[2026-04-29 11:00:08] INFO epoch 47 it 640/1704 loss 0.0180
[2026-04-29 11:00:08] INFO epoch 47 it 660/1704 loss 0.0173
[2026-04-29 11:00:09] INFO epoch 47 it 680/1704 loss 0.0180
[2026-04-29 11:00:09] INFO epoch 47 it 700/1704 loss 0.0180
[2026-04-29 11:00:09] INFO epoch 47 it 720/1704 loss 0.0174
[2026-04-29 11:00:10] INFO epoch 47 it 740/1704 loss 0.0180
[2026-04-29 11:00:10] INFO epoch 47 it 760/1704 loss 0.0173
[2026-04-29 11:00:10] INFO epoch 47 it 780/1704 loss 0.0185
[2026-04-29 11:00:10] INFO epoch 47 it 800/1704 loss 0.0173
[2026-04-29 11:00:11] INFO epoch 47 it 820/1704 loss 0.0169
[2026-04-29 11:00:11] INFO epoch 47 it 840/1704 loss 0.0179
[2026-04-29 11:00:11] INFO epoch 47 it 860/1704 loss 0.0170
[2026-04-29 11:00:11] INFO epoch 47 it 880/1704 loss 0.0180
[2026-04-29 11:00:12] INFO epoch 47 it 900/1704 loss 0.0173
[2026-04-29 11:00:12] INFO epoch 47 it 920/1704 loss 0.0181
[2026-04-29 11:00:12] INFO epoch 47 it 940/1704 loss 0.0186
[2026-04-29 11:00:12] INFO epoch 47 it 960/1704 loss 0.0185
[2026-04-29 11:00:13] INFO epoch 47 it 980/1704 loss 0.0167
[2026-04-29 11:00:13] INFO epoch 47 it 1000/1704 loss 0.0179
[2026-04-29 11:00:13] INFO epoch 47 it 1020/1704 loss 0.0180
[2026-04-29 11:00:13] INFO epoch 47 it 1040/1704 loss 0.0184
[2026-04-29 11:00:14] INFO epoch 47 it 1060/1704 loss 0.0174
[2026-04-29 11:00:14] INFO epoch 47 it 1080/1704 loss 0.0180
[2026-04-29 11:00:14] INFO epoch 47 it 1100/1704 loss 0.0186
[2026-04-29 11:00:14] INFO epoch 47 it 1120/1704 loss 0.0179
[2026-04-29 11:00:15] INFO epoch 47 it 1140/1704 loss 0.0188
[2026-04-29 11:00:15] INFO epoch 47 it 1160/1704 loss 0.0169
[2026-04-29 11:00:15] INFO epoch 47 it 1180/1704 loss 0.0180
[2026-04-29 11:00:15] INFO epoch 47 it 1200/1704 loss 0.0173
[2026-04-29 11:00:16] INFO epoch 47 it 1220/1704 loss 0.0180
[2026-04-29 11:00:16] INFO epoch 47 it 1240/1704 loss 0.0178
[2026-04-29 11:00:16] INFO epoch 47 it 1260/1704 loss 0.0176
[2026-04-29 11:00:17] INFO epoch 47 it 1280/1704 loss 0.0181
[2026-04-29 11:00:17] INFO epoch 47 it 1300/1704 loss 0.0181
[2026-04-29 11:00:17] INFO epoch 47 it 1320/1704 loss 0.0178
[2026-04-29 11:00:17] INFO epoch 47 it 1340/1704 loss 0.0168
[2026-04-29 11:00:18] INFO epoch 47 it 1360/1704 loss 0.0185
[2026-04-29 11:00:18] INFO epoch 47 it 1380/1704 loss 0.0184
[2026-04-29 11:00:18] INFO epoch 47 it 1400/1704 loss 0.0176
[2026-04-29 11:00:18] INFO epoch 47 it 1420/1704 loss 0.0179
[2026-04-29 11:00:19] INFO epoch 47 it 1440/1704 loss 0.0194
[2026-04-29 11:00:19] INFO epoch 47 it 1460/1704 loss 0.0184
[2026-04-29 11:00:19] INFO epoch 47 it 1480/1704 loss 0.0179
[2026-04-29 11:00:20] INFO epoch 47 it 1500/1704 loss 0.0177
[2026-04-29 11:00:20] INFO epoch 47 it 1520/1704 loss 0.0185
[2026-04-29 11:00:20] INFO epoch 47 it 1540/1704 loss 0.0170
[2026-04-29 11:00:20] INFO epoch 47 it 1560/1704 loss 0.0176
[2026-04-29 11:00:21] INFO epoch 47 it 1580/1704 loss 0.0175
[2026-04-29 11:00:21] INFO epoch 47 it 1600/1704 loss 0.0181
[2026-04-29 11:00:21] INFO epoch 47 it 1620/1704 loss 0.0176
[2026-04-29 11:00:21] INFO epoch 47 it 1640/1704 loss 0.0172
[2026-04-29 11:00:22] INFO epoch 47 it 1660/1704 loss 0.0178
[2026-04-29 11:00:22] INFO epoch 47 it 1680/1704 loss 0.0174
[2026-04-29 11:00:22] INFO epoch 47 it 1700/1704 loss 0.0187
[2026-04-29 11:00:24] INFO epoch 47 done in 58.0s lr=8.64e-05
[2026-04-29 11:01:04] INFO epoch 47 val MAE(HU): 26.48
[2026-04-29 11:01:42] INFO epoch 48 it 20/1704 loss 0.0173
[2026-04-29 11:01:42] INFO epoch 48 it 40/1704 loss 0.0164
[2026-04-29 11:01:42] INFO epoch 48 it 60/1704 loss 0.0186
[2026-04-29 11:01:42] INFO epoch 48 it 80/1704 loss 0.0182
[2026-04-29 11:01:43] INFO epoch 48 it 100/1704 loss 0.0164
[2026-04-29 11:01:43] INFO epoch 48 it 120/1704 loss 0.0173
[2026-04-29 11:01:43] INFO epoch 48 it 140/1704 loss 0.0166
[2026-04-29 11:01:44] INFO epoch 48 it 160/1704 loss 0.0187
[2026-04-29 11:01:44] INFO epoch 48 it 180/1704 loss 0.0190
[2026-04-29 11:01:44] INFO epoch 48 it 200/1704 loss 0.0176
[2026-04-29 11:01:44] INFO epoch 48 it 220/1704 loss 0.0171
[2026-04-29 11:01:45] INFO epoch 48 it 240/1704 loss 0.0180
[2026-04-29 11:01:45] INFO epoch 48 it 260/1704 loss 0.0182
[2026-04-29 11:01:45] INFO epoch 48 it 280/1704 loss 0.0180
[2026-04-29 11:01:45] INFO epoch 48 it 300/1704 loss 0.0158
[2026-04-29 11:01:46] INFO epoch 48 it 320/1704 loss 0.0162
[2026-04-29 11:01:46] INFO epoch 48 it 340/1704 loss 0.0181
[2026-04-29 11:01:46] INFO epoch 48 it 360/1704 loss 0.0178
[2026-04-29 11:01:47] INFO epoch 48 it 380/1704 loss 0.0191
[2026-04-29 11:01:47] INFO epoch 48 it 400/1704 loss 0.0189
[2026-04-29 11:01:47] INFO epoch 48 it 420/1704 loss 0.0179
[2026-04-29 11:01:47] INFO epoch 48 it 440/1704 loss 0.0173
[2026-04-29 11:01:48] INFO epoch 48 it 460/1704 loss 0.0170
[2026-04-29 11:01:48] INFO epoch 48 it 480/1704 loss 0.0190
[2026-04-29 11:01:48] INFO epoch 48 it 500/1704 loss 0.0192
[2026-04-29 11:01:49] INFO epoch 48 it 520/1704 loss 0.0171
[2026-04-29 11:01:49] INFO epoch 48 it 540/1704 loss 0.0177
[2026-04-29 11:01:49] INFO epoch 48 it 560/1704 loss 0.0163
[2026-04-29 11:01:49] INFO epoch 48 it 580/1704 loss 0.0176
[2026-04-29 11:01:50] INFO epoch 48 it 600/1704 loss 0.0171
[2026-04-29 11:01:50] INFO epoch 48 it 620/1704 loss 0.0184
[2026-04-29 11:01:50] INFO epoch 48 it 640/1704 loss 0.0164
[2026-04-29 11:01:50] INFO epoch 48 it 660/1704 loss 0.0189
[2026-04-29 11:01:51] INFO epoch 48 it 680/1704 loss 0.0174
[2026-04-29 11:01:51] INFO epoch 48 it 700/1704 loss 0.0193
[2026-04-29 11:01:51] INFO epoch 48 it 720/1704 loss 0.0179
[2026-04-29 11:01:52] INFO epoch 48 it 740/1704 loss 0.0185
[2026-04-29 11:01:52] INFO epoch 48 it 760/1704 loss 0.0171
[2026-04-29 11:01:52] INFO epoch 48 it 780/1704 loss 0.0182
[2026-04-29 11:01:52] INFO epoch 48 it 800/1704 loss 0.0186
[2026-04-29 11:01:53] INFO epoch 48 it 820/1704 loss 0.0188
[2026-04-29 11:01:53] INFO epoch 48 it 840/1704 loss 0.0168
[2026-04-29 11:01:53] INFO epoch 48 it 860/1704 loss 0.0177
[2026-04-29 11:01:54] INFO epoch 48 it 880/1704 loss 0.0174
[2026-04-29 11:01:54] INFO epoch 48 it 900/1704 loss 0.0175
[2026-04-29 11:01:54] INFO epoch 48 it 920/1704 loss 0.0182
[2026-04-29 11:01:54] INFO epoch 48 it 940/1704 loss 0.0176
[2026-04-29 11:01:55] INFO epoch 48 it 960/1704 loss 0.0173
[2026-04-29 11:01:55] INFO epoch 48 it 980/1704 loss 0.0167
[2026-04-29 11:01:55] INFO epoch 48 it 1000/1704 loss 0.0171
[2026-04-29 11:01:55] INFO epoch 48 it 1020/1704 loss 0.0176
[2026-04-29 11:01:56] INFO epoch 48 it 1040/1704 loss 0.0176
[2026-04-29 11:01:56] INFO epoch 48 it 1060/1704 loss 0.0173
[2026-04-29 11:01:56] INFO epoch 48 it 1080/1704 loss 0.0178
[2026-04-29 11:01:56] INFO epoch 48 it 1100/1704 loss 0.0164
[2026-04-29 11:01:57] INFO epoch 48 it 1120/1704 loss 0.0170
[2026-04-29 11:01:57] INFO epoch 48 it 1140/1704 loss 0.0180
[2026-04-29 11:01:57] INFO epoch 48 it 1160/1704 loss 0.0161
[2026-04-29 11:01:57] INFO epoch 48 it 1180/1704 loss 0.0181
[2026-04-29 11:01:58] INFO epoch 48 it 1200/1704 loss 0.0177
[2026-04-29 11:01:58] INFO epoch 48 it 1220/1704 loss 0.0192
[2026-04-29 11:01:58] INFO epoch 48 it 1240/1704 loss 0.0176
[2026-04-29 11:01:59] INFO epoch 48 it 1260/1704 loss 0.0183
[2026-04-29 11:01:59] INFO epoch 48 it 1280/1704 loss 0.0189
[2026-04-29 11:01:59] INFO epoch 48 it 1300/1704 loss 0.0180
[2026-04-29 11:01:59] INFO epoch 48 it 1320/1704 loss 0.0169
[2026-04-29 11:02:00] INFO epoch 48 it 1340/1704 loss 0.0177
[2026-04-29 11:02:00] INFO epoch 48 it 1360/1704 loss 0.0177
[2026-04-29 11:02:00] INFO epoch 48 it 1380/1704 loss 0.0179
[2026-04-29 11:02:00] INFO epoch 48 it 1400/1704 loss 0.0186
[2026-04-29 11:02:01] INFO epoch 48 it 1420/1704 loss 0.0174
[2026-04-29 11:02:01] INFO epoch 48 it 1440/1704 loss 0.0171
[2026-04-29 11:02:01] INFO epoch 48 it 1460/1704 loss 0.0179
[2026-04-29 11:02:01] INFO epoch 48 it 1480/1704 loss 0.0177
[2026-04-29 11:02:02] INFO epoch 48 it 1500/1704 loss 0.0189
[2026-04-29 11:02:02] INFO epoch 48 it 1520/1704 loss 0.0177
[2026-04-29 11:02:02] INFO epoch 48 it 1540/1704 loss 0.0177
[2026-04-29 11:02:03] INFO epoch 48 it 1560/1704 loss 0.0181
[2026-04-29 11:02:03] INFO epoch 48 it 1580/1704 loss 0.0186
[2026-04-29 11:02:03] INFO epoch 48 it 1600/1704 loss 0.0180
[2026-04-29 11:02:03] INFO epoch 48 it 1620/1704 loss 0.0185
[2026-04-29 11:02:04] INFO epoch 48 it 1640/1704 loss 0.0174
[2026-04-29 11:02:04] INFO epoch 48 it 1660/1704 loss 0.0173
[2026-04-29 11:02:04] INFO epoch 48 it 1680/1704 loss 0.0188
[2026-04-29 11:02:04] INFO epoch 48 it 1700/1704 loss 0.0187
[2026-04-29 11:02:06] INFO epoch 48 done in 62.2s lr=8.59e-05
[2026-04-29 11:02:46] INFO epoch 48 val MAE(HU): 26.24
[2026-04-29 11:02:46] INFO new best MAE: 26.24 ¡æ saved best.pth
[2026-04-29 11:03:22] INFO epoch 49 it 20/1704 loss 0.0170
[2026-04-29 11:03:22] INFO epoch 49 it 40/1704 loss 0.0184
[2026-04-29 11:03:23] INFO epoch 49 it 60/1704 loss 0.0177
[2026-04-29 11:03:23] INFO epoch 49 it 80/1704 loss 0.0179
[2026-04-29 11:03:23] INFO epoch 49 it 100/1704 loss 0.0169
[2026-04-29 11:03:23] INFO epoch 49 it 120/1704 loss 0.0154
[2026-04-29 11:03:24] INFO epoch 49 it 140/1704 loss 0.0179
[2026-04-29 11:03:24] INFO epoch 49 it 160/1704 loss 0.0180
[2026-04-29 11:03:24] INFO epoch 49 it 180/1704 loss 0.0180
[2026-04-29 11:03:25] INFO epoch 49 it 200/1704 loss 0.0184
[2026-04-29 11:03:25] INFO epoch 49 it 220/1704 loss 0.0171
[2026-04-29 11:03:25] INFO epoch 49 it 240/1704 loss 0.0176
[2026-04-29 11:03:25] INFO epoch 49 it 260/1704 loss 0.0187
[2026-04-29 11:03:26] INFO epoch 49 it 280/1704 loss 0.0173
[2026-04-29 11:03:26] INFO epoch 49 it 300/1704 loss 0.0169
[2026-04-29 11:03:26] INFO epoch 49 it 320/1704 loss 0.0163
[2026-04-29 11:03:26] INFO epoch 49 it 340/1704 loss 0.0165
[2026-04-29 11:03:27] INFO epoch 49 it 360/1704 loss 0.0190
[2026-04-29 11:03:27] INFO epoch 49 it 380/1704 loss 0.0181
[2026-04-29 11:03:27] INFO epoch 49 it 400/1704 loss 0.0163
[2026-04-29 11:03:27] INFO epoch 49 it 420/1704 loss 0.0178
[2026-04-29 11:03:28] INFO epoch 49 it 440/1704 loss 0.0173
[2026-04-29 11:03:28] INFO epoch 49 it 460/1704 loss 0.0171
[2026-04-29 11:03:28] INFO epoch 49 it 480/1704 loss 0.0175
[2026-04-29 11:03:28] INFO epoch 49 it 500/1704 loss 0.0190
[2026-04-29 11:03:29] INFO epoch 49 it 520/1704 loss 0.0178
[2026-04-29 11:03:29] INFO epoch 49 it 540/1704 loss 0.0179
[2026-04-29 11:03:29] INFO epoch 49 it 560/1704 loss 0.0172
[2026-04-29 11:03:29] INFO epoch 49 it 580/1704 loss 0.0177
[2026-04-29 11:03:30] INFO epoch 49 it 600/1704 loss 0.0175
[2026-04-29 11:03:30] INFO epoch 49 it 620/1704 loss 0.0181
[2026-04-29 11:03:30] INFO epoch 49 it 640/1704 loss 0.0173
[2026-04-29 11:03:31] INFO epoch 49 it 660/1704 loss 0.0186
[2026-04-29 11:03:31] INFO epoch 49 it 680/1704 loss 0.0172
[2026-04-29 11:03:31] INFO epoch 49 it 700/1704 loss 0.0181
[2026-04-29 11:03:31] INFO epoch 49 it 720/1704 loss 0.0170
[2026-04-29 11:03:32] INFO epoch 49 it 740/1704 loss 0.0177
[2026-04-29 11:03:32] INFO epoch 49 it 760/1704 loss 0.0183
[2026-04-29 11:03:32] INFO epoch 49 it 780/1704 loss 0.0186
[2026-04-29 11:03:32] INFO epoch 49 it 800/1704 loss 0.0192
[2026-04-29 11:03:33] INFO epoch 49 it 820/1704 loss 0.0169
[2026-04-29 11:03:33] INFO epoch 49 it 840/1704 loss 0.0164
[2026-04-29 11:03:33] INFO epoch 49 it 860/1704 loss 0.0170
[2026-04-29 11:03:33] INFO epoch 49 it 880/1704 loss 0.0186
[2026-04-29 11:03:34] INFO epoch 49 it 900/1704 loss 0.0176
[2026-04-29 11:03:34] INFO epoch 49 it 920/1704 loss 0.0177
[2026-04-29 11:03:34] INFO epoch 49 it 940/1704 loss 0.0180
[2026-04-29 11:03:34] INFO epoch 49 it 960/1704 loss 0.0169
[2026-04-29 11:03:35] INFO epoch 49 it 980/1704 loss 0.0186
[2026-04-29 11:03:35] INFO epoch 49 it 1000/1704 loss 0.0178
[2026-04-29 11:03:35] INFO epoch 49 it 1020/1704 loss 0.0167
[2026-04-29 11:03:35] INFO epoch 49 it 1040/1704 loss 0.0184
[2026-04-29 11:03:36] INFO epoch 49 it 1060/1704 loss 0.0182
[2026-04-29 11:03:36] INFO epoch 49 it 1080/1704 loss 0.0178
[2026-04-29 11:03:36] INFO epoch 49 it 1100/1704 loss 0.0183
[2026-04-29 11:03:37] INFO epoch 49 it 1120/1704 loss 0.0178
[2026-04-29 11:03:37] INFO epoch 49 it 1140/1704 loss 0.0175
[2026-04-29 11:03:37] INFO epoch 49 it 1160/1704 loss 0.0179
[2026-04-29 11:03:37] INFO epoch 49 it 1180/1704 loss 0.0173
[2026-04-29 11:03:38] INFO epoch 49 it 1200/1704 loss 0.0192
[2026-04-29 11:03:38] INFO epoch 49 it 1220/1704 loss 0.0169
[2026-04-29 11:03:38] INFO epoch 49 it 1240/1704 loss 0.0186
[2026-04-29 11:03:38] INFO epoch 49 it 1260/1704 loss 0.0181
[2026-04-29 11:03:39] INFO epoch 49 it 1280/1704 loss 0.0176
[2026-04-29 11:03:39] INFO epoch 49 it 1300/1704 loss 0.0174
[2026-04-29 11:03:39] INFO epoch 49 it 1320/1704 loss 0.0178
[2026-04-29 11:03:39] INFO epoch 49 it 1340/1704 loss 0.0176
[2026-04-29 11:03:40] INFO epoch 49 it 1360/1704 loss 0.0175
[2026-04-29 11:03:40] INFO epoch 49 it 1380/1704 loss 0.0180
[2026-04-29 11:03:40] INFO epoch 49 it 1400/1704 loss 0.0180
[2026-04-29 11:03:40] INFO epoch 49 it 1420/1704 loss 0.0173
[2026-04-29 11:03:41] INFO epoch 49 it 1440/1704 loss 0.0176
[2026-04-29 11:03:41] INFO epoch 49 it 1460/1704 loss 0.0178
[2026-04-29 11:03:41] INFO epoch 49 it 1480/1704 loss 0.0178
[2026-04-29 11:03:41] INFO epoch 49 it 1500/1704 loss 0.0195
[2026-04-29 11:03:42] INFO epoch 49 it 1520/1704 loss 0.0184
[2026-04-29 11:03:42] INFO epoch 49 it 1540/1704 loss 0.0182
[2026-04-29 11:03:42] INFO epoch 49 it 1560/1704 loss 0.0191
[2026-04-29 11:03:43] INFO epoch 49 it 1580/1704 loss 0.0164
[2026-04-29 11:03:43] INFO epoch 49 it 1600/1704 loss 0.0178
[2026-04-29 11:03:43] INFO epoch 49 it 1620/1704 loss 0.0176
[2026-04-29 11:03:43] INFO epoch 49 it 1640/1704 loss 0.0184
[2026-04-29 11:03:44] INFO epoch 49 it 1660/1704 loss 0.0172
[2026-04-29 11:03:44] INFO epoch 49 it 1680/1704 loss 0.0176
[2026-04-29 11:03:44] INFO epoch 49 it 1700/1704 loss 0.0169
[2026-04-29 11:03:46] INFO epoch 49 done in 59.6s lr=8.54e-05
[2026-04-29 11:04:26] INFO epoch 49 val MAE(HU): 26.72
[2026-04-29 11:05:01] INFO epoch 50 it 20/1704 loss 0.0170
[2026-04-29 11:05:01] INFO epoch 50 it 40/1704 loss 0.0173
[2026-04-29 11:05:02] INFO epoch 50 it 60/1704 loss 0.0179
[2026-04-29 11:05:02] INFO epoch 50 it 80/1704 loss 0.0167
[2026-04-29 11:05:02] INFO epoch 50 it 100/1704 loss 0.0175
[2026-04-29 11:05:02] INFO epoch 50 it 120/1704 loss 0.0175
[2026-04-29 11:05:03] INFO epoch 50 it 140/1704 loss 0.0160
[2026-04-29 11:05:03] INFO epoch 50 it 160/1704 loss 0.0165
[2026-04-29 11:05:03] INFO epoch 50 it 180/1704 loss 0.0179
[2026-04-29 11:05:03] INFO epoch 50 it 200/1704 loss 0.0167
[2026-04-29 11:05:04] INFO epoch 50 it 220/1704 loss 0.0182
[2026-04-29 11:05:04] INFO epoch 50 it 240/1704 loss 0.0171
[2026-04-29 11:05:04] INFO epoch 50 it 260/1704 loss 0.0176
[2026-04-29 11:05:05] INFO epoch 50 it 280/1704 loss 0.0177
[2026-04-29 11:05:05] INFO epoch 50 it 300/1704 loss 0.0176
[2026-04-29 11:05:05] INFO epoch 50 it 320/1704 loss 0.0175
[2026-04-29 11:05:05] INFO epoch 50 it 340/1704 loss 0.0177
[2026-04-29 11:05:06] INFO epoch 50 it 360/1704 loss 0.0172
[2026-04-29 11:05:06] INFO epoch 50 it 380/1704 loss 0.0181
[2026-04-29 11:05:06] INFO epoch 50 it 400/1704 loss 0.0176
[2026-04-29 11:05:06] INFO epoch 50 it 420/1704 loss 0.0172
[2026-04-29 11:05:07] INFO epoch 50 it 440/1704 loss 0.0186
[2026-04-29 11:05:07] INFO epoch 50 it 460/1704 loss 0.0182
[2026-04-29 11:05:07] INFO epoch 50 it 480/1704 loss 0.0185
[2026-04-29 11:05:07] INFO epoch 50 it 500/1704 loss 0.0186
[2026-04-29 11:05:08] INFO epoch 50 it 520/1704 loss 0.0186
[2026-04-29 11:05:08] INFO epoch 50 it 540/1704 loss 0.0158
[2026-04-29 11:05:08] INFO epoch 50 it 560/1704 loss 0.0167
[2026-04-29 11:05:08] INFO epoch 50 it 580/1704 loss 0.0174
[2026-04-29 11:05:09] INFO epoch 50 it 600/1704 loss 0.0179
[2026-04-29 11:05:09] INFO epoch 50 it 620/1704 loss 0.0170
[2026-04-29 11:05:09] INFO epoch 50 it 640/1704 loss 0.0173
[2026-04-29 11:05:09] INFO epoch 50 it 660/1704 loss 0.0178
[2026-04-29 11:05:10] INFO epoch 50 it 680/1704 loss 0.0172
[2026-04-29 11:05:10] INFO epoch 50 it 700/1704 loss 0.0180
[2026-04-29 11:05:10] INFO epoch 50 it 720/1704 loss 0.0183
[2026-04-29 11:05:10] INFO epoch 50 it 740/1704 loss 0.0168
[2026-04-29 11:05:11] INFO epoch 50 it 760/1704 loss 0.0175
[2026-04-29 11:05:11] INFO epoch 50 it 780/1704 loss 0.0182
[2026-04-29 11:05:11] INFO epoch 50 it 800/1704 loss 0.0173
[2026-04-29 11:05:12] INFO epoch 50 it 820/1704 loss 0.0174
[2026-04-29 11:05:12] INFO epoch 50 it 840/1704 loss 0.0189
[2026-04-29 11:05:12] INFO epoch 50 it 860/1704 loss 0.0179
[2026-04-29 11:05:12] INFO epoch 50 it 880/1704 loss 0.0157
[2026-04-29 11:05:13] INFO epoch 50 it 900/1704 loss 0.0175
[2026-04-29 11:05:13] INFO epoch 50 it 920/1704 loss 0.0178
[2026-04-29 11:05:13] INFO epoch 50 it 940/1704 loss 0.0181
[2026-04-29 11:05:13] INFO epoch 50 it 960/1704 loss 0.0190
[2026-04-29 11:05:14] INFO epoch 50 it 980/1704 loss 0.0173
[2026-04-29 11:05:14] INFO epoch 50 it 1000/1704 loss 0.0178
[2026-04-29 11:05:14] INFO epoch 50 it 1020/1704 loss 0.0173
[2026-04-29 11:05:14] INFO epoch 50 it 1040/1704 loss 0.0174
[2026-04-29 11:05:15] INFO epoch 50 it 1060/1704 loss 0.0181
[2026-04-29 11:05:15] INFO epoch 50 it 1080/1704 loss 0.0185
[2026-04-29 11:05:15] INFO epoch 50 it 1100/1704 loss 0.0177
[2026-04-29 11:05:15] INFO epoch 50 it 1120/1704 loss 0.0181
[2026-04-29 11:05:16] INFO epoch 50 it 1140/1704 loss 0.0181
[2026-04-29 11:05:16] INFO epoch 50 it 1160/1704 loss 0.0184
[2026-04-29 11:05:16] INFO epoch 50 it 1180/1704 loss 0.0172
[2026-04-29 11:05:16] INFO epoch 50 it 1200/1704 loss 0.0185
[2026-04-29 11:05:17] INFO epoch 50 it 1220/1704 loss 0.0176
[2026-04-29 11:05:17] INFO epoch 50 it 1240/1704 loss 0.0173
[2026-04-29 11:05:17] INFO epoch 50 it 1260/1704 loss 0.0185
[2026-04-29 11:05:17] INFO epoch 50 it 1280/1704 loss 0.0180
[2026-04-29 11:05:18] INFO epoch 50 it 1300/1704 loss 0.0169
[2026-04-29 11:05:18] INFO epoch 50 it 1320/1704 loss 0.0169
[2026-04-29 11:05:18] INFO epoch 50 it 1340/1704 loss 0.0169
[2026-04-29 11:05:19] INFO epoch 50 it 1360/1704 loss 0.0164
[2026-04-29 11:05:19] INFO epoch 50 it 1380/1704 loss 0.0169
[2026-04-29 11:05:19] INFO epoch 50 it 1400/1704 loss 0.0172
[2026-04-29 11:05:19] INFO epoch 50 it 1420/1704 loss 0.0173
[2026-04-29 11:05:20] INFO epoch 50 it 1440/1704 loss 0.0179
[2026-04-29 11:05:20] INFO epoch 50 it 1460/1704 loss 0.0184
[2026-04-29 11:05:20] INFO epoch 50 it 1480/1704 loss 0.0178
[2026-04-29 11:05:20] INFO epoch 50 it 1500/1704 loss 0.0178
[2026-04-29 11:05:21] INFO epoch 50 it 1520/1704 loss 0.0178
[2026-04-29 11:05:21] INFO epoch 50 it 1540/1704 loss 0.0185
[2026-04-29 11:05:21] INFO epoch 50 it 1560/1704 loss 0.0172
[2026-04-29 11:05:21] INFO epoch 50 it 1580/1704 loss 0.0176
[2026-04-29 11:05:22] INFO epoch 50 it 1600/1704 loss 0.0169
[2026-04-29 11:05:22] INFO epoch 50 it 1620/1704 loss 0.0170
[2026-04-29 11:05:22] INFO epoch 50 it 1640/1704 loss 0.0179
[2026-04-29 11:05:22] INFO epoch 50 it 1660/1704 loss 0.0177
[2026-04-29 11:05:23] INFO epoch 50 it 1680/1704 loss 0.0182
[2026-04-29 11:05:23] INFO epoch 50 it 1700/1704 loss 0.0179
[2026-04-29 11:05:24] INFO epoch 50 done in 58.5s lr=8.48e-05
[2026-04-29 11:06:04] INFO epoch 50 val MAE(HU): 26.61
[2026-04-29 11:06:39] INFO epoch 51 it 20/1704 loss 0.0179
[2026-04-29 11:06:40] INFO epoch 51 it 40/1704 loss 0.0177
[2026-04-29 11:06:40] INFO epoch 51 it 60/1704 loss 0.0169
[2026-04-29 11:06:40] INFO epoch 51 it 80/1704 loss 0.0162
[2026-04-29 11:06:40] INFO epoch 51 it 100/1704 loss 0.0183
[2026-04-29 11:06:41] INFO epoch 51 it 120/1704 loss 0.0176
[2026-04-29 11:06:41] INFO epoch 51 it 140/1704 loss 0.0174
[2026-04-29 11:06:41] INFO epoch 51 it 160/1704 loss 0.0168
[2026-04-29 11:06:41] INFO epoch 51 it 180/1704 loss 0.0181
[2026-04-29 11:06:42] INFO epoch 51 it 200/1704 loss 0.0170
[2026-04-29 11:06:42] INFO epoch 51 it 220/1704 loss 0.0171
[2026-04-29 11:06:42] INFO epoch 51 it 240/1704 loss 0.0169
[2026-04-29 11:06:42] INFO epoch 51 it 260/1704 loss 0.0174
[2026-04-29 11:06:43] INFO epoch 51 it 280/1704 loss 0.0171
[2026-04-29 11:06:43] INFO epoch 51 it 300/1704 loss 0.0174
[2026-04-29 11:06:43] INFO epoch 51 it 320/1704 loss 0.0166
[2026-04-29 11:06:43] INFO epoch 51 it 340/1704 loss 0.0166
[2026-04-29 11:06:44] INFO epoch 51 it 360/1704 loss 0.0192
[2026-04-29 11:06:44] INFO epoch 51 it 380/1704 loss 0.0166
[2026-04-29 11:06:44] INFO epoch 51 it 400/1704 loss 0.0179
[2026-04-29 11:06:44] INFO epoch 51 it 420/1704 loss 0.0182
[2026-04-29 11:06:45] INFO epoch 51 it 440/1704 loss 0.0169
[2026-04-29 11:06:45] INFO epoch 51 it 460/1704 loss 0.0171
[2026-04-29 11:06:45] INFO epoch 51 it 480/1704 loss 0.0163
[2026-04-29 11:06:45] INFO epoch 51 it 500/1704 loss 0.0182
[2026-04-29 11:06:46] INFO epoch 51 it 520/1704 loss 0.0166
[2026-04-29 11:06:46] INFO epoch 51 it 540/1704 loss 0.0170
[2026-04-29 11:06:46] INFO epoch 51 it 560/1704 loss 0.0167
[2026-04-29 11:06:47] INFO epoch 51 it 580/1704 loss 0.0179
[2026-04-29 11:06:47] INFO epoch 51 it 600/1704 loss 0.0167
[2026-04-29 11:06:47] INFO epoch 51 it 620/1704 loss 0.0179
[2026-04-29 11:06:47] INFO epoch 51 it 640/1704 loss 0.0179
[2026-04-29 11:06:48] INFO epoch 51 it 660/1704 loss 0.0182
[2026-04-29 11:06:48] INFO epoch 51 it 680/1704 loss 0.0174
[2026-04-29 11:06:48] INFO epoch 51 it 700/1704 loss 0.0165
[2026-04-29 11:06:48] INFO epoch 51 it 720/1704 loss 0.0174
[2026-04-29 11:06:49] INFO epoch 51 it 740/1704 loss 0.0172
[2026-04-29 11:06:49] INFO epoch 51 it 760/1704 loss 0.0181
[2026-04-29 11:06:49] INFO epoch 51 it 780/1704 loss 0.0175
[2026-04-29 11:06:49] INFO epoch 51 it 800/1704 loss 0.0167
[2026-04-29 11:06:50] INFO epoch 51 it 820/1704 loss 0.0189
[2026-04-29 11:06:50] INFO epoch 51 it 840/1704 loss 0.0183
[2026-04-29 11:06:50] INFO epoch 51 it 860/1704 loss 0.0180
[2026-04-29 11:06:50] INFO epoch 51 it 880/1704 loss 0.0176
[2026-04-29 11:06:51] INFO epoch 51 it 900/1704 loss 0.0165
[2026-04-29 11:06:51] INFO epoch 51 it 920/1704 loss 0.0186
[2026-04-29 11:06:51] INFO epoch 51 it 940/1704 loss 0.0188
[2026-04-29 11:06:51] INFO epoch 51 it 960/1704 loss 0.0161
[2026-04-29 11:06:52] INFO epoch 51 it 980/1704 loss 0.0173
[2026-04-29 11:06:52] INFO epoch 51 it 1000/1704 loss 0.0181
[2026-04-29 11:06:52] INFO epoch 51 it 1020/1704 loss 0.0179
[2026-04-29 11:06:52] INFO epoch 51 it 1040/1704 loss 0.0177
[2026-04-29 11:06:53] INFO epoch 51 it 1060/1704 loss 0.0175
[2026-04-29 11:06:53] INFO epoch 51 it 1080/1704 loss 0.0180
[2026-04-29 11:06:53] INFO epoch 51 it 1100/1704 loss 0.0193
[2026-04-29 11:06:53] INFO epoch 51 it 1120/1704 loss 0.0175
[2026-04-29 11:06:54] INFO epoch 51 it 1140/1704 loss 0.0170
[2026-04-29 11:06:54] INFO epoch 51 it 1160/1704 loss 0.0175
[2026-04-29 11:06:54] INFO epoch 51 it 1180/1704 loss 0.0160
[2026-04-29 11:06:55] INFO epoch 51 it 1200/1704 loss 0.0178
[2026-04-29 11:06:55] INFO epoch 51 it 1220/1704 loss 0.0171
[2026-04-29 11:06:55] INFO epoch 51 it 1240/1704 loss 0.0168
[2026-04-29 11:06:55] INFO epoch 51 it 1260/1704 loss 0.0167
[2026-04-29 11:06:56] INFO epoch 51 it 1280/1704 loss 0.0187
[2026-04-29 11:06:56] INFO epoch 51 it 1300/1704 loss 0.0189
[2026-04-29 11:06:56] INFO epoch 51 it 1320/1704 loss 0.0170
[2026-04-29 11:06:56] INFO epoch 51 it 1340/1704 loss 0.0185
[2026-04-29 11:06:57] INFO epoch 51 it 1360/1704 loss 0.0173
[2026-04-29 11:06:57] INFO epoch 51 it 1380/1704 loss 0.0179
[2026-04-29 11:06:57] INFO epoch 51 it 1400/1704 loss 0.0187
[2026-04-29 11:06:57] INFO epoch 51 it 1420/1704 loss 0.0164
[2026-04-29 11:06:58] INFO epoch 51 it 1440/1704 loss 0.0183
[2026-04-29 11:06:58] INFO epoch 51 it 1460/1704 loss 0.0172
[2026-04-29 11:06:58] INFO epoch 51 it 1480/1704 loss 0.0182
[2026-04-29 11:06:58] INFO epoch 51 it 1500/1704 loss 0.0186
[2026-04-29 11:06:59] INFO epoch 51 it 1520/1704 loss 0.0187
[2026-04-29 11:06:59] INFO epoch 51 it 1540/1704 loss 0.0171
[2026-04-29 11:06:59] INFO epoch 51 it 1560/1704 loss 0.0178
[2026-04-29 11:06:59] INFO epoch 51 it 1580/1704 loss 0.0174
[2026-04-29 11:07:00] INFO epoch 51 it 1600/1704 loss 0.0180
[2026-04-29 11:07:00] INFO epoch 51 it 1620/1704 loss 0.0180
[2026-04-29 11:07:00] INFO epoch 51 it 1640/1704 loss 0.0177
[2026-04-29 11:07:01] INFO epoch 51 it 1660/1704 loss 0.0179
[2026-04-29 11:07:01] INFO epoch 51 it 1680/1704 loss 0.0173
[2026-04-29 11:07:01] INFO epoch 51 it 1700/1704 loss 0.0168
[2026-04-29 11:07:03] INFO epoch 51 done in 58.5s lr=8.42e-05
[2026-04-29 11:07:43] INFO epoch 51 val MAE(HU): 26.49
[2026-04-29 11:08:18] INFO epoch 52 it 20/1704 loss 0.0155
[2026-04-29 11:08:18] INFO epoch 52 it 40/1704 loss 0.0174
[2026-04-29 11:08:18] INFO epoch 52 it 60/1704 loss 0.0168
[2026-04-29 11:08:19] INFO epoch 52 it 80/1704 loss 0.0177
[2026-04-29 11:08:19] INFO epoch 52 it 100/1704 loss 0.0171
[2026-04-29 11:08:19] INFO epoch 52 it 120/1704 loss 0.0182
[2026-04-29 11:08:19] INFO epoch 52 it 140/1704 loss 0.0175
[2026-04-29 11:08:20] INFO epoch 52 it 160/1704 loss 0.0162
[2026-04-29 11:08:20] INFO epoch 52 it 180/1704 loss 0.0176
[2026-04-29 11:08:20] INFO epoch 52 it 200/1704 loss 0.0177
[2026-04-29 11:08:21] INFO epoch 52 it 220/1704 loss 0.0182
[2026-04-29 11:08:21] INFO epoch 52 it 240/1704 loss 0.0177
[2026-04-29 11:08:21] INFO epoch 52 it 260/1704 loss 0.0172
[2026-04-29 11:08:21] INFO epoch 52 it 280/1704 loss 0.0178
[2026-04-29 11:08:22] INFO epoch 52 it 300/1704 loss 0.0163
[2026-04-29 11:08:22] INFO epoch 52 it 320/1704 loss 0.0174
[2026-04-29 11:08:22] INFO epoch 52 it 340/1704 loss 0.0177
[2026-04-29 11:08:22] INFO epoch 52 it 360/1704 loss 0.0181
[2026-04-29 11:08:23] INFO epoch 52 it 380/1704 loss 0.0172
[2026-04-29 11:08:23] INFO epoch 52 it 400/1704 loss 0.0178
[2026-04-29 11:08:23] INFO epoch 52 it 420/1704 loss 0.0178
[2026-04-29 11:08:23] INFO epoch 52 it 440/1704 loss 0.0183
[2026-04-29 11:08:24] INFO epoch 52 it 460/1704 loss 0.0170
[2026-04-29 11:08:24] INFO epoch 52 it 480/1704 loss 0.0185
[2026-04-29 11:08:24] INFO epoch 52 it 500/1704 loss 0.0172
[2026-04-29 11:08:24] INFO epoch 52 it 520/1704 loss 0.0179
[2026-04-29 11:08:25] INFO epoch 52 it 540/1704 loss 0.0174
[2026-04-29 11:08:25] INFO epoch 52 it 560/1704 loss 0.0167
[2026-04-29 11:08:25] INFO epoch 52 it 580/1704 loss 0.0184
[2026-04-29 11:08:25] INFO epoch 52 it 600/1704 loss 0.0173
[2026-04-29 11:08:26] INFO epoch 52 it 620/1704 loss 0.0170
[2026-04-29 11:08:26] INFO epoch 52 it 640/1704 loss 0.0176
[2026-04-29 11:08:26] INFO epoch 52 it 660/1704 loss 0.0176
[2026-04-29 11:08:27] INFO epoch 52 it 680/1704 loss 0.0172
[2026-04-29 11:08:27] INFO epoch 52 it 700/1704 loss 0.0181
[2026-04-29 11:08:27] INFO epoch 52 it 720/1704 loss 0.0177
[2026-04-29 11:08:28] INFO epoch 52 it 740/1704 loss 0.0175
[2026-04-29 11:08:28] INFO epoch 52 it 760/1704 loss 0.0179
[2026-04-29 11:08:28] INFO epoch 52 it 780/1704 loss 0.0180
[2026-04-29 11:08:28] INFO epoch 52 it 800/1704 loss 0.0180
[2026-04-29 11:08:29] INFO epoch 52 it 820/1704 loss 0.0182
[2026-04-29 11:08:29] INFO epoch 52 it 840/1704 loss 0.0176
[2026-04-29 11:08:30] INFO epoch 52 it 860/1704 loss 0.0166
[2026-04-29 11:08:30] INFO epoch 52 it 880/1704 loss 0.0176
[2026-04-29 11:08:30] INFO epoch 52 it 900/1704 loss 0.0183
[2026-04-29 11:08:30] INFO epoch 52 it 920/1704 loss 0.0167
[2026-04-29 11:08:31] INFO epoch 52 it 940/1704 loss 0.0191
[2026-04-29 11:08:31] INFO epoch 52 it 960/1704 loss 0.0169
[2026-04-29 11:08:31] INFO epoch 52 it 980/1704 loss 0.0169
[2026-04-29 11:08:31] INFO epoch 52 it 1000/1704 loss 0.0176
[2026-04-29 11:08:32] INFO epoch 52 it 1020/1704 loss 0.0159
[2026-04-29 11:08:32] INFO epoch 52 it 1040/1704 loss 0.0168
[2026-04-29 11:08:32] INFO epoch 52 it 1060/1704 loss 0.0177
[2026-04-29 11:08:33] INFO epoch 52 it 1080/1704 loss 0.0176
[2026-04-29 11:08:33] INFO epoch 52 it 1100/1704 loss 0.0168
[2026-04-29 11:08:33] INFO epoch 52 it 1120/1704 loss 0.0186
[2026-04-29 11:08:33] INFO epoch 52 it 1140/1704 loss 0.0176
[2026-04-29 11:08:34] INFO epoch 52 it 1160/1704 loss 0.0177
[2026-04-29 11:08:34] INFO epoch 52 it 1180/1704 loss 0.0168
[2026-04-29 11:08:34] INFO epoch 52 it 1200/1704 loss 0.0172
[2026-04-29 11:08:34] INFO epoch 52 it 1220/1704 loss 0.0166
[2026-04-29 11:08:35] INFO epoch 52 it 1240/1704 loss 0.0173
[2026-04-29 11:08:35] INFO epoch 52 it 1260/1704 loss 0.0173
[2026-04-29 11:08:35] INFO epoch 52 it 1280/1704 loss 0.0180
[2026-04-29 11:08:35] INFO epoch 52 it 1300/1704 loss 0.0184
[2026-04-29 11:08:36] INFO epoch 52 it 1320/1704 loss 0.0181
[2026-04-29 11:08:36] INFO epoch 52 it 1340/1704 loss 0.0188
[2026-04-29 11:08:36] INFO epoch 52 it 1360/1704 loss 0.0177
[2026-04-29 11:08:36] INFO epoch 52 it 1380/1704 loss 0.0170
[2026-04-29 11:08:37] INFO epoch 52 it 1400/1704 loss 0.0171
[2026-04-29 11:08:37] INFO epoch 52 it 1420/1704 loss 0.0176
[2026-04-29 11:08:37] INFO epoch 52 it 1440/1704 loss 0.0178
[2026-04-29 11:08:38] INFO epoch 52 it 1460/1704 loss 0.0172
[2026-04-29 11:08:38] INFO epoch 52 it 1480/1704 loss 0.0182
[2026-04-29 11:08:38] INFO epoch 52 it 1500/1704 loss 0.0172
[2026-04-29 11:08:38] INFO epoch 52 it 1520/1704 loss 0.0174
[2026-04-29 11:08:39] INFO epoch 52 it 1540/1704 loss 0.0175
[2026-04-29 11:08:39] INFO epoch 52 it 1560/1704 loss 0.0176
[2026-04-29 11:08:39] INFO epoch 52 it 1580/1704 loss 0.0179
[2026-04-29 11:08:39] INFO epoch 52 it 1600/1704 loss 0.0166
[2026-04-29 11:08:40] INFO epoch 52 it 1620/1704 loss 0.0171
[2026-04-29 11:08:40] INFO epoch 52 it 1640/1704 loss 0.0177
[2026-04-29 11:08:40] INFO epoch 52 it 1660/1704 loss 0.0176
[2026-04-29 11:08:40] INFO epoch 52 it 1680/1704 loss 0.0173
[2026-04-29 11:08:41] INFO epoch 52 it 1700/1704 loss 0.0162
[2026-04-29 11:08:42] INFO epoch 52 done in 59.5s lr=8.37e-05
[2026-04-29 11:09:22] INFO epoch 52 val MAE(HU): 26.51
[2026-04-29 11:10:00] INFO epoch 53 it 20/1704 loss 0.0174
[2026-04-29 11:10:00] INFO epoch 53 it 40/1704 loss 0.0175
[2026-04-29 11:10:00] INFO epoch 53 it 60/1704 loss 0.0174
[2026-04-29 11:10:00] INFO epoch 53 it 80/1704 loss 0.0179
[2026-04-29 11:10:01] INFO epoch 53 it 100/1704 loss 0.0177
[2026-04-29 11:10:01] INFO epoch 53 it 120/1704 loss 0.0182
[2026-04-29 11:10:01] INFO epoch 53 it 140/1704 loss 0.0172
[2026-04-29 11:10:01] INFO epoch 53 it 160/1704 loss 0.0179
[2026-04-29 11:10:02] INFO epoch 53 it 180/1704 loss 0.0189
[2026-04-29 11:10:02] INFO epoch 53 it 200/1704 loss 0.0174
[2026-04-29 11:10:02] INFO epoch 53 it 220/1704 loss 0.0166
[2026-04-29 11:10:03] INFO epoch 53 it 240/1704 loss 0.0177
[2026-04-29 11:10:03] INFO epoch 53 it 260/1704 loss 0.0175
[2026-04-29 11:10:03] INFO epoch 53 it 280/1704 loss 0.0171
[2026-04-29 11:10:03] INFO epoch 53 it 300/1704 loss 0.0176
[2026-04-29 11:10:04] INFO epoch 53 it 320/1704 loss 0.0171
[2026-04-29 11:10:04] INFO epoch 53 it 340/1704 loss 0.0175
[2026-04-29 11:10:04] INFO epoch 53 it 360/1704 loss 0.0186
[2026-04-29 11:10:04] INFO epoch 53 it 380/1704 loss 0.0159
[2026-04-29 11:10:05] INFO epoch 53 it 400/1704 loss 0.0181
[2026-04-29 11:10:05] INFO epoch 53 it 420/1704 loss 0.0171
[2026-04-29 11:10:05] INFO epoch 53 it 440/1704 loss 0.0177
[2026-04-29 11:10:05] INFO epoch 53 it 460/1704 loss 0.0187
[2026-04-29 11:10:06] INFO epoch 53 it 480/1704 loss 0.0175
[2026-04-29 11:10:06] INFO epoch 53 it 500/1704 loss 0.0167
[2026-04-29 11:10:06] INFO epoch 53 it 520/1704 loss 0.0172
[2026-04-29 11:10:06] INFO epoch 53 it 540/1704 loss 0.0181
[2026-04-29 11:10:07] INFO epoch 53 it 560/1704 loss 0.0175
[2026-04-29 11:10:07] INFO epoch 53 it 580/1704 loss 0.0172
[2026-04-29 11:10:07] INFO epoch 53 it 600/1704 loss 0.0178
[2026-04-29 11:10:07] INFO epoch 53 it 620/1704 loss 0.0175
[2026-04-29 11:10:08] INFO epoch 53 it 640/1704 loss 0.0175
[2026-04-29 11:10:08] INFO epoch 53 it 660/1704 loss 0.0168
[2026-04-29 11:10:08] INFO epoch 53 it 680/1704 loss 0.0176
[2026-04-29 11:10:08] INFO epoch 53 it 700/1704 loss 0.0185
[2026-04-29 11:10:09] INFO epoch 53 it 720/1704 loss 0.0169
[2026-04-29 11:10:09] INFO epoch 53 it 740/1704 loss 0.0170
[2026-04-29 11:10:09] INFO epoch 53 it 760/1704 loss 0.0178
[2026-04-29 11:10:10] INFO epoch 53 it 780/1704 loss 0.0184
[2026-04-29 11:10:10] INFO epoch 53 it 800/1704 loss 0.0178
[2026-04-29 11:10:10] INFO epoch 53 it 820/1704 loss 0.0157
[2026-04-29 11:10:10] INFO epoch 53 it 840/1704 loss 0.0172
[2026-04-29 11:10:11] INFO epoch 53 it 860/1704 loss 0.0175
[2026-04-29 11:10:11] INFO epoch 53 it 880/1704 loss 0.0174
[2026-04-29 11:10:11] INFO epoch 53 it 900/1704 loss 0.0177
[2026-04-29 11:10:11] INFO epoch 53 it 920/1704 loss 0.0174
[2026-04-29 11:10:12] INFO epoch 53 it 940/1704 loss 0.0161
[2026-04-29 11:10:12] INFO epoch 53 it 960/1704 loss 0.0168
[2026-04-29 11:10:12] INFO epoch 53 it 980/1704 loss 0.0176
[2026-04-29 11:10:12] INFO epoch 53 it 1000/1704 loss 0.0170
[2026-04-29 11:10:13] INFO epoch 53 it 1020/1704 loss 0.0173
[2026-04-29 11:10:13] INFO epoch 53 it 1040/1704 loss 0.0169
[2026-04-29 11:10:13] INFO epoch 53 it 1060/1704 loss 0.0172
[2026-04-29 11:10:13] INFO epoch 53 it 1080/1704 loss 0.0170
[2026-04-29 11:10:14] INFO epoch 53 it 1100/1704 loss 0.0169
[2026-04-29 11:10:14] INFO epoch 53 it 1120/1704 loss 0.0176
[2026-04-29 11:10:14] INFO epoch 53 it 1140/1704 loss 0.0182
[2026-04-29 11:10:14] INFO epoch 53 it 1160/1704 loss 0.0175
[2026-04-29 11:10:15] INFO epoch 53 it 1180/1704 loss 0.0169
[2026-04-29 11:10:15] INFO epoch 53 it 1200/1704 loss 0.0176
[2026-04-29 11:10:15] INFO epoch 53 it 1220/1704 loss 0.0178
[2026-04-29 11:10:15] INFO epoch 53 it 1240/1704 loss 0.0171
[2026-04-29 11:10:16] INFO epoch 53 it 1260/1704 loss 0.0160
[2026-04-29 11:10:16] INFO epoch 53 it 1280/1704 loss 0.0171
[2026-04-29 11:10:16] INFO epoch 53 it 1300/1704 loss 0.0181
[2026-04-29 11:10:17] INFO epoch 53 it 1320/1704 loss 0.0164
[2026-04-29 11:10:17] INFO epoch 53 it 1340/1704 loss 0.0174
[2026-04-29 11:10:17] INFO epoch 53 it 1360/1704 loss 0.0176
[2026-04-29 11:10:17] INFO epoch 53 it 1380/1704 loss 0.0176
[2026-04-29 11:10:18] INFO epoch 53 it 1400/1704 loss 0.0174
[2026-04-29 11:10:18] INFO epoch 53 it 1420/1704 loss 0.0185
[2026-04-29 11:10:18] INFO epoch 53 it 1440/1704 loss 0.0176
[2026-04-29 11:10:18] INFO epoch 53 it 1460/1704 loss 0.0167
[2026-04-29 11:10:19] INFO epoch 53 it 1480/1704 loss 0.0174
[2026-04-29 11:10:19] INFO epoch 53 it 1500/1704 loss 0.0173
[2026-04-29 11:10:19] INFO epoch 53 it 1520/1704 loss 0.0183
[2026-04-29 11:10:19] INFO epoch 53 it 1540/1704 loss 0.0178
[2026-04-29 11:10:20] INFO epoch 53 it 1560/1704 loss 0.0162
[2026-04-29 11:10:20] INFO epoch 53 it 1580/1704 loss 0.0171
[2026-04-29 11:10:20] INFO epoch 53 it 1600/1704 loss 0.0178
[2026-04-29 11:10:20] INFO epoch 53 it 1620/1704 loss 0.0176
[2026-04-29 11:10:21] INFO epoch 53 it 1640/1704 loss 0.0184
[2026-04-29 11:10:21] INFO epoch 53 it 1660/1704 loss 0.0176
[2026-04-29 11:10:21] INFO epoch 53 it 1680/1704 loss 0.0170
[2026-04-29 11:10:21] INFO epoch 53 it 1700/1704 loss 0.0179
[2026-04-29 11:10:23] INFO epoch 53 done in 60.8s lr=8.31e-05
[2026-04-29 11:11:04] INFO epoch 53 val MAE(HU): 26.55
[2026-04-29 11:11:39] INFO epoch 54 it 20/1704 loss 0.0168
[2026-04-29 11:11:39] INFO epoch 54 it 40/1704 loss 0.0163
[2026-04-29 11:11:39] INFO epoch 54 it 60/1704 loss 0.0173
[2026-04-29 11:11:39] INFO epoch 54 it 80/1704 loss 0.0177
[2026-04-29 11:11:40] INFO epoch 54 it 100/1704 loss 0.0178
[2026-04-29 11:11:40] INFO epoch 54 it 120/1704 loss 0.0166
[2026-04-29 11:11:40] INFO epoch 54 it 140/1704 loss 0.0173
[2026-04-29 11:11:40] INFO epoch 54 it 160/1704 loss 0.0166
[2026-04-29 11:11:41] INFO epoch 54 it 180/1704 loss 0.0173
[2026-04-29 11:11:41] INFO epoch 54 it 200/1704 loss 0.0169
[2026-04-29 11:11:41] INFO epoch 54 it 220/1704 loss 0.0170
[2026-04-29 11:11:42] INFO epoch 54 it 240/1704 loss 0.0170
[2026-04-29 11:11:42] INFO epoch 54 it 260/1704 loss 0.0168
[2026-04-29 11:11:42] INFO epoch 54 it 280/1704 loss 0.0174
[2026-04-29 11:11:42] INFO epoch 54 it 300/1704 loss 0.0176
[2026-04-29 11:11:43] INFO epoch 54 it 320/1704 loss 0.0177
[2026-04-29 11:11:43] INFO epoch 54 it 340/1704 loss 0.0176
[2026-04-29 11:11:43] INFO epoch 54 it 360/1704 loss 0.0176
[2026-04-29 11:11:43] INFO epoch 54 it 380/1704 loss 0.0173
[2026-04-29 11:11:44] INFO epoch 54 it 400/1704 loss 0.0178
[2026-04-29 11:11:44] INFO epoch 54 it 420/1704 loss 0.0173
[2026-04-29 11:11:44] INFO epoch 54 it 440/1704 loss 0.0159
[2026-04-29 11:11:44] INFO epoch 54 it 460/1704 loss 0.0175
[2026-04-29 11:11:45] INFO epoch 54 it 480/1704 loss 0.0169
[2026-04-29 11:11:45] INFO epoch 54 it 500/1704 loss 0.0175
[2026-04-29 11:11:45] INFO epoch 54 it 520/1704 loss 0.0168
[2026-04-29 11:11:45] INFO epoch 54 it 540/1704 loss 0.0183
[2026-04-29 11:11:46] INFO epoch 54 it 560/1704 loss 0.0175
[2026-04-29 11:11:46] INFO epoch 54 it 580/1704 loss 0.0158
[2026-04-29 11:11:46] INFO epoch 54 it 600/1704 loss 0.0174
[2026-04-29 11:11:46] INFO epoch 54 it 620/1704 loss 0.0188
[2026-04-29 11:11:47] INFO epoch 54 it 640/1704 loss 0.0174
[2026-04-29 11:11:47] INFO epoch 54 it 660/1704 loss 0.0162
[2026-04-29 11:11:47] INFO epoch 54 it 680/1704 loss 0.0185
[2026-04-29 11:11:48] INFO epoch 54 it 700/1704 loss 0.0175
[2026-04-29 11:11:48] INFO epoch 54 it 720/1704 loss 0.0168
[2026-04-29 11:11:48] INFO epoch 54 it 740/1704 loss 0.0175
[2026-04-29 11:11:48] INFO epoch 54 it 760/1704 loss 0.0180
[2026-04-29 11:11:49] INFO epoch 54 it 780/1704 loss 0.0168
[2026-04-29 11:11:49] INFO epoch 54 it 800/1704 loss 0.0181
[2026-04-29 11:11:49] INFO epoch 54 it 820/1704 loss 0.0175
[2026-04-29 11:11:49] INFO epoch 54 it 840/1704 loss 0.0170
[2026-04-29 11:11:50] INFO epoch 54 it 860/1704 loss 0.0178
[2026-04-29 11:11:50] INFO epoch 54 it 880/1704 loss 0.0168
[2026-04-29 11:11:50] INFO epoch 54 it 900/1704 loss 0.0172
[2026-04-29 11:11:50] INFO epoch 54 it 920/1704 loss 0.0167
[2026-04-29 11:11:51] INFO epoch 54 it 940/1704 loss 0.0172
[2026-04-29 11:11:51] INFO epoch 54 it 960/1704 loss 0.0174
[2026-04-29 11:11:51] INFO epoch 54 it 980/1704 loss 0.0171
[2026-04-29 11:11:51] INFO epoch 54 it 1000/1704 loss 0.0166
[2026-04-29 11:11:52] INFO epoch 54 it 1020/1704 loss 0.0176
[2026-04-29 11:11:52] INFO epoch 54 it 1040/1704 loss 0.0163
[2026-04-29 11:11:52] INFO epoch 54 it 1060/1704 loss 0.0164
[2026-04-29 11:11:52] INFO epoch 54 it 1080/1704 loss 0.0181
[2026-04-29 11:11:53] INFO epoch 54 it 1100/1704 loss 0.0175
[2026-04-29 11:11:53] INFO epoch 54 it 1120/1704 loss 0.0181
[2026-04-29 11:11:53] INFO epoch 54 it 1140/1704 loss 0.0181
[2026-04-29 11:11:54] INFO epoch 54 it 1160/1704 loss 0.0170
[2026-04-29 11:11:54] INFO epoch 54 it 1180/1704 loss 0.0172
[2026-04-29 11:11:54] INFO epoch 54 it 1200/1704 loss 0.0172
[2026-04-29 11:11:54] INFO epoch 54 it 1220/1704 loss 0.0177
[2026-04-29 11:11:55] INFO epoch 54 it 1240/1704 loss 0.0170
[2026-04-29 11:11:55] INFO epoch 54 it 1260/1704 loss 0.0185
[2026-04-29 11:11:55] INFO epoch 54 it 1280/1704 loss 0.0179
[2026-04-29 11:11:55] INFO epoch 54 it 1300/1704 loss 0.0175
[2026-04-29 11:11:56] INFO epoch 54 it 1320/1704 loss 0.0186
[2026-04-29 11:11:56] INFO epoch 54 it 1340/1704 loss 0.0183
[2026-04-29 11:11:56] INFO epoch 54 it 1360/1704 loss 0.0165
[2026-04-29 11:11:56] INFO epoch 54 it 1380/1704 loss 0.0159
[2026-04-29 11:11:57] INFO epoch 54 it 1400/1704 loss 0.0169
[2026-04-29 11:11:57] INFO epoch 54 it 1420/1704 loss 0.0173
[2026-04-29 11:11:57] INFO epoch 54 it 1440/1704 loss 0.0181
[2026-04-29 11:11:57] INFO epoch 54 it 1460/1704 loss 0.0173
[2026-04-29 11:11:58] INFO epoch 54 it 1480/1704 loss 0.0190
[2026-04-29 11:11:58] INFO epoch 54 it 1500/1704 loss 0.0164
[2026-04-29 11:11:58] INFO epoch 54 it 1520/1704 loss 0.0168
[2026-04-29 11:11:58] INFO epoch 54 it 1540/1704 loss 0.0177
[2026-04-29 11:11:59] INFO epoch 54 it 1560/1704 loss 0.0175
[2026-04-29 11:11:59] INFO epoch 54 it 1580/1704 loss 0.0163
[2026-04-29 11:11:59] INFO epoch 54 it 1600/1704 loss 0.0182
[2026-04-29 11:11:59] INFO epoch 54 it 1620/1704 loss 0.0184
[2026-04-29 11:12:00] INFO epoch 54 it 1640/1704 loss 0.0166
[2026-04-29 11:12:00] INFO epoch 54 it 1660/1704 loss 0.0171
[2026-04-29 11:12:00] INFO epoch 54 it 1680/1704 loss 0.0175
[2026-04-29 11:12:01] INFO epoch 54 it 1700/1704 loss 0.0186
[2026-04-29 11:12:02] INFO epoch 54 done in 58.6s lr=8.25e-05
[2026-04-29 11:12:42] INFO epoch 54 val MAE(HU): 26.84
[2026-04-29 11:13:17] INFO epoch 55 it 20/1704 loss 0.0170
[2026-04-29 11:13:17] INFO epoch 55 it 40/1704 loss 0.0172
[2026-04-29 11:13:17] INFO epoch 55 it 60/1704 loss 0.0175
[2026-04-29 11:13:17] INFO epoch 55 it 80/1704 loss 0.0175
[2026-04-29 11:13:18] INFO epoch 55 it 100/1704 loss 0.0171
[2026-04-29 11:13:18] INFO epoch 55 it 120/1704 loss 0.0171
[2026-04-29 11:13:18] INFO epoch 55 it 140/1704 loss 0.0165
[2026-04-29 11:13:19] INFO epoch 55 it 160/1704 loss 0.0183
[2026-04-29 11:13:19] INFO epoch 55 it 180/1704 loss 0.0182
[2026-04-29 11:13:19] INFO epoch 55 it 200/1704 loss 0.0163
[2026-04-29 11:13:19] INFO epoch 55 it 220/1704 loss 0.0189
[2026-04-29 11:13:20] INFO epoch 55 it 240/1704 loss 0.0180
[2026-04-29 11:13:20] INFO epoch 55 it 260/1704 loss 0.0166
[2026-04-29 11:13:20] INFO epoch 55 it 280/1704 loss 0.0176
[2026-04-29 11:13:20] INFO epoch 55 it 300/1704 loss 0.0159
[2026-04-29 11:13:21] INFO epoch 55 it 320/1704 loss 0.0174
[2026-04-29 11:13:21] INFO epoch 55 it 340/1704 loss 0.0168
[2026-04-29 11:13:21] INFO epoch 55 it 360/1704 loss 0.0172
[2026-04-29 11:13:21] INFO epoch 55 it 380/1704 loss 0.0172
[2026-04-29 11:13:22] INFO epoch 55 it 400/1704 loss 0.0174
[2026-04-29 11:13:22] INFO epoch 55 it 420/1704 loss 0.0169
[2026-04-29 11:13:22] INFO epoch 55 it 440/1704 loss 0.0168
[2026-04-29 11:13:22] INFO epoch 55 it 460/1704 loss 0.0178
[2026-04-29 11:13:23] INFO epoch 55 it 480/1704 loss 0.0169
[2026-04-29 11:13:23] INFO epoch 55 it 500/1704 loss 0.0172
[2026-04-29 11:13:23] INFO epoch 55 it 520/1704 loss 0.0175
[2026-04-29 11:13:23] INFO epoch 55 it 540/1704 loss 0.0187
[2026-04-29 11:13:24] INFO epoch 55 it 560/1704 loss 0.0161
[2026-04-29 11:13:24] INFO epoch 55 it 580/1704 loss 0.0172
[2026-04-29 11:13:24] INFO epoch 55 it 600/1704 loss 0.0175
[2026-04-29 11:13:25] INFO epoch 55 it 620/1704 loss 0.0157
[2026-04-29 11:13:25] INFO epoch 55 it 640/1704 loss 0.0160
[2026-04-29 11:13:25] INFO epoch 55 it 660/1704 loss 0.0167
[2026-04-29 11:13:25] INFO epoch 55 it 680/1704 loss 0.0171
[2026-04-29 11:13:26] INFO epoch 55 it 700/1704 loss 0.0179
[2026-04-29 11:13:26] INFO epoch 55 it 720/1704 loss 0.0167
[2026-04-29 11:13:26] INFO epoch 55 it 740/1704 loss 0.0176
[2026-04-29 11:13:26] INFO epoch 55 it 760/1704 loss 0.0176
[2026-04-29 11:13:27] INFO epoch 55 it 780/1704 loss 0.0178
[2026-04-29 11:13:27] INFO epoch 55 it 800/1704 loss 0.0162
[2026-04-29 11:13:27] INFO epoch 55 it 820/1704 loss 0.0168
[2026-04-29 11:13:27] INFO epoch 55 it 840/1704 loss 0.0178
[2026-04-29 11:13:28] INFO epoch 55 it 860/1704 loss 0.0188
[2026-04-29 11:13:28] INFO epoch 55 it 880/1704 loss 0.0171
[2026-04-29 11:13:28] INFO epoch 55 it 900/1704 loss 0.0172
[2026-04-29 11:13:28] INFO epoch 55 it 920/1704 loss 0.0180
[2026-04-29 11:13:29] INFO epoch 55 it 940/1704 loss 0.0182
[2026-04-29 11:13:29] INFO epoch 55 it 960/1704 loss 0.0170
[2026-04-29 11:13:29] INFO epoch 55 it 980/1704 loss 0.0165
[2026-04-29 11:13:30] INFO epoch 55 it 1000/1704 loss 0.0177
[2026-04-29 11:13:30] INFO epoch 55 it 1020/1704 loss 0.0176
[2026-04-29 11:13:30] INFO epoch 55 it 1040/1704 loss 0.0182
[2026-04-29 11:13:30] INFO epoch 55 it 1060/1704 loss 0.0172
[2026-04-29 11:13:31] INFO epoch 55 it 1080/1704 loss 0.0172
[2026-04-29 11:13:31] INFO epoch 55 it 1100/1704 loss 0.0170
[2026-04-29 11:13:31] INFO epoch 55 it 1120/1704 loss 0.0176
[2026-04-29 11:13:31] INFO epoch 55 it 1140/1704 loss 0.0171
[2026-04-29 11:13:32] INFO epoch 55 it 1160/1704 loss 0.0163
[2026-04-29 11:13:32] INFO epoch 55 it 1180/1704 loss 0.0172
[2026-04-29 11:13:32] INFO epoch 55 it 1200/1704 loss 0.0168
[2026-04-29 11:13:32] INFO epoch 55 it 1220/1704 loss 0.0175
[2026-04-29 11:13:33] INFO epoch 55 it 1240/1704 loss 0.0170
[2026-04-29 11:13:33] INFO epoch 55 it 1260/1704 loss 0.0163
[2026-04-29 11:13:33] INFO epoch 55 it 1280/1704 loss 0.0184
[2026-04-29 11:13:34] INFO epoch 55 it 1300/1704 loss 0.0178
[2026-04-29 11:13:34] INFO epoch 55 it 1320/1704 loss 0.0183
[2026-04-29 11:13:34] INFO epoch 55 it 1340/1704 loss 0.0176
[2026-04-29 11:13:34] INFO epoch 55 it 1360/1704 loss 0.0175
[2026-04-29 11:13:35] INFO epoch 55 it 1380/1704 loss 0.0172
[2026-04-29 11:13:35] INFO epoch 55 it 1400/1704 loss 0.0164
[2026-04-29 11:13:35] INFO epoch 55 it 1420/1704 loss 0.0176
[2026-04-29 11:13:35] INFO epoch 55 it 1440/1704 loss 0.0174
[2026-04-29 11:13:36] INFO epoch 55 it 1460/1704 loss 0.0167
[2026-04-29 11:13:36] INFO epoch 55 it 1480/1704 loss 0.0169
[2026-04-29 11:13:36] INFO epoch 55 it 1500/1704 loss 0.0182
[2026-04-29 11:13:36] INFO epoch 55 it 1520/1704 loss 0.0173
[2026-04-29 11:13:37] INFO epoch 55 it 1540/1704 loss 0.0175
[2026-04-29 11:13:37] INFO epoch 55 it 1560/1704 loss 0.0175
[2026-04-29 11:13:37] INFO epoch 55 it 1580/1704 loss 0.0173
[2026-04-29 11:13:38] INFO epoch 55 it 1600/1704 loss 0.0178
[2026-04-29 11:13:38] INFO epoch 55 it 1620/1704 loss 0.0184
[2026-04-29 11:13:38] INFO epoch 55 it 1640/1704 loss 0.0176
[2026-04-29 11:13:38] INFO epoch 55 it 1660/1704 loss 0.0178
[2026-04-29 11:13:39] INFO epoch 55 it 1680/1704 loss 0.0173
[2026-04-29 11:13:39] INFO epoch 55 it 1700/1704 loss 0.0175
[2026-04-29 11:13:40] INFO epoch 55 done in 58.8s lr=8.19e-05
[2026-04-29 11:14:21] INFO epoch 55 val MAE(HU): 26.33
[2026-04-29 11:14:57] INFO epoch 56 it 20/1704 loss 0.0176
[2026-04-29 11:14:57] INFO epoch 56 it 40/1704 loss 0.0168
[2026-04-29 11:14:57] INFO epoch 56 it 60/1704 loss 0.0171
[2026-04-29 11:14:57] INFO epoch 56 it 80/1704 loss 0.0172
[2026-04-29 11:14:58] INFO epoch 56 it 100/1704 loss 0.0170
[2026-04-29 11:14:58] INFO epoch 56 it 120/1704 loss 0.0174
[2026-04-29 11:14:58] INFO epoch 56 it 140/1704 loss 0.0170
[2026-04-29 11:14:58] INFO epoch 56 it 160/1704 loss 0.0180
[2026-04-29 11:14:59] INFO epoch 56 it 180/1704 loss 0.0176
[2026-04-29 11:14:59] INFO epoch 56 it 200/1704 loss 0.0167
[2026-04-29 11:14:59] INFO epoch 56 it 220/1704 loss 0.0167
[2026-04-29 11:15:00] INFO epoch 56 it 240/1704 loss 0.0175
[2026-04-29 11:15:00] INFO epoch 56 it 260/1704 loss 0.0179
[2026-04-29 11:15:00] INFO epoch 56 it 280/1704 loss 0.0174
[2026-04-29 11:15:00] INFO epoch 56 it 300/1704 loss 0.0170
[2026-04-29 11:15:01] INFO epoch 56 it 320/1704 loss 0.0173
[2026-04-29 11:15:01] INFO epoch 56 it 340/1704 loss 0.0156
[2026-04-29 11:15:01] INFO epoch 56 it 360/1704 loss 0.0163
[2026-04-29 11:15:01] INFO epoch 56 it 380/1704 loss 0.0177
[2026-04-29 11:15:02] INFO epoch 56 it 400/1704 loss 0.0178
[2026-04-29 11:15:02] INFO epoch 56 it 420/1704 loss 0.0174
[2026-04-29 11:15:02] INFO epoch 56 it 440/1704 loss 0.0169
[2026-04-29 11:15:03] INFO epoch 56 it 460/1704 loss 0.0169
[2026-04-29 11:15:03] INFO epoch 56 it 480/1704 loss 0.0168
[2026-04-29 11:15:03] INFO epoch 56 it 500/1704 loss 0.0173
[2026-04-29 11:15:03] INFO epoch 56 it 520/1704 loss 0.0178
[2026-04-29 11:15:04] INFO epoch 56 it 540/1704 loss 0.0175
[2026-04-29 11:15:04] INFO epoch 56 it 560/1704 loss 0.0176
[2026-04-29 11:15:04] INFO epoch 56 it 580/1704 loss 0.0180
[2026-04-29 11:15:04] INFO epoch 56 it 600/1704 loss 0.0175
[2026-04-29 11:15:05] INFO epoch 56 it 620/1704 loss 0.0172
[2026-04-29 11:15:05] INFO epoch 56 it 640/1704 loss 0.0172
[2026-04-29 11:15:05] INFO epoch 56 it 660/1704 loss 0.0169
[2026-04-29 11:15:05] INFO epoch 56 it 680/1704 loss 0.0168
[2026-04-29 11:15:06] INFO epoch 56 it 700/1704 loss 0.0177
[2026-04-29 11:15:06] INFO epoch 56 it 720/1704 loss 0.0170
[2026-04-29 11:15:06] INFO epoch 56 it 740/1704 loss 0.0171
[2026-04-29 11:15:07] INFO epoch 56 it 760/1704 loss 0.0167
[2026-04-29 11:15:07] INFO epoch 56 it 780/1704 loss 0.0175
[2026-04-29 11:15:07] INFO epoch 56 it 800/1704 loss 0.0171
[2026-04-29 11:15:07] INFO epoch 56 it 820/1704 loss 0.0173
[2026-04-29 11:15:08] INFO epoch 56 it 840/1704 loss 0.0177
[2026-04-29 11:15:08] INFO epoch 56 it 860/1704 loss 0.0170
[2026-04-29 11:15:08] INFO epoch 56 it 880/1704 loss 0.0163
[2026-04-29 11:15:08] INFO epoch 56 it 900/1704 loss 0.0175
[2026-04-29 11:15:09] INFO epoch 56 it 920/1704 loss 0.0163
[2026-04-29 11:15:09] INFO epoch 56 it 940/1704 loss 0.0176
[2026-04-29 11:15:09] INFO epoch 56 it 960/1704 loss 0.0164
[2026-04-29 11:15:09] INFO epoch 56 it 980/1704 loss 0.0178
[2026-04-29 11:15:10] INFO epoch 56 it 1000/1704 loss 0.0174
[2026-04-29 11:15:10] INFO epoch 56 it 1020/1704 loss 0.0175
[2026-04-29 11:15:10] INFO epoch 56 it 1040/1704 loss 0.0170
[2026-04-29 11:15:10] INFO epoch 56 it 1060/1704 loss 0.0177
[2026-04-29 11:15:11] INFO epoch 56 it 1080/1704 loss 0.0163
[2026-04-29 11:15:11] INFO epoch 56 it 1100/1704 loss 0.0177
[2026-04-29 11:15:11] INFO epoch 56 it 1120/1704 loss 0.0166
[2026-04-29 11:15:12] INFO epoch 56 it 1140/1704 loss 0.0181
[2026-04-29 11:15:12] INFO epoch 56 it 1160/1704 loss 0.0179
[2026-04-29 11:15:12] INFO epoch 56 it 1180/1704 loss 0.0181
[2026-04-29 11:15:12] INFO epoch 56 it 1200/1704 loss 0.0172
[2026-04-29 11:15:13] INFO epoch 56 it 1220/1704 loss 0.0183
[2026-04-29 11:15:13] INFO epoch 56 it 1240/1704 loss 0.0175
[2026-04-29 11:15:13] INFO epoch 56 it 1260/1704 loss 0.0167
[2026-04-29 11:15:13] INFO epoch 56 it 1280/1704 loss 0.0175
[2026-04-29 11:15:14] INFO epoch 56 it 1300/1704 loss 0.0166
[2026-04-29 11:15:14] INFO epoch 56 it 1320/1704 loss 0.0172
[2026-04-29 11:15:14] INFO epoch 56 it 1340/1704 loss 0.0169
[2026-04-29 11:15:14] INFO epoch 56 it 1360/1704 loss 0.0166
[2026-04-29 11:15:15] INFO epoch 56 it 1380/1704 loss 0.0177
[2026-04-29 11:15:15] INFO epoch 56 it 1400/1704 loss 0.0160
[2026-04-29 11:15:15] INFO epoch 56 it 1420/1704 loss 0.0177
[2026-04-29 11:15:16] INFO epoch 56 it 1440/1704 loss 0.0173
[2026-04-29 11:15:16] INFO epoch 56 it 1460/1704 loss 0.0162
[2026-04-29 11:15:16] INFO epoch 56 it 1480/1704 loss 0.0177
[2026-04-29 11:15:16] INFO epoch 56 it 1500/1704 loss 0.0176
[2026-04-29 11:15:17] INFO epoch 56 it 1520/1704 loss 0.0172
[2026-04-29 11:15:17] INFO epoch 56 it 1540/1704 loss 0.0165
[2026-04-29 11:15:17] INFO epoch 56 it 1560/1704 loss 0.0183
[2026-04-29 11:15:17] INFO epoch 56 it 1580/1704 loss 0.0177
[2026-04-29 11:15:18] INFO epoch 56 it 1600/1704 loss 0.0157
[2026-04-29 11:15:18] INFO epoch 56 it 1620/1704 loss 0.0172
[2026-04-29 11:15:18] INFO epoch 56 it 1640/1704 loss 0.0161
[2026-04-29 11:15:19] INFO epoch 56 it 1660/1704 loss 0.0175
[2026-04-29 11:15:19] INFO epoch 56 it 1680/1704 loss 0.0175
[2026-04-29 11:15:19] INFO epoch 56 it 1700/1704 loss 0.0178
[2026-04-29 11:15:21] INFO epoch 56 done in 59.8s lr=8.13e-05
[2026-04-29 11:16:02] INFO epoch 56 val MAE(HU): 26.49
[2026-04-29 11:16:37] INFO epoch 57 it 20/1704 loss 0.0168
[2026-04-29 11:16:37] INFO epoch 57 it 40/1704 loss 0.0180
[2026-04-29 11:16:38] INFO epoch 57 it 60/1704 loss 0.0166
[2026-04-29 11:16:38] INFO epoch 57 it 80/1704 loss 0.0179
[2026-04-29 11:16:38] INFO epoch 57 it 100/1704 loss 0.0165
[2026-04-29 11:16:39] INFO epoch 57 it 120/1704 loss 0.0163
[2026-04-29 11:16:39] INFO epoch 57 it 140/1704 loss 0.0173
[2026-04-29 11:16:39] INFO epoch 57 it 160/1704 loss 0.0174
[2026-04-29 11:16:39] INFO epoch 57 it 180/1704 loss 0.0161
[2026-04-29 11:16:40] INFO epoch 57 it 200/1704 loss 0.0158
[2026-04-29 11:16:40] INFO epoch 57 it 220/1704 loss 0.0167
[2026-04-29 11:16:40] INFO epoch 57 it 240/1704 loss 0.0162
[2026-04-29 11:16:40] INFO epoch 57 it 260/1704 loss 0.0164
[2026-04-29 11:16:41] INFO epoch 57 it 280/1704 loss 0.0177
[2026-04-29 11:16:41] INFO epoch 57 it 300/1704 loss 0.0168
[2026-04-29 11:16:41] INFO epoch 57 it 320/1704 loss 0.0180
[2026-04-29 11:16:41] INFO epoch 57 it 340/1704 loss 0.0172
[2026-04-29 11:16:42] INFO epoch 57 it 360/1704 loss 0.0166
[2026-04-29 11:16:42] INFO epoch 57 it 380/1704 loss 0.0175
[2026-04-29 11:16:42] INFO epoch 57 it 400/1704 loss 0.0172
[2026-04-29 11:16:42] INFO epoch 57 it 420/1704 loss 0.0171
[2026-04-29 11:16:43] INFO epoch 57 it 440/1704 loss 0.0160
[2026-04-29 11:16:43] INFO epoch 57 it 460/1704 loss 0.0162
[2026-04-29 11:16:43] INFO epoch 57 it 480/1704 loss 0.0165
[2026-04-29 11:16:43] INFO epoch 57 it 500/1704 loss 0.0165
[2026-04-29 11:16:44] INFO epoch 57 it 520/1704 loss 0.0183
[2026-04-29 11:16:44] INFO epoch 57 it 540/1704 loss 0.0170
[2026-04-29 11:16:44] INFO epoch 57 it 560/1704 loss 0.0171
[2026-04-29 11:16:44] INFO epoch 57 it 580/1704 loss 0.0175
[2026-04-29 11:16:45] INFO epoch 57 it 600/1704 loss 0.0188
[2026-04-29 11:16:45] INFO epoch 57 it 620/1704 loss 0.0166
[2026-04-29 11:16:45] INFO epoch 57 it 640/1704 loss 0.0169
[2026-04-29 11:16:46] INFO epoch 57 it 660/1704 loss 0.0179
[2026-04-29 11:16:46] INFO epoch 57 it 680/1704 loss 0.0169
[2026-04-29 11:16:46] INFO epoch 57 it 700/1704 loss 0.0168
[2026-04-29 11:16:46] INFO epoch 57 it 720/1704 loss 0.0174
[2026-04-29 11:16:47] INFO epoch 57 it 740/1704 loss 0.0177
[2026-04-29 11:16:47] INFO epoch 57 it 760/1704 loss 0.0173
[2026-04-29 11:16:47] INFO epoch 57 it 780/1704 loss 0.0167
[2026-04-29 11:16:47] INFO epoch 57 it 800/1704 loss 0.0175
[2026-04-29 11:16:48] INFO epoch 57 it 820/1704 loss 0.0173
[2026-04-29 11:16:48] INFO epoch 57 it 840/1704 loss 0.0162
[2026-04-29 11:16:48] INFO epoch 57 it 860/1704 loss 0.0179
[2026-04-29 11:16:48] INFO epoch 57 it 880/1704 loss 0.0164
[2026-04-29 11:16:49] INFO epoch 57 it 900/1704 loss 0.0167
[2026-04-29 11:16:49] INFO epoch 57 it 920/1704 loss 0.0170
[2026-04-29 11:16:49] INFO epoch 57 it 940/1704 loss 0.0169
[2026-04-29 11:16:49] INFO epoch 57 it 960/1704 loss 0.0187
[2026-04-29 11:16:50] INFO epoch 57 it 980/1704 loss 0.0167
[2026-04-29 11:16:50] INFO epoch 57 it 1000/1704 loss 0.0173
[2026-04-29 11:16:50] INFO epoch 57 it 1020/1704 loss 0.0180
[2026-04-29 11:16:50] INFO epoch 57 it 1040/1704 loss 0.0176
[2026-04-29 11:16:51] INFO epoch 57 it 1060/1704 loss 0.0187
[2026-04-29 11:16:51] INFO epoch 57 it 1080/1704 loss 0.0179
[2026-04-29 11:16:51] INFO epoch 57 it 1100/1704 loss 0.0184
[2026-04-29 11:16:51] INFO epoch 57 it 1120/1704 loss 0.0177
[2026-04-29 11:16:52] INFO epoch 57 it 1140/1704 loss 0.0154
[2026-04-29 11:16:52] INFO epoch 57 it 1160/1704 loss 0.0169
[2026-04-29 11:16:52] INFO epoch 57 it 1180/1704 loss 0.0184
[2026-04-29 11:16:53] INFO epoch 57 it 1200/1704 loss 0.0183
[2026-04-29 11:16:53] INFO epoch 57 it 1220/1704 loss 0.0163
[2026-04-29 11:16:53] INFO epoch 57 it 1240/1704 loss 0.0164
[2026-04-29 11:16:53] INFO epoch 57 it 1260/1704 loss 0.0178
[2026-04-29 11:16:54] INFO epoch 57 it 1280/1704 loss 0.0180
[2026-04-29 11:16:54] INFO epoch 57 it 1300/1704 loss 0.0170
[2026-04-29 11:16:54] INFO epoch 57 it 1320/1704 loss 0.0178
[2026-04-29 11:16:54] INFO epoch 57 it 1340/1704 loss 0.0189
[2026-04-29 11:16:55] INFO epoch 57 it 1360/1704 loss 0.0164
[2026-04-29 11:16:55] INFO epoch 57 it 1380/1704 loss 0.0173
[2026-04-29 11:16:55] INFO epoch 57 it 1400/1704 loss 0.0164
[2026-04-29 11:16:55] INFO epoch 57 it 1420/1704 loss 0.0168
[2026-04-29 11:16:56] INFO epoch 57 it 1440/1704 loss 0.0169
[2026-04-29 11:16:56] INFO epoch 57 it 1460/1704 loss 0.0172
[2026-04-29 11:16:56] INFO epoch 57 it 1480/1704 loss 0.0169
[2026-04-29 11:16:56] INFO epoch 57 it 1500/1704 loss 0.0161
[2026-04-29 11:16:57] INFO epoch 57 it 1520/1704 loss 0.0179
[2026-04-29 11:16:57] INFO epoch 57 it 1540/1704 loss 0.0180
[2026-04-29 11:16:57] INFO epoch 57 it 1560/1704 loss 0.0168
[2026-04-29 11:16:57] INFO epoch 57 it 1580/1704 loss 0.0178
[2026-04-29 11:16:58] INFO epoch 57 it 1600/1704 loss 0.0174
[2026-04-29 11:16:58] INFO epoch 57 it 1620/1704 loss 0.0180
[2026-04-29 11:16:58] INFO epoch 57 it 1640/1704 loss 0.0184
[2026-04-29 11:16:59] INFO epoch 57 it 1660/1704 loss 0.0168
[2026-04-29 11:16:59] INFO epoch 57 it 1680/1704 loss 0.0169
[2026-04-29 11:16:59] INFO epoch 57 it 1700/1704 loss 0.0170
[2026-04-29 11:17:01] INFO epoch 57 done in 58.6s lr=8.06e-05
