[2026-04-29 11:42:27] INFO Device: cuda
[2026-04-29 11:42:27] INFO GPU: NVIDIA GeForce RTX 5090
[2026-04-29 11:43:18] INFO Train cases: ['2HNA002', '2HNA005', '2HNA010', '2HNA011', '2HNA014', '2HNA016', '2HNA019', '2HNA021', '2HNA024', '2HNA025', '2HNA027', '2HNA028', '2HNA029', '2HNA031', '2HNA032', '2HNA035', '2HNA036', '2HNA039', '2HNA040', '2HNA041', '2HNA044', '2HNA045', '2HNA046', '2HNA050', '2HNA056', '2HNA058', '2HNA061', '2HNA068', '2HNA070', '2HNA073', '2HNA076', '2HNA077', '2HNA082', '2HNA083', '2HNA084', '2HNA086', '2HNA087', '2HNA088', '2HNA089', '2HNA090', '2HNA091', '2HNA092', '2HNA093', '2HNA094', '2HNA095', '2HNA097', '2HNA099', '2HNA105', '2HNA106', '2HNA107', '2HNA108', '2HNA111', '2HNA113', '2HNA115', '2HNB001', '2HNB002', '2HNB005', '2HNB006', '2HNB007', '2HNB009', '2HNB010', '2HNB011', '2HNB014', '2HNB015', '2HNB016', '2HNB019', '2HNB020', '2HNB023', '2HNB024', '2HNB030', '2HNB031', '2HNB033', '2HNB034', '2HNB036', '2HNB037', '2HNB039', '2HNB043', '2HNB044', '2HNB045', '2HNB047', '2HNB050', '2HNB051', '2HNB053', '2HNB055', '2HNB058', '2HNB059', '2HNB060', '2HNB063', '2HNB065', '2HNB067', '2HNB070', '2HNB072', '2HNB074', '2HNB075', '2HNB078', '2HNB081', '2HNB082', '2HNB085', '2HNB086', '2HNB089', '2HNB091', '2HNB093', '2HNB098', '2HNB099', '2HNB101', '2HNB102', '2HNB104', '2HNB105', '2HNB106', '2HNB107', '2HNB109', '2HNB111', '2HNC018', '2HNC021', '2HNC024', '2HNC027', '2HNC028', '2HNC029', '2HNC037', '2HNC040', '2HNC046', '2HNC048', '2HNC049', '2HNC052', '2HNC053', '2HNC055', '2HNC057', '2HNC058', '2HNC066', '2HNC069', '2HNC072', '2HNC074', '2HNC075', '2HNC076', '2HNC077', '2HNC078', '2HNC079', '2HNC080', '2HNC081', '2HNC082', '2HNC085', '2HNC088', '2HNC091', '2HNC092', '2HNC097', '2HNC098', '2HNC099', '2HNC100', '2HNC102', '2HNC104', '2HNC108', '2HNC112', '2HNC113', '2HNC118', '2HNC121', '2HNC123', '2HNC125', '2HNE003', '2HNE004', '2HNE007']
[2026-04-29 11:43:18] INFO Val cases:   ['2HNA026', '2HNA033', '2HNA034', '2HNA038', '2HNA047', '2HNA096', '2HNA098', '2HNA100', '2HNA102', '2HNA104', '2HNA110', '2HNB013', '2HNB054', '2HNB061', '2HNB064', '2HNB071', '2HNB103', '2HNB108', '2HNC017', '2HNC020', '2HNC025', '2HNC030', '2HNC034', '2HNC036', '2HNC042', '2HNC043', '2HNC051', '2HNC060', '2HNC061', '2HNC062', '2HNC063', '2HNC084', '2HNC086', '2HNC087', '2HNC094', '2HNC101', '2HNC117', '2HNC119', '2HNE001', '2HNE006']
[2026-04-29 11:43:18] INFO Train slices: 13634  Val slices: 3451
[2026-04-29 11:43:18] INFO Model params: 6.50M
[2026-04-29 11:43:18] INFO Resumed from C:\Users\USER\Desktop\dev\sct_unet\outputs\full_0429\last.pth at epoch 57
[2026-04-29 11:44:01] INFO epoch 57 it 20/1704 loss 0.0169
[2026-04-29 11:44:01] INFO epoch 57 it 40/1704 loss 0.0161
[2026-04-29 11:44:01] INFO epoch 57 it 60/1704 loss 0.0166
[2026-04-29 11:44:01] INFO epoch 57 it 80/1704 loss 0.0178
[2026-04-29 11:44:02] INFO epoch 57 it 100/1704 loss 0.0163
[2026-04-29 11:44:02] INFO epoch 57 it 120/1704 loss 0.0168
[2026-04-29 11:44:02] INFO epoch 57 it 140/1704 loss 0.0178
[2026-04-29 11:44:02] INFO epoch 57 it 160/1704 loss 0.0182
[2026-04-29 11:44:03] INFO epoch 57 it 180/1704 loss 0.0171
[2026-04-29 11:44:03] INFO epoch 57 it 200/1704 loss 0.0166
[2026-04-29 11:44:03] INFO epoch 57 it 220/1704 loss 0.0161
[2026-04-29 11:44:03] INFO epoch 57 it 240/1704 loss 0.0161
[2026-04-29 11:44:03] INFO epoch 57 it 260/1704 loss 0.0168
[2026-04-29 11:44:04] INFO epoch 57 it 280/1704 loss 0.0166
[2026-04-29 11:44:04] INFO epoch 57 it 300/1704 loss 0.0172
[2026-04-29 11:44:04] INFO epoch 57 it 320/1704 loss 0.0187
[2026-04-29 11:44:04] INFO epoch 57 it 340/1704 loss 0.0179
[2026-04-29 11:44:05] INFO epoch 57 it 360/1704 loss 0.0166
[2026-04-29 11:44:05] INFO epoch 57 it 380/1704 loss 0.0170
[2026-04-29 11:44:05] INFO epoch 57 it 400/1704 loss 0.0165
[2026-04-29 11:44:05] INFO epoch 57 it 420/1704 loss 0.0173
[2026-04-29 11:44:05] INFO epoch 57 it 440/1704 loss 0.0168
[2026-04-29 11:44:06] INFO epoch 57 it 460/1704 loss 0.0178
[2026-04-29 11:44:06] INFO epoch 57 it 480/1704 loss 0.0174
[2026-04-29 11:44:06] INFO epoch 57 it 500/1704 loss 0.0182
[2026-04-29 11:44:06] INFO epoch 57 it 520/1704 loss 0.0173
[2026-04-29 11:44:07] INFO epoch 57 it 540/1704 loss 0.0180
[2026-04-29 11:44:07] INFO epoch 57 it 560/1704 loss 0.0172
[2026-04-29 11:44:07] INFO epoch 57 it 580/1704 loss 0.0176
[2026-04-29 11:44:07] INFO epoch 57 it 600/1704 loss 0.0152
[2026-04-29 11:44:07] INFO epoch 57 it 620/1704 loss 0.0173
[2026-04-29 11:44:08] INFO epoch 57 it 640/1704 loss 0.0168
[2026-04-29 11:44:08] INFO epoch 57 it 660/1704 loss 0.0172
[2026-04-29 11:44:08] INFO epoch 57 it 680/1704 loss 0.0158
[2026-04-29 11:44:08] INFO epoch 57 it 700/1704 loss 0.0174
[2026-04-29 11:44:09] INFO epoch 57 it 720/1704 loss 0.0160
[2026-04-29 11:44:09] INFO epoch 57 it 740/1704 loss 0.0170
[2026-04-29 11:44:09] INFO epoch 57 it 760/1704 loss 0.0179
[2026-04-29 11:44:09] INFO epoch 57 it 780/1704 loss 0.0177
[2026-04-29 11:44:09] INFO epoch 57 it 800/1704 loss 0.0173
[2026-04-29 11:44:10] INFO epoch 57 it 820/1704 loss 0.0171
[2026-04-29 11:44:10] INFO epoch 57 it 840/1704 loss 0.0168
[2026-04-29 11:44:10] INFO epoch 57 it 860/1704 loss 0.0175
[2026-04-29 11:44:10] INFO epoch 57 it 880/1704 loss 0.0176
[2026-04-29 11:44:11] INFO epoch 57 it 900/1704 loss 0.0168
[2026-04-29 11:44:11] INFO epoch 57 it 920/1704 loss 0.0173
[2026-04-29 11:44:11] INFO epoch 57 it 940/1704 loss 0.0174
[2026-04-29 11:44:11] INFO epoch 57 it 960/1704 loss 0.0167
[2026-04-29 11:44:12] INFO epoch 57 it 980/1704 loss 0.0179
[2026-04-29 11:44:12] INFO epoch 57 it 1000/1704 loss 0.0163
[2026-04-29 11:44:12] INFO epoch 57 it 1020/1704 loss 0.0164
[2026-04-29 11:44:12] INFO epoch 57 it 1040/1704 loss 0.0171
[2026-04-29 11:44:12] INFO epoch 57 it 1060/1704 loss 0.0161
[2026-04-29 11:44:13] INFO epoch 57 it 1080/1704 loss 0.0180
[2026-04-29 11:44:13] INFO epoch 57 it 1100/1704 loss 0.0181
[2026-04-29 11:44:13] INFO epoch 57 it 1120/1704 loss 0.0173
[2026-04-29 11:44:13] INFO epoch 57 it 1140/1704 loss 0.0173
[2026-04-29 11:44:14] INFO epoch 57 it 1160/1704 loss 0.0165
[2026-04-29 11:44:14] INFO epoch 57 it 1180/1704 loss 0.0181
[2026-04-29 11:44:14] INFO epoch 57 it 1200/1704 loss 0.0175
[2026-04-29 11:44:14] INFO epoch 57 it 1220/1704 loss 0.0177
[2026-04-29 11:44:14] INFO epoch 57 it 1240/1704 loss 0.0174
[2026-04-29 11:44:15] INFO epoch 57 it 1260/1704 loss 0.0174
[2026-04-29 11:44:15] INFO epoch 57 it 1280/1704 loss 0.0177
[2026-04-29 11:44:15] INFO epoch 57 it 1300/1704 loss 0.0176
[2026-04-29 11:44:15] INFO epoch 57 it 1320/1704 loss 0.0167
[2026-04-29 11:44:16] INFO epoch 57 it 1340/1704 loss 0.0172
[2026-04-29 11:44:16] INFO epoch 57 it 1360/1704 loss 0.0177
[2026-04-29 11:44:16] INFO epoch 57 it 1380/1704 loss 0.0179
[2026-04-29 11:44:16] INFO epoch 57 it 1400/1704 loss 0.0173
[2026-04-29 11:44:16] INFO epoch 57 it 1420/1704 loss 0.0174
[2026-04-29 11:44:17] INFO epoch 57 it 1440/1704 loss 0.0177
[2026-04-29 11:44:17] INFO epoch 57 it 1460/1704 loss 0.0174
[2026-04-29 11:44:17] INFO epoch 57 it 1480/1704 loss 0.0165
[2026-04-29 11:44:17] INFO epoch 57 it 1500/1704 loss 0.0154
[2026-04-29 11:44:18] INFO epoch 57 it 1520/1704 loss 0.0174
[2026-04-29 11:44:18] INFO epoch 57 it 1540/1704 loss 0.0162
[2026-04-29 11:44:18] INFO epoch 57 it 1560/1704 loss 0.0181
[2026-04-29 11:44:18] INFO epoch 57 it 1580/1704 loss 0.0179
[2026-04-29 11:44:19] INFO epoch 57 it 1600/1704 loss 0.0177
[2026-04-29 11:44:19] INFO epoch 57 it 1620/1704 loss 0.0160
[2026-04-29 11:44:19] INFO epoch 57 it 1640/1704 loss 0.0185
[2026-04-29 11:44:19] INFO epoch 57 it 1660/1704 loss 0.0178
[2026-04-29 11:44:19] INFO epoch 57 it 1680/1704 loss 0.0175
[2026-04-29 11:44:20] INFO epoch 57 it 1700/1704 loss 0.0171
[2026-04-29 11:44:21] INFO epoch 57 done in 62.9s lr=8.06e-05
C:\Users\USER\anaconda3\envs\nnunet\Lib\site-packages\monai\inferers\utils.py:226: UserWarning: Using a non-tuple sequence for multidimensional indexing is deprecated and will be changed in pytorch 2.9; use x[tuple(seq)] instead of x[seq]. In pytorch 2.9 this will be interpreted as tensor index, x[torch.tensor(seq)], which will result either in an error or a different result (Triggered internally at C:\actions-runner\_work\pytorch\pytorch\pytorch\torch\csrc\autograd\python_variable_indexing.cpp:353.)
  win_data = torch.cat([inputs[win_slice] for win_slice in unravel_slice]).to(sw_device)
C:\Users\USER\anaconda3\envs\nnunet\Lib\site-packages\monai\inferers\utils.py:370: UserWarning: Using a non-tuple sequence for multidimensional indexing is deprecated and will be changed in pytorch 2.9; use x[tuple(seq)] instead of x[seq]. In pytorch 2.9 this will be interpreted as tensor index, x[torch.tensor(seq)], which will result either in an error or a different result (Triggered internally at C:\actions-runner\_work\pytorch\pytorch\pytorch\torch\csrc\autograd\python_variable_indexing.cpp:353.)
  out[idx_zm] += p
[2026-04-29 11:44:59] INFO epoch 57 val MAE(HU): 26.51
[2026-04-29 11:45:42] INFO epoch 58 it 20/1704 loss 0.0176
[2026-04-29 11:45:42] INFO epoch 58 it 40/1704 loss 0.0169
[2026-04-29 11:45:42] INFO epoch 58 it 60/1704 loss 0.0175
[2026-04-29 11:45:42] INFO epoch 58 it 80/1704 loss 0.0167
[2026-04-29 11:45:43] INFO epoch 58 it 100/1704 loss 0.0164
[2026-04-29 11:45:43] INFO epoch 58 it 120/1704 loss 0.0166
[2026-04-29 11:45:43] INFO epoch 58 it 140/1704 loss 0.0160
[2026-04-29 11:45:43] INFO epoch 58 it 160/1704 loss 0.0172
[2026-04-29 11:45:44] INFO epoch 58 it 180/1704 loss 0.0163
[2026-04-29 11:45:44] INFO epoch 58 it 200/1704 loss 0.0164
[2026-04-29 11:45:44] INFO epoch 58 it 220/1704 loss 0.0174
[2026-04-29 11:45:44] INFO epoch 58 it 240/1704 loss 0.0170
[2026-04-29 11:45:45] INFO epoch 58 it 260/1704 loss 0.0167
[2026-04-29 11:45:45] INFO epoch 58 it 280/1704 loss 0.0168
[2026-04-29 11:45:45] INFO epoch 58 it 300/1704 loss 0.0169
[2026-04-29 11:45:45] INFO epoch 58 it 320/1704 loss 0.0176
[2026-04-29 11:45:45] INFO epoch 58 it 340/1704 loss 0.0166
[2026-04-29 11:45:46] INFO epoch 58 it 360/1704 loss 0.0172
[2026-04-29 11:45:46] INFO epoch 58 it 380/1704 loss 0.0184
[2026-04-29 11:45:46] INFO epoch 58 it 400/1704 loss 0.0168
[2026-04-29 11:45:46] INFO epoch 58 it 420/1704 loss 0.0196
[2026-04-29 11:45:47] INFO epoch 58 it 440/1704 loss 0.0169
[2026-04-29 11:45:47] INFO epoch 58 it 460/1704 loss 0.0162
[2026-04-29 11:45:47] INFO epoch 58 it 480/1704 loss 0.0178
[2026-04-29 11:45:47] INFO epoch 58 it 500/1704 loss 0.0178
[2026-04-29 11:45:47] INFO epoch 58 it 520/1704 loss 0.0160
[2026-04-29 11:45:48] INFO epoch 58 it 540/1704 loss 0.0165
[2026-04-29 11:45:48] INFO epoch 58 it 560/1704 loss 0.0175
[2026-04-29 11:45:48] INFO epoch 58 it 580/1704 loss 0.0175
[2026-04-29 11:45:48] INFO epoch 58 it 600/1704 loss 0.0173
[2026-04-29 11:45:49] INFO epoch 58 it 620/1704 loss 0.0181
[2026-04-29 11:45:49] INFO epoch 58 it 640/1704 loss 0.0174
[2026-04-29 11:45:49] INFO epoch 58 it 660/1704 loss 0.0175
[2026-04-29 11:45:49] INFO epoch 58 it 680/1704 loss 0.0176
[2026-04-29 11:45:49] INFO epoch 58 it 700/1704 loss 0.0167
[2026-04-29 11:45:50] INFO epoch 58 it 720/1704 loss 0.0172
[2026-04-29 11:45:50] INFO epoch 58 it 740/1704 loss 0.0168
[2026-04-29 11:45:50] INFO epoch 58 it 760/1704 loss 0.0172
[2026-04-29 11:45:50] INFO epoch 58 it 780/1704 loss 0.0175
[2026-04-29 11:45:51] INFO epoch 58 it 800/1704 loss 0.0175
[2026-04-29 11:45:51] INFO epoch 58 it 820/1704 loss 0.0161
[2026-04-29 11:45:51] INFO epoch 58 it 840/1704 loss 0.0175
[2026-04-29 11:45:51] INFO epoch 58 it 860/1704 loss 0.0169
[2026-04-29 11:45:52] INFO epoch 58 it 880/1704 loss 0.0174
[2026-04-29 11:45:52] INFO epoch 58 it 900/1704 loss 0.0175
[2026-04-29 11:45:52] INFO epoch 58 it 920/1704 loss 0.0168
[2026-04-29 11:45:52] INFO epoch 58 it 940/1704 loss 0.0163
[2026-04-29 11:45:52] INFO epoch 58 it 960/1704 loss 0.0165
[2026-04-29 11:45:53] INFO epoch 58 it 980/1704 loss 0.0167
[2026-04-29 11:45:53] INFO epoch 58 it 1000/1704 loss 0.0181
[2026-04-29 11:45:53] INFO epoch 58 it 1020/1704 loss 0.0177
[2026-04-29 11:45:53] INFO epoch 58 it 1040/1704 loss 0.0175
[2026-04-29 11:45:54] INFO epoch 58 it 1060/1704 loss 0.0174
[2026-04-29 11:45:54] INFO epoch 58 it 1080/1704 loss 0.0163
[2026-04-29 11:45:54] INFO epoch 58 it 1100/1704 loss 0.0171
[2026-04-29 11:45:54] INFO epoch 58 it 1120/1704 loss 0.0172
[2026-04-29 11:45:54] INFO epoch 58 it 1140/1704 loss 0.0169
[2026-04-29 11:45:55] INFO epoch 58 it 1160/1704 loss 0.0174
[2026-04-29 11:45:55] INFO epoch 58 it 1180/1704 loss 0.0176
[2026-04-29 11:45:55] INFO epoch 58 it 1200/1704 loss 0.0174
[2026-04-29 11:45:55] INFO epoch 58 it 1220/1704 loss 0.0169
[2026-04-29 11:45:56] INFO epoch 58 it 1240/1704 loss 0.0172
[2026-04-29 11:45:56] INFO epoch 58 it 1260/1704 loss 0.0176
[2026-04-29 11:45:56] INFO epoch 58 it 1280/1704 loss 0.0178
[2026-04-29 11:45:56] INFO epoch 58 it 1300/1704 loss 0.0183
[2026-04-29 11:45:57] INFO epoch 58 it 1320/1704 loss 0.0165
[2026-04-29 11:45:57] INFO epoch 58 it 1340/1704 loss 0.0170
[2026-04-29 11:45:57] INFO epoch 58 it 1360/1704 loss 0.0163
[2026-04-29 11:45:57] INFO epoch 58 it 1380/1704 loss 0.0175
[2026-04-29 11:45:57] INFO epoch 58 it 1400/1704 loss 0.0172
[2026-04-29 11:45:58] INFO epoch 58 it 1420/1704 loss 0.0167
[2026-04-29 11:45:58] INFO epoch 58 it 1440/1704 loss 0.0164
[2026-04-29 11:45:58] INFO epoch 58 it 1460/1704 loss 0.0172
[2026-04-29 11:45:58] INFO epoch 58 it 1480/1704 loss 0.0177
[2026-04-29 11:45:59] INFO epoch 58 it 1500/1704 loss 0.0168
[2026-04-29 11:45:59] INFO epoch 58 it 1520/1704 loss 0.0168
[2026-04-29 11:45:59] INFO epoch 58 it 1540/1704 loss 0.0166
[2026-04-29 11:45:59] INFO epoch 58 it 1560/1704 loss 0.0165
[2026-04-29 11:45:59] INFO epoch 58 it 1580/1704 loss 0.0176
[2026-04-29 11:46:00] INFO epoch 58 it 1600/1704 loss 0.0181
[2026-04-29 11:46:00] INFO epoch 58 it 1620/1704 loss 0.0158
[2026-04-29 11:46:00] INFO epoch 58 it 1640/1704 loss 0.0168
[2026-04-29 11:46:00] INFO epoch 58 it 1660/1704 loss 0.0163
[2026-04-29 11:46:01] INFO epoch 58 it 1680/1704 loss 0.0173
[2026-04-29 11:46:01] INFO epoch 58 it 1700/1704 loss 0.0176
[2026-04-29 11:46:02] INFO epoch 58 done in 62.9s lr=8.00e-05
[2026-04-29 11:46:40] INFO epoch 58 val MAE(HU): 26.47
[2026-04-29 11:47:22] INFO epoch 59 it 20/1704 loss 0.0182
[2026-04-29 11:47:22] INFO epoch 59 it 40/1704 loss 0.0167
[2026-04-29 11:47:22] INFO epoch 59 it 60/1704 loss 0.0165
[2026-04-29 11:47:23] INFO epoch 59 it 80/1704 loss 0.0165
[2026-04-29 11:47:23] INFO epoch 59 it 100/1704 loss 0.0167
[2026-04-29 11:47:23] INFO epoch 59 it 120/1704 loss 0.0169
[2026-04-29 11:47:23] INFO epoch 59 it 140/1704 loss 0.0180
[2026-04-29 11:47:23] INFO epoch 59 it 160/1704 loss 0.0170
[2026-04-29 11:47:24] INFO epoch 59 it 180/1704 loss 0.0175
[2026-04-29 11:47:24] INFO epoch 59 it 200/1704 loss 0.0175
[2026-04-29 11:47:24] INFO epoch 59 it 220/1704 loss 0.0162
[2026-04-29 11:47:24] INFO epoch 59 it 240/1704 loss 0.0174
[2026-04-29 11:47:25] INFO epoch 59 it 260/1704 loss 0.0158
[2026-04-29 11:47:25] INFO epoch 59 it 280/1704 loss 0.0173
[2026-04-29 11:47:25] INFO epoch 59 it 300/1704 loss 0.0176
[2026-04-29 11:47:25] INFO epoch 59 it 320/1704 loss 0.0181
[2026-04-29 11:47:25] INFO epoch 59 it 340/1704 loss 0.0168
[2026-04-29 11:47:26] INFO epoch 59 it 360/1704 loss 0.0169
[2026-04-29 11:47:26] INFO epoch 59 it 380/1704 loss 0.0175
[2026-04-29 11:47:26] INFO epoch 59 it 400/1704 loss 0.0161
[2026-04-29 11:47:26] INFO epoch 59 it 420/1704 loss 0.0168
[2026-04-29 11:47:27] INFO epoch 59 it 440/1704 loss 0.0168
[2026-04-29 11:47:27] INFO epoch 59 it 460/1704 loss 0.0166
[2026-04-29 11:47:27] INFO epoch 59 it 480/1704 loss 0.0181
[2026-04-29 11:47:27] INFO epoch 59 it 500/1704 loss 0.0170
[2026-04-29 11:47:27] INFO epoch 59 it 520/1704 loss 0.0166
[2026-04-29 11:47:28] INFO epoch 59 it 540/1704 loss 0.0167
[2026-04-29 11:47:28] INFO epoch 59 it 560/1704 loss 0.0171
[2026-04-29 11:47:28] INFO epoch 59 it 580/1704 loss 0.0177
[2026-04-29 11:47:28] INFO epoch 59 it 600/1704 loss 0.0175
[2026-04-29 11:47:29] INFO epoch 59 it 620/1704 loss 0.0181
[2026-04-29 11:47:29] INFO epoch 59 it 640/1704 loss 0.0172
[2026-04-29 11:47:29] INFO epoch 59 it 660/1704 loss 0.0162
[2026-04-29 11:47:29] INFO epoch 59 it 680/1704 loss 0.0173
[2026-04-29 11:47:29] INFO epoch 59 it 700/1704 loss 0.0165
[2026-04-29 11:47:30] INFO epoch 59 it 720/1704 loss 0.0170
[2026-04-29 11:47:30] INFO epoch 59 it 740/1704 loss 0.0174
[2026-04-29 11:47:30] INFO epoch 59 it 760/1704 loss 0.0167
[2026-04-29 11:47:30] INFO epoch 59 it 780/1704 loss 0.0168
[2026-04-29 11:47:31] INFO epoch 59 it 800/1704 loss 0.0158
[2026-04-29 11:47:31] INFO epoch 59 it 820/1704 loss 0.0166
[2026-04-29 11:47:31] INFO epoch 59 it 840/1704 loss 0.0171
[2026-04-29 11:47:31] INFO epoch 59 it 860/1704 loss 0.0176
[2026-04-29 11:47:31] INFO epoch 59 it 880/1704 loss 0.0169
[2026-04-29 11:47:32] INFO epoch 59 it 900/1704 loss 0.0173
[2026-04-29 11:47:32] INFO epoch 59 it 920/1704 loss 0.0163
[2026-04-29 11:47:32] INFO epoch 59 it 940/1704 loss 0.0170
[2026-04-29 11:47:32] INFO epoch 59 it 960/1704 loss 0.0172
[2026-04-29 11:47:33] INFO epoch 59 it 980/1704 loss 0.0164
[2026-04-29 11:47:33] INFO epoch 59 it 1000/1704 loss 0.0174
[2026-04-29 11:47:33] INFO epoch 59 it 1020/1704 loss 0.0163
[2026-04-29 11:47:33] INFO epoch 59 it 1040/1704 loss 0.0170
[2026-04-29 11:47:33] INFO epoch 59 it 1060/1704 loss 0.0172
[2026-04-29 11:47:34] INFO epoch 59 it 1080/1704 loss 0.0163
[2026-04-29 11:47:34] INFO epoch 59 it 1100/1704 loss 0.0177
[2026-04-29 11:47:34] INFO epoch 59 it 1120/1704 loss 0.0172
[2026-04-29 11:47:34] INFO epoch 59 it 1140/1704 loss 0.0170
[2026-04-29 11:47:35] INFO epoch 59 it 1160/1704 loss 0.0177
[2026-04-29 11:47:35] INFO epoch 59 it 1180/1704 loss 0.0169
[2026-04-29 11:47:35] INFO epoch 59 it 1200/1704 loss 0.0173
[2026-04-29 11:47:35] INFO epoch 59 it 1220/1704 loss 0.0175
[2026-04-29 11:47:36] INFO epoch 59 it 1240/1704 loss 0.0173
[2026-04-29 11:47:36] INFO epoch 59 it 1260/1704 loss 0.0167
[2026-04-29 11:47:36] INFO epoch 59 it 1280/1704 loss 0.0167
[2026-04-29 11:47:36] INFO epoch 59 it 1300/1704 loss 0.0173
[2026-04-29 11:47:36] INFO epoch 59 it 1320/1704 loss 0.0166
[2026-04-29 11:47:37] INFO epoch 59 it 1340/1704 loss 0.0162
[2026-04-29 11:47:37] INFO epoch 59 it 1360/1704 loss 0.0180
[2026-04-29 11:47:37] INFO epoch 59 it 1380/1704 loss 0.0184
[2026-04-29 11:47:37] INFO epoch 59 it 1400/1704 loss 0.0172
[2026-04-29 11:47:38] INFO epoch 59 it 1420/1704 loss 0.0169
[2026-04-29 11:47:38] INFO epoch 59 it 1440/1704 loss 0.0179
[2026-04-29 11:47:38] INFO epoch 59 it 1460/1704 loss 0.0163
[2026-04-29 11:47:38] INFO epoch 59 it 1480/1704 loss 0.0168
[2026-04-29 11:47:38] INFO epoch 59 it 1500/1704 loss 0.0164
[2026-04-29 11:47:39] INFO epoch 59 it 1520/1704 loss 0.0174
[2026-04-29 11:47:39] INFO epoch 59 it 1540/1704 loss 0.0170
[2026-04-29 11:47:39] INFO epoch 59 it 1560/1704 loss 0.0177
[2026-04-29 11:47:39] INFO epoch 59 it 1580/1704 loss 0.0171
[2026-04-29 11:47:40] INFO epoch 59 it 1600/1704 loss 0.0167
[2026-04-29 11:47:40] INFO epoch 59 it 1620/1704 loss 0.0156
[2026-04-29 11:47:40] INFO epoch 59 it 1640/1704 loss 0.0171
[2026-04-29 11:47:40] INFO epoch 59 it 1660/1704 loss 0.0178
[2026-04-29 11:47:41] INFO epoch 59 it 1680/1704 loss 0.0158
[2026-04-29 11:47:41] INFO epoch 59 it 1700/1704 loss 0.0174
[2026-04-29 11:47:42] INFO epoch 59 done in 62.0s lr=7.94e-05
[2026-04-29 11:48:20] INFO epoch 59 val MAE(HU): 26.52
[2026-04-29 11:49:01] INFO epoch 60 it 20/1704 loss 0.0175
[2026-04-29 11:49:02] INFO epoch 60 it 40/1704 loss 0.0161
[2026-04-29 11:49:02] INFO epoch 60 it 60/1704 loss 0.0178
[2026-04-29 11:49:02] INFO epoch 60 it 80/1704 loss 0.0161
[2026-04-29 11:49:02] INFO epoch 60 it 100/1704 loss 0.0172
[2026-04-29 11:49:03] INFO epoch 60 it 120/1704 loss 0.0175
[2026-04-29 11:49:03] INFO epoch 60 it 140/1704 loss 0.0169
[2026-04-29 11:49:03] INFO epoch 60 it 160/1704 loss 0.0163
[2026-04-29 11:49:03] INFO epoch 60 it 180/1704 loss 0.0168
[2026-04-29 11:49:03] INFO epoch 60 it 200/1704 loss 0.0164
[2026-04-29 11:49:04] INFO epoch 60 it 220/1704 loss 0.0169
[2026-04-29 11:49:04] INFO epoch 60 it 240/1704 loss 0.0165
[2026-04-29 11:49:04] INFO epoch 60 it 260/1704 loss 0.0166
[2026-04-29 11:49:04] INFO epoch 60 it 280/1704 loss 0.0165
[2026-04-29 11:49:05] INFO epoch 60 it 300/1704 loss 0.0167
[2026-04-29 11:49:05] INFO epoch 60 it 320/1704 loss 0.0158
[2026-04-29 11:49:05] INFO epoch 60 it 340/1704 loss 0.0162
[2026-04-29 11:49:05] INFO epoch 60 it 360/1704 loss 0.0159
[2026-04-29 11:49:06] INFO epoch 60 it 380/1704 loss 0.0175
[2026-04-29 11:49:06] INFO epoch 60 it 400/1704 loss 0.0163
[2026-04-29 11:49:06] INFO epoch 60 it 420/1704 loss 0.0170
[2026-04-29 11:49:06] INFO epoch 60 it 440/1704 loss 0.0168
[2026-04-29 11:49:07] INFO epoch 60 it 460/1704 loss 0.0159
[2026-04-29 11:49:07] INFO epoch 60 it 480/1704 loss 0.0163
[2026-04-29 11:49:07] INFO epoch 60 it 500/1704 loss 0.0166
[2026-04-29 11:49:07] INFO epoch 60 it 520/1704 loss 0.0182
[2026-04-29 11:49:07] INFO epoch 60 it 540/1704 loss 0.0165
[2026-04-29 11:49:08] INFO epoch 60 it 560/1704 loss 0.0174
[2026-04-29 11:49:08] INFO epoch 60 it 580/1704 loss 0.0168
[2026-04-29 11:49:08] INFO epoch 60 it 600/1704 loss 0.0171
[2026-04-29 11:49:08] INFO epoch 60 it 620/1704 loss 0.0178
[2026-04-29 11:49:09] INFO epoch 60 it 640/1704 loss 0.0163
[2026-04-29 11:49:09] INFO epoch 60 it 660/1704 loss 0.0165
[2026-04-29 11:49:09] INFO epoch 60 it 680/1704 loss 0.0158
[2026-04-29 11:49:09] INFO epoch 60 it 700/1704 loss 0.0163
[2026-04-29 11:49:09] INFO epoch 60 it 720/1704 loss 0.0173
[2026-04-29 11:49:10] INFO epoch 60 it 740/1704 loss 0.0168
[2026-04-29 11:49:10] INFO epoch 60 it 760/1704 loss 0.0177
[2026-04-29 11:49:10] INFO epoch 60 it 780/1704 loss 0.0159
[2026-04-29 11:49:10] INFO epoch 60 it 800/1704 loss 0.0175
[2026-04-29 11:49:11] INFO epoch 60 it 820/1704 loss 0.0165
[2026-04-29 11:49:11] INFO epoch 60 it 840/1704 loss 0.0170
[2026-04-29 11:49:11] INFO epoch 60 it 860/1704 loss 0.0174
[2026-04-29 11:49:11] INFO epoch 60 it 880/1704 loss 0.0173
[2026-04-29 11:49:11] INFO epoch 60 it 900/1704 loss 0.0172
[2026-04-29 11:49:12] INFO epoch 60 it 920/1704 loss 0.0171
[2026-04-29 11:49:12] INFO epoch 60 it 940/1704 loss 0.0173
[2026-04-29 11:49:12] INFO epoch 60 it 960/1704 loss 0.0173
[2026-04-29 11:49:12] INFO epoch 60 it 980/1704 loss 0.0162
[2026-04-29 11:49:13] INFO epoch 60 it 1000/1704 loss 0.0171
[2026-04-29 11:49:13] INFO epoch 60 it 1020/1704 loss 0.0173
[2026-04-29 11:49:13] INFO epoch 60 it 1040/1704 loss 0.0174
[2026-04-29 11:49:13] INFO epoch 60 it 1060/1704 loss 0.0166
[2026-04-29 11:49:13] INFO epoch 60 it 1080/1704 loss 0.0172
[2026-04-29 11:49:14] INFO epoch 60 it 1100/1704 loss 0.0170
[2026-04-29 11:49:14] INFO epoch 60 it 1120/1704 loss 0.0169
[2026-04-29 11:49:14] INFO epoch 60 it 1140/1704 loss 0.0178
[2026-04-29 11:49:14] INFO epoch 60 it 1160/1704 loss 0.0170
[2026-04-29 11:49:15] INFO epoch 60 it 1180/1704 loss 0.0178
[2026-04-29 11:49:15] INFO epoch 60 it 1200/1704 loss 0.0174
[2026-04-29 11:49:15] INFO epoch 60 it 1220/1704 loss 0.0162
[2026-04-29 11:49:15] INFO epoch 60 it 1240/1704 loss 0.0169
[2026-04-29 11:49:15] INFO epoch 60 it 1260/1704 loss 0.0174
[2026-04-29 11:49:16] INFO epoch 60 it 1280/1704 loss 0.0170
[2026-04-29 11:49:16] INFO epoch 60 it 1300/1704 loss 0.0173
[2026-04-29 11:49:16] INFO epoch 60 it 1320/1704 loss 0.0184
[2026-04-29 11:49:16] INFO epoch 60 it 1340/1704 loss 0.0175
[2026-04-29 11:49:17] INFO epoch 60 it 1360/1704 loss 0.0168
[2026-04-29 11:49:17] INFO epoch 60 it 1380/1704 loss 0.0172
[2026-04-29 11:49:17] INFO epoch 60 it 1400/1704 loss 0.0173
[2026-04-29 11:49:17] INFO epoch 60 it 1420/1704 loss 0.0167
[2026-04-29 11:49:18] INFO epoch 60 it 1440/1704 loss 0.0180
[2026-04-29 11:49:18] INFO epoch 60 it 1460/1704 loss 0.0170
[2026-04-29 11:49:18] INFO epoch 60 it 1480/1704 loss 0.0171
[2026-04-29 11:49:18] INFO epoch 60 it 1500/1704 loss 0.0172
[2026-04-29 11:49:18] INFO epoch 60 it 1520/1704 loss 0.0170
[2026-04-29 11:49:19] INFO epoch 60 it 1540/1704 loss 0.0180
[2026-04-29 11:49:19] INFO epoch 60 it 1560/1704 loss 0.0165
[2026-04-29 11:49:19] INFO epoch 60 it 1580/1704 loss 0.0168
[2026-04-29 11:49:19] INFO epoch 60 it 1600/1704 loss 0.0164
[2026-04-29 11:49:20] INFO epoch 60 it 1620/1704 loss 0.0178
[2026-04-29 11:49:20] INFO epoch 60 it 1640/1704 loss 0.0187
[2026-04-29 11:49:20] INFO epoch 60 it 1660/1704 loss 0.0175
[2026-04-29 11:49:20] INFO epoch 60 it 1680/1704 loss 0.0173
[2026-04-29 11:49:20] INFO epoch 60 it 1700/1704 loss 0.0167
[2026-04-29 11:49:22] INFO epoch 60 done in 62.2s lr=7.88e-05
[2026-04-29 11:49:59] INFO epoch 60 val MAE(HU): 26.34
[2026-04-29 11:50:42] INFO epoch 61 it 20/1704 loss 0.0168
[2026-04-29 11:50:42] INFO epoch 61 it 40/1704 loss 0.0177
[2026-04-29 11:50:42] INFO epoch 61 it 60/1704 loss 0.0167
[2026-04-29 11:50:42] INFO epoch 61 it 80/1704 loss 0.0168
[2026-04-29 11:50:43] INFO epoch 61 it 100/1704 loss 0.0164
[2026-04-29 11:50:43] INFO epoch 61 it 120/1704 loss 0.0174
[2026-04-29 11:50:43] INFO epoch 61 it 140/1704 loss 0.0164
[2026-04-29 11:50:43] INFO epoch 61 it 160/1704 loss 0.0161
[2026-04-29 11:50:43] INFO epoch 61 it 180/1704 loss 0.0169
[2026-04-29 11:50:44] INFO epoch 61 it 200/1704 loss 0.0170
[2026-04-29 11:50:44] INFO epoch 61 it 220/1704 loss 0.0158
[2026-04-29 11:50:44] INFO epoch 61 it 240/1704 loss 0.0159
[2026-04-29 11:50:44] INFO epoch 61 it 260/1704 loss 0.0159
[2026-04-29 11:50:45] INFO epoch 61 it 280/1704 loss 0.0183
[2026-04-29 11:50:45] INFO epoch 61 it 300/1704 loss 0.0168
[2026-04-29 11:50:45] INFO epoch 61 it 320/1704 loss 0.0165
[2026-04-29 11:50:45] INFO epoch 61 it 340/1704 loss 0.0167
[2026-04-29 11:50:45] INFO epoch 61 it 360/1704 loss 0.0176
[2026-04-29 11:50:46] INFO epoch 61 it 380/1704 loss 0.0164
[2026-04-29 11:50:46] INFO epoch 61 it 400/1704 loss 0.0170
[2026-04-29 11:50:46] INFO epoch 61 it 420/1704 loss 0.0161
[2026-04-29 11:50:46] INFO epoch 61 it 440/1704 loss 0.0175
[2026-04-29 11:50:47] INFO epoch 61 it 460/1704 loss 0.0157
[2026-04-29 11:50:47] INFO epoch 61 it 480/1704 loss 0.0165
[2026-04-29 11:50:47] INFO epoch 61 it 500/1704 loss 0.0168
[2026-04-29 11:50:47] INFO epoch 61 it 520/1704 loss 0.0164
[2026-04-29 11:50:47] INFO epoch 61 it 540/1704 loss 0.0181
[2026-04-29 11:50:48] INFO epoch 61 it 560/1704 loss 0.0175
[2026-04-29 11:50:48] INFO epoch 61 it 580/1704 loss 0.0159
[2026-04-29 11:50:48] INFO epoch 61 it 600/1704 loss 0.0170
[2026-04-29 11:50:48] INFO epoch 61 it 620/1704 loss 0.0176
[2026-04-29 11:50:49] INFO epoch 61 it 640/1704 loss 0.0172
[2026-04-29 11:50:49] INFO epoch 61 it 660/1704 loss 0.0164
[2026-04-29 11:50:49] INFO epoch 61 it 680/1704 loss 0.0167
[2026-04-29 11:50:49] INFO epoch 61 it 700/1704 loss 0.0182
[2026-04-29 11:50:49] INFO epoch 61 it 720/1704 loss 0.0170
[2026-04-29 11:50:50] INFO epoch 61 it 740/1704 loss 0.0172
[2026-04-29 11:50:50] INFO epoch 61 it 760/1704 loss 0.0161
[2026-04-29 11:50:50] INFO epoch 61 it 780/1704 loss 0.0163
[2026-04-29 11:50:50] INFO epoch 61 it 800/1704 loss 0.0173
[2026-04-29 11:50:51] INFO epoch 61 it 820/1704 loss 0.0161
[2026-04-29 11:50:51] INFO epoch 61 it 840/1704 loss 0.0162
[2026-04-29 11:50:51] INFO epoch 61 it 860/1704 loss 0.0175
[2026-04-29 11:50:51] INFO epoch 61 it 880/1704 loss 0.0169
[2026-04-29 11:50:51] INFO epoch 61 it 900/1704 loss 0.0180
[2026-04-29 11:50:52] INFO epoch 61 it 920/1704 loss 0.0175
[2026-04-29 11:50:52] INFO epoch 61 it 940/1704 loss 0.0174
[2026-04-29 11:50:52] INFO epoch 61 it 960/1704 loss 0.0178
[2026-04-29 11:50:52] INFO epoch 61 it 980/1704 loss 0.0173
[2026-04-29 11:50:53] INFO epoch 61 it 1000/1704 loss 0.0163
[2026-04-29 11:50:53] INFO epoch 61 it 1020/1704 loss 0.0171
[2026-04-29 11:50:53] INFO epoch 61 it 1040/1704 loss 0.0166
[2026-04-29 11:50:53] INFO epoch 61 it 1060/1704 loss 0.0172
[2026-04-29 11:50:53] INFO epoch 61 it 1080/1704 loss 0.0168
[2026-04-29 11:50:54] INFO epoch 61 it 1100/1704 loss 0.0175
[2026-04-29 11:50:54] INFO epoch 61 it 1120/1704 loss 0.0177
[2026-04-29 11:50:54] INFO epoch 61 it 1140/1704 loss 0.0165
[2026-04-29 11:50:54] INFO epoch 61 it 1160/1704 loss 0.0172
[2026-04-29 11:50:55] INFO epoch 61 it 1180/1704 loss 0.0159
[2026-04-29 11:50:55] INFO epoch 61 it 1200/1704 loss 0.0160
[2026-04-29 11:50:55] INFO epoch 61 it 1220/1704 loss 0.0166
[2026-04-29 11:50:55] INFO epoch 61 it 1240/1704 loss 0.0170
[2026-04-29 11:50:56] INFO epoch 61 it 1260/1704 loss 0.0168
[2026-04-29 11:50:56] INFO epoch 61 it 1280/1704 loss 0.0176
[2026-04-29 11:50:56] INFO epoch 61 it 1300/1704 loss 0.0169
[2026-04-29 11:50:56] INFO epoch 61 it 1320/1704 loss 0.0176
[2026-04-29 11:50:56] INFO epoch 61 it 1340/1704 loss 0.0162
[2026-04-29 11:50:57] INFO epoch 61 it 1360/1704 loss 0.0172
[2026-04-29 11:50:57] INFO epoch 61 it 1380/1704 loss 0.0171
[2026-04-29 11:50:57] INFO epoch 61 it 1400/1704 loss 0.0171
[2026-04-29 11:50:57] INFO epoch 61 it 1420/1704 loss 0.0167
[2026-04-29 11:50:58] INFO epoch 61 it 1440/1704 loss 0.0171
[2026-04-29 11:50:58] INFO epoch 61 it 1460/1704 loss 0.0166
[2026-04-29 11:50:58] INFO epoch 61 it 1480/1704 loss 0.0167
[2026-04-29 11:50:58] INFO epoch 61 it 1500/1704 loss 0.0175
[2026-04-29 11:50:58] INFO epoch 61 it 1520/1704 loss 0.0160
[2026-04-29 11:50:59] INFO epoch 61 it 1540/1704 loss 0.0181
[2026-04-29 11:50:59] INFO epoch 61 it 1560/1704 loss 0.0171
[2026-04-29 11:50:59] INFO epoch 61 it 1580/1704 loss 0.0164
[2026-04-29 11:50:59] INFO epoch 61 it 1600/1704 loss 0.0172
[2026-04-29 11:51:00] INFO epoch 61 it 1620/1704 loss 0.0172
[2026-04-29 11:51:00] INFO epoch 61 it 1640/1704 loss 0.0170
[2026-04-29 11:51:00] INFO epoch 61 it 1660/1704 loss 0.0173
[2026-04-29 11:51:00] INFO epoch 61 it 1680/1704 loss 0.0172
[2026-04-29 11:51:00] INFO epoch 61 it 1700/1704 loss 0.0171
[2026-04-29 11:51:02] INFO epoch 61 done in 62.4s lr=7.81e-05
[2026-04-29 11:51:40] INFO epoch 61 val MAE(HU): 26.30
[2026-04-29 11:52:22] INFO epoch 62 it 20/1704 loss 0.0162
[2026-04-29 11:52:22] INFO epoch 62 it 40/1704 loss 0.0170
[2026-04-29 11:52:23] INFO epoch 62 it 60/1704 loss 0.0162
[2026-04-29 11:52:23] INFO epoch 62 it 80/1704 loss 0.0162
[2026-04-29 11:52:23] INFO epoch 62 it 100/1704 loss 0.0174
[2026-04-29 11:52:23] INFO epoch 62 it 120/1704 loss 0.0164
[2026-04-29 11:52:24] INFO epoch 62 it 140/1704 loss 0.0182
[2026-04-29 11:52:24] INFO epoch 62 it 160/1704 loss 0.0167
[2026-04-29 11:52:24] INFO epoch 62 it 180/1704 loss 0.0159
[2026-04-29 11:52:24] INFO epoch 62 it 200/1704 loss 0.0164
[2026-04-29 11:52:24] INFO epoch 62 it 220/1704 loss 0.0181
[2026-04-29 11:52:25] INFO epoch 62 it 240/1704 loss 0.0174
[2026-04-29 11:52:25] INFO epoch 62 it 260/1704 loss 0.0166
[2026-04-29 11:52:25] INFO epoch 62 it 280/1704 loss 0.0173
[2026-04-29 11:52:25] INFO epoch 62 it 300/1704 loss 0.0170
[2026-04-29 11:52:26] INFO epoch 62 it 320/1704 loss 0.0166
[2026-04-29 11:52:26] INFO epoch 62 it 340/1704 loss 0.0163
[2026-04-29 11:52:26] INFO epoch 62 it 360/1704 loss 0.0169
[2026-04-29 11:52:26] INFO epoch 62 it 380/1704 loss 0.0166
[2026-04-29 11:52:27] INFO epoch 62 it 400/1704 loss 0.0165
[2026-04-29 11:52:27] INFO epoch 62 it 420/1704 loss 0.0169
[2026-04-29 11:52:27] INFO epoch 62 it 440/1704 loss 0.0175
[2026-04-29 11:52:27] INFO epoch 62 it 460/1704 loss 0.0167
[2026-04-29 11:52:27] INFO epoch 62 it 480/1704 loss 0.0170
[2026-04-29 11:52:28] INFO epoch 62 it 500/1704 loss 0.0167
[2026-04-29 11:52:28] INFO epoch 62 it 520/1704 loss 0.0169
[2026-04-29 11:52:28] INFO epoch 62 it 540/1704 loss 0.0172
[2026-04-29 11:52:28] INFO epoch 62 it 560/1704 loss 0.0184
[2026-04-29 11:52:29] INFO epoch 62 it 580/1704 loss 0.0171
[2026-04-29 11:52:29] INFO epoch 62 it 600/1704 loss 0.0168
[2026-04-29 11:52:29] INFO epoch 62 it 620/1704 loss 0.0162
[2026-04-29 11:52:29] INFO epoch 62 it 640/1704 loss 0.0150
[2026-04-29 11:52:29] INFO epoch 62 it 660/1704 loss 0.0175
[2026-04-29 11:52:30] INFO epoch 62 it 680/1704 loss 0.0176
[2026-04-29 11:52:30] INFO epoch 62 it 700/1704 loss 0.0160
[2026-04-29 11:52:30] INFO epoch 62 it 720/1704 loss 0.0175
[2026-04-29 11:52:30] INFO epoch 62 it 740/1704 loss 0.0172
[2026-04-29 11:52:31] INFO epoch 62 it 760/1704 loss 0.0170
[2026-04-29 11:52:31] INFO epoch 62 it 780/1704 loss 0.0166
[2026-04-29 11:52:31] INFO epoch 62 it 800/1704 loss 0.0170
[2026-04-29 11:52:31] INFO epoch 62 it 820/1704 loss 0.0160
[2026-04-29 11:52:31] INFO epoch 62 it 840/1704 loss 0.0170
[2026-04-29 11:52:32] INFO epoch 62 it 860/1704 loss 0.0167
[2026-04-29 11:52:32] INFO epoch 62 it 880/1704 loss 0.0175
[2026-04-29 11:52:32] INFO epoch 62 it 900/1704 loss 0.0166
[2026-04-29 11:52:32] INFO epoch 62 it 920/1704 loss 0.0169
[2026-04-29 11:52:33] INFO epoch 62 it 940/1704 loss 0.0164
[2026-04-29 11:52:33] INFO epoch 62 it 960/1704 loss 0.0175
[2026-04-29 11:52:33] INFO epoch 62 it 980/1704 loss 0.0176
[2026-04-29 11:52:33] INFO epoch 62 it 1000/1704 loss 0.0167
[2026-04-29 11:52:34] INFO epoch 62 it 1020/1704 loss 0.0165
[2026-04-29 11:52:34] INFO epoch 62 it 1040/1704 loss 0.0168
[2026-04-29 11:52:34] INFO epoch 62 it 1060/1704 loss 0.0178
[2026-04-29 11:52:34] INFO epoch 62 it 1080/1704 loss 0.0152
[2026-04-29 11:52:34] INFO epoch 62 it 1100/1704 loss 0.0177
[2026-04-29 11:52:35] INFO epoch 62 it 1120/1704 loss 0.0160
[2026-04-29 11:52:35] INFO epoch 62 it 1140/1704 loss 0.0181
[2026-04-29 11:52:35] INFO epoch 62 it 1160/1704 loss 0.0157
[2026-04-29 11:52:35] INFO epoch 62 it 1180/1704 loss 0.0166
[2026-04-29 11:52:36] INFO epoch 62 it 1200/1704 loss 0.0162
[2026-04-29 11:52:36] INFO epoch 62 it 1220/1704 loss 0.0168
[2026-04-29 11:52:36] INFO epoch 62 it 1240/1704 loss 0.0169
[2026-04-29 11:52:36] INFO epoch 62 it 1260/1704 loss 0.0180
[2026-04-29 11:52:36] INFO epoch 62 it 1280/1704 loss 0.0172
[2026-04-29 11:52:37] INFO epoch 62 it 1300/1704 loss 0.0162
[2026-04-29 11:52:37] INFO epoch 62 it 1320/1704 loss 0.0176
[2026-04-29 11:52:37] INFO epoch 62 it 1340/1704 loss 0.0159
[2026-04-29 11:52:37] INFO epoch 62 it 1360/1704 loss 0.0157
[2026-04-29 11:52:38] INFO epoch 62 it 1380/1704 loss 0.0169
[2026-04-29 11:52:38] INFO epoch 62 it 1400/1704 loss 0.0168
[2026-04-29 11:52:38] INFO epoch 62 it 1420/1704 loss 0.0168
[2026-04-29 11:52:38] INFO epoch 62 it 1440/1704 loss 0.0172
[2026-04-29 11:52:38] INFO epoch 62 it 1460/1704 loss 0.0175
[2026-04-29 11:52:39] INFO epoch 62 it 1480/1704 loss 0.0169
[2026-04-29 11:52:39] INFO epoch 62 it 1500/1704 loss 0.0173
[2026-04-29 11:52:39] INFO epoch 62 it 1520/1704 loss 0.0180
[2026-04-29 11:52:39] INFO epoch 62 it 1540/1704 loss 0.0161
[2026-04-29 11:52:40] INFO epoch 62 it 1560/1704 loss 0.0176
[2026-04-29 11:52:40] INFO epoch 62 it 1580/1704 loss 0.0170
[2026-04-29 11:52:40] INFO epoch 62 it 1600/1704 loss 0.0161
[2026-04-29 11:52:40] INFO epoch 62 it 1620/1704 loss 0.0171
[2026-04-29 11:52:40] INFO epoch 62 it 1640/1704 loss 0.0168
[2026-04-29 11:52:41] INFO epoch 62 it 1660/1704 loss 0.0170
[2026-04-29 11:52:41] INFO epoch 62 it 1680/1704 loss 0.0169
[2026-04-29 11:52:41] INFO epoch 62 it 1700/1704 loss 0.0173
[2026-04-29 11:52:43] INFO epoch 62 done in 62.9s lr=7.75e-05
[2026-04-29 11:53:20] INFO epoch 62 val MAE(HU): 26.53
[2026-04-29 11:54:02] INFO epoch 63 it 20/1704 loss 0.0166
[2026-04-29 11:54:02] INFO epoch 63 it 40/1704 loss 0.0185
[2026-04-29 11:54:02] INFO epoch 63 it 60/1704 loss 0.0178
[2026-04-29 11:54:03] INFO epoch 63 it 80/1704 loss 0.0174
[2026-04-29 11:54:03] INFO epoch 63 it 100/1704 loss 0.0165
[2026-04-29 11:54:03] INFO epoch 63 it 120/1704 loss 0.0163
[2026-04-29 11:54:03] INFO epoch 63 it 140/1704 loss 0.0159
[2026-04-29 11:54:04] INFO epoch 63 it 160/1704 loss 0.0167
[2026-04-29 11:54:04] INFO epoch 63 it 180/1704 loss 0.0161
[2026-04-29 11:54:04] INFO epoch 63 it 200/1704 loss 0.0166
[2026-04-29 11:54:04] INFO epoch 63 it 220/1704 loss 0.0177
[2026-04-29 11:54:05] INFO epoch 63 it 240/1704 loss 0.0168
[2026-04-29 11:54:05] INFO epoch 63 it 260/1704 loss 0.0149
[2026-04-29 11:54:05] INFO epoch 63 it 280/1704 loss 0.0169
[2026-04-29 11:54:05] INFO epoch 63 it 300/1704 loss 0.0160
[2026-04-29 11:54:05] INFO epoch 63 it 320/1704 loss 0.0171
[2026-04-29 11:54:06] INFO epoch 63 it 340/1704 loss 0.0173
[2026-04-29 11:54:06] INFO epoch 63 it 360/1704 loss 0.0167
[2026-04-29 11:54:06] INFO epoch 63 it 380/1704 loss 0.0168
[2026-04-29 11:54:06] INFO epoch 63 it 400/1704 loss 0.0182
[2026-04-29 11:54:07] INFO epoch 63 it 420/1704 loss 0.0177
[2026-04-29 11:54:07] INFO epoch 63 it 440/1704 loss 0.0168
[2026-04-29 11:54:07] INFO epoch 63 it 460/1704 loss 0.0167
[2026-04-29 11:54:07] INFO epoch 63 it 480/1704 loss 0.0169
[2026-04-29 11:54:07] INFO epoch 63 it 500/1704 loss 0.0158
[2026-04-29 11:54:08] INFO epoch 63 it 520/1704 loss 0.0173
[2026-04-29 11:54:08] INFO epoch 63 it 540/1704 loss 0.0166
[2026-04-29 11:54:08] INFO epoch 63 it 560/1704 loss 0.0156
[2026-04-29 11:54:08] INFO epoch 63 it 580/1704 loss 0.0177
[2026-04-29 11:54:09] INFO epoch 63 it 600/1704 loss 0.0154
[2026-04-29 11:54:09] INFO epoch 63 it 620/1704 loss 0.0176
[2026-04-29 11:54:09] INFO epoch 63 it 640/1704 loss 0.0181
[2026-04-29 11:54:09] INFO epoch 63 it 660/1704 loss 0.0163
[2026-04-29 11:54:09] INFO epoch 63 it 680/1704 loss 0.0170
[2026-04-29 11:54:10] INFO epoch 63 it 700/1704 loss 0.0161
[2026-04-29 11:54:10] INFO epoch 63 it 720/1704 loss 0.0174
[2026-04-29 11:54:10] INFO epoch 63 it 740/1704 loss 0.0160
[2026-04-29 11:54:10] INFO epoch 63 it 760/1704 loss 0.0171
[2026-04-29 11:54:10] INFO epoch 63 it 780/1704 loss 0.0186
[2026-04-29 11:54:11] INFO epoch 63 it 800/1704 loss 0.0180
[2026-04-29 11:54:11] INFO epoch 63 it 820/1704 loss 0.0169
[2026-04-29 11:54:11] INFO epoch 63 it 840/1704 loss 0.0163
[2026-04-29 11:54:11] INFO epoch 63 it 860/1704 loss 0.0182
[2026-04-29 11:54:12] INFO epoch 63 it 880/1704 loss 0.0161
[2026-04-29 11:54:12] INFO epoch 63 it 900/1704 loss 0.0164
[2026-04-29 11:54:12] INFO epoch 63 it 920/1704 loss 0.0172
[2026-04-29 11:54:12] INFO epoch 63 it 940/1704 loss 0.0165
[2026-04-29 11:54:12] INFO epoch 63 it 960/1704 loss 0.0173
[2026-04-29 11:54:13] INFO epoch 63 it 980/1704 loss 0.0169
[2026-04-29 11:54:13] INFO epoch 63 it 1000/1704 loss 0.0175
[2026-04-29 11:54:13] INFO epoch 63 it 1020/1704 loss 0.0171
[2026-04-29 11:54:13] INFO epoch 63 it 1040/1704 loss 0.0159
[2026-04-29 11:54:14] INFO epoch 63 it 1060/1704 loss 0.0165
[2026-04-29 11:54:14] INFO epoch 63 it 1080/1704 loss 0.0165
[2026-04-29 11:54:14] INFO epoch 63 it 1100/1704 loss 0.0168
[2026-04-29 11:54:14] INFO epoch 63 it 1120/1704 loss 0.0159
[2026-04-29 11:54:14] INFO epoch 63 it 1140/1704 loss 0.0176
[2026-04-29 11:54:15] INFO epoch 63 it 1160/1704 loss 0.0179
[2026-04-29 11:54:15] INFO epoch 63 it 1180/1704 loss 0.0167
[2026-04-29 11:54:15] INFO epoch 63 it 1200/1704 loss 0.0162
[2026-04-29 11:54:15] INFO epoch 63 it 1220/1704 loss 0.0169
[2026-04-29 11:54:16] INFO epoch 63 it 1240/1704 loss 0.0169
[2026-04-29 11:54:16] INFO epoch 63 it 1260/1704 loss 0.0164
[2026-04-29 11:54:16] INFO epoch 63 it 1280/1704 loss 0.0163
[2026-04-29 11:54:16] INFO epoch 63 it 1300/1704 loss 0.0166
[2026-04-29 11:54:16] INFO epoch 63 it 1320/1704 loss 0.0175
[2026-04-29 11:54:17] INFO epoch 63 it 1340/1704 loss 0.0173
[2026-04-29 11:54:17] INFO epoch 63 it 1360/1704 loss 0.0165
[2026-04-29 11:54:17] INFO epoch 63 it 1380/1704 loss 0.0169
[2026-04-29 11:54:17] INFO epoch 63 it 1400/1704 loss 0.0167
[2026-04-29 11:54:18] INFO epoch 63 it 1420/1704 loss 0.0166
[2026-04-29 11:54:18] INFO epoch 63 it 1440/1704 loss 0.0167
[2026-04-29 11:54:18] INFO epoch 63 it 1460/1704 loss 0.0158
[2026-04-29 11:54:18] INFO epoch 63 it 1480/1704 loss 0.0174
[2026-04-29 11:54:18] INFO epoch 63 it 1500/1704 loss 0.0162
[2026-04-29 11:54:19] INFO epoch 63 it 1520/1704 loss 0.0161
[2026-04-29 11:54:19] INFO epoch 63 it 1540/1704 loss 0.0167
[2026-04-29 11:54:19] INFO epoch 63 it 1560/1704 loss 0.0155
[2026-04-29 11:54:19] INFO epoch 63 it 1580/1704 loss 0.0164
[2026-04-29 11:54:20] INFO epoch 63 it 1600/1704 loss 0.0173
[2026-04-29 11:54:20] INFO epoch 63 it 1620/1704 loss 0.0177
[2026-04-29 11:54:20] INFO epoch 63 it 1640/1704 loss 0.0183
[2026-04-29 11:54:20] INFO epoch 63 it 1660/1704 loss 0.0170
[2026-04-29 11:54:21] INFO epoch 63 it 1680/1704 loss 0.0176
[2026-04-29 11:54:21] INFO epoch 63 it 1700/1704 loss 0.0171
[2026-04-29 11:54:22] INFO epoch 63 done in 61.9s lr=7.68e-05
[2026-04-29 11:55:00] INFO epoch 63 val MAE(HU): 26.53
[2026-04-29 11:55:42] INFO epoch 64 it 20/1704 loss 0.0167
[2026-04-29 11:55:42] INFO epoch 64 it 40/1704 loss 0.0166
[2026-04-29 11:55:42] INFO epoch 64 it 60/1704 loss 0.0169
[2026-04-29 11:55:42] INFO epoch 64 it 80/1704 loss 0.0174
[2026-04-29 11:55:43] INFO epoch 64 it 100/1704 loss 0.0152
[2026-04-29 11:55:43] INFO epoch 64 it 120/1704 loss 0.0161
[2026-04-29 11:55:43] INFO epoch 64 it 140/1704 loss 0.0174
[2026-04-29 11:55:43] INFO epoch 64 it 160/1704 loss 0.0168
[2026-04-29 11:55:44] INFO epoch 64 it 180/1704 loss 0.0163
[2026-04-29 11:55:44] INFO epoch 64 it 200/1704 loss 0.0163
[2026-04-29 11:55:44] INFO epoch 64 it 220/1704 loss 0.0171
[2026-04-29 11:55:44] INFO epoch 64 it 240/1704 loss 0.0168
[2026-04-29 11:55:44] INFO epoch 64 it 260/1704 loss 0.0170
[2026-04-29 11:55:45] INFO epoch 64 it 280/1704 loss 0.0154
[2026-04-29 11:55:45] INFO epoch 64 it 300/1704 loss 0.0170
[2026-04-29 11:55:45] INFO epoch 64 it 320/1704 loss 0.0174
[2026-04-29 11:55:45] INFO epoch 64 it 340/1704 loss 0.0161
[2026-04-29 11:55:46] INFO epoch 64 it 360/1704 loss 0.0173
[2026-04-29 11:55:46] INFO epoch 64 it 380/1704 loss 0.0177
[2026-04-29 11:55:46] INFO epoch 64 it 400/1704 loss 0.0175
[2026-04-29 11:55:46] INFO epoch 64 it 420/1704 loss 0.0160
[2026-04-29 11:55:46] INFO epoch 64 it 440/1704 loss 0.0166
[2026-04-29 11:55:47] INFO epoch 64 it 460/1704 loss 0.0173
[2026-04-29 11:55:47] INFO epoch 64 it 480/1704 loss 0.0164
[2026-04-29 11:55:47] INFO epoch 64 it 500/1704 loss 0.0165
[2026-04-29 11:55:47] INFO epoch 64 it 520/1704 loss 0.0162
[2026-04-29 11:55:48] INFO epoch 64 it 540/1704 loss 0.0156
[2026-04-29 11:55:48] INFO epoch 64 it 560/1704 loss 0.0147
[2026-04-29 11:55:48] INFO epoch 64 it 580/1704 loss 0.0170
[2026-04-29 11:55:48] INFO epoch 64 it 600/1704 loss 0.0177
[2026-04-29 11:55:48] INFO epoch 64 it 620/1704 loss 0.0170
[2026-04-29 11:55:49] INFO epoch 64 it 640/1704 loss 0.0163
[2026-04-29 11:55:49] INFO epoch 64 it 660/1704 loss 0.0164
[2026-04-29 11:55:49] INFO epoch 64 it 680/1704 loss 0.0171
[2026-04-29 11:55:49] INFO epoch 64 it 700/1704 loss 0.0162
[2026-04-29 11:55:50] INFO epoch 64 it 720/1704 loss 0.0174
[2026-04-29 11:55:50] INFO epoch 64 it 740/1704 loss 0.0158
[2026-04-29 11:55:50] INFO epoch 64 it 760/1704 loss 0.0174
[2026-04-29 11:55:50] INFO epoch 64 it 780/1704 loss 0.0168
[2026-04-29 11:55:50] INFO epoch 64 it 800/1704 loss 0.0170
[2026-04-29 11:55:51] INFO epoch 64 it 820/1704 loss 0.0164
[2026-04-29 11:55:51] INFO epoch 64 it 840/1704 loss 0.0168
[2026-04-29 11:55:51] INFO epoch 64 it 860/1704 loss 0.0166
[2026-04-29 11:55:51] INFO epoch 64 it 880/1704 loss 0.0168
[2026-04-29 11:55:52] INFO epoch 64 it 900/1704 loss 0.0161
[2026-04-29 11:55:52] INFO epoch 64 it 920/1704 loss 0.0168
[2026-04-29 11:55:52] INFO epoch 64 it 940/1704 loss 0.0190
[2026-04-29 11:55:52] INFO epoch 64 it 960/1704 loss 0.0158
[2026-04-29 11:55:52] INFO epoch 64 it 980/1704 loss 0.0172
[2026-04-29 11:55:53] INFO epoch 64 it 1000/1704 loss 0.0168
[2026-04-29 11:55:53] INFO epoch 64 it 1020/1704 loss 0.0176
[2026-04-29 11:55:53] INFO epoch 64 it 1040/1704 loss 0.0155
[2026-04-29 11:55:53] INFO epoch 64 it 1060/1704 loss 0.0171
[2026-04-29 11:55:54] INFO epoch 64 it 1080/1704 loss 0.0171
[2026-04-29 11:55:54] INFO epoch 64 it 1100/1704 loss 0.0181
[2026-04-29 11:55:54] INFO epoch 64 it 1120/1704 loss 0.0174
[2026-04-29 11:55:54] INFO epoch 64 it 1140/1704 loss 0.0167
[2026-04-29 11:55:54] INFO epoch 64 it 1160/1704 loss 0.0171
[2026-04-29 11:55:55] INFO epoch 64 it 1180/1704 loss 0.0161
[2026-04-29 11:55:55] INFO epoch 64 it 1200/1704 loss 0.0168
[2026-04-29 11:55:55] INFO epoch 64 it 1220/1704 loss 0.0162
[2026-04-29 11:55:55] INFO epoch 64 it 1240/1704 loss 0.0169
[2026-04-29 11:55:56] INFO epoch 64 it 1260/1704 loss 0.0167
[2026-04-29 11:55:56] INFO epoch 64 it 1280/1704 loss 0.0169
[2026-04-29 11:55:56] INFO epoch 64 it 1300/1704 loss 0.0165
[2026-04-29 11:55:56] INFO epoch 64 it 1320/1704 loss 0.0164
[2026-04-29 11:55:56] INFO epoch 64 it 1340/1704 loss 0.0183
[2026-04-29 11:55:57] INFO epoch 64 it 1360/1704 loss 0.0167
[2026-04-29 11:55:57] INFO epoch 64 it 1380/1704 loss 0.0177
[2026-04-29 11:55:57] INFO epoch 64 it 1400/1704 loss 0.0177
[2026-04-29 11:55:57] INFO epoch 64 it 1420/1704 loss 0.0164
[2026-04-29 11:55:58] INFO epoch 64 it 1440/1704 loss 0.0168
[2026-04-29 11:55:58] INFO epoch 64 it 1460/1704 loss 0.0164
[2026-04-29 11:55:58] INFO epoch 64 it 1480/1704 loss 0.0174
[2026-04-29 11:55:58] INFO epoch 64 it 1500/1704 loss 0.0171
[2026-04-29 11:55:59] INFO epoch 64 it 1520/1704 loss 0.0155
[2026-04-29 11:55:59] INFO epoch 64 it 1540/1704 loss 0.0164
[2026-04-29 11:55:59] INFO epoch 64 it 1560/1704 loss 0.0166
[2026-04-29 11:55:59] INFO epoch 64 it 1580/1704 loss 0.0168
[2026-04-29 11:55:59] INFO epoch 64 it 1600/1704 loss 0.0177
[2026-04-29 11:56:00] INFO epoch 64 it 1620/1704 loss 0.0183
[2026-04-29 11:56:00] INFO epoch 64 it 1640/1704 loss 0.0162
[2026-04-29 11:56:00] INFO epoch 64 it 1660/1704 loss 0.0172
[2026-04-29 11:56:00] INFO epoch 64 it 1680/1704 loss 0.0168
[2026-04-29 11:56:01] INFO epoch 64 it 1700/1704 loss 0.0157
[2026-04-29 11:56:02] INFO epoch 64 done in 62.1s lr=7.61e-05
[2026-04-29 11:56:39] INFO epoch 64 val MAE(HU): 26.68
[2026-04-29 11:57:21] INFO epoch 65 it 20/1704 loss 0.0166
[2026-04-29 11:57:21] INFO epoch 65 it 40/1704 loss 0.0163
[2026-04-29 11:57:22] INFO epoch 65 it 60/1704 loss 0.0161
[2026-04-29 11:57:22] INFO epoch 65 it 80/1704 loss 0.0170
[2026-04-29 11:57:22] INFO epoch 65 it 100/1704 loss 0.0171
[2026-04-29 11:57:22] INFO epoch 65 it 120/1704 loss 0.0168
[2026-04-29 11:57:23] INFO epoch 65 it 140/1704 loss 0.0176
[2026-04-29 11:57:23] INFO epoch 65 it 160/1704 loss 0.0164
[2026-04-29 11:57:23] INFO epoch 65 it 180/1704 loss 0.0167
[2026-04-29 11:57:23] INFO epoch 65 it 200/1704 loss 0.0176
[2026-04-29 11:57:24] INFO epoch 65 it 220/1704 loss 0.0174
[2026-04-29 11:57:24] INFO epoch 65 it 240/1704 loss 0.0169
[2026-04-29 11:57:24] INFO epoch 65 it 260/1704 loss 0.0154
[2026-04-29 11:57:24] INFO epoch 65 it 280/1704 loss 0.0158
[2026-04-29 11:57:25] INFO epoch 65 it 300/1704 loss 0.0159
[2026-04-29 11:57:25] INFO epoch 65 it 320/1704 loss 0.0164
[2026-04-29 11:57:25] INFO epoch 65 it 340/1704 loss 0.0170
[2026-04-29 11:57:25] INFO epoch 65 it 360/1704 loss 0.0168
[2026-04-29 11:57:25] INFO epoch 65 it 380/1704 loss 0.0176
[2026-04-29 11:57:26] INFO epoch 65 it 400/1704 loss 0.0163
[2026-04-29 11:57:26] INFO epoch 65 it 420/1704 loss 0.0176
[2026-04-29 11:57:26] INFO epoch 65 it 440/1704 loss 0.0154
[2026-04-29 11:57:26] INFO epoch 65 it 460/1704 loss 0.0175
[2026-04-29 11:57:27] INFO epoch 65 it 480/1704 loss 0.0165
[2026-04-29 11:57:27] INFO epoch 65 it 500/1704 loss 0.0166
[2026-04-29 11:57:27] INFO epoch 65 it 520/1704 loss 0.0157
[2026-04-29 11:57:27] INFO epoch 65 it 540/1704 loss 0.0162
[2026-04-29 11:57:27] INFO epoch 65 it 560/1704 loss 0.0166
[2026-04-29 11:57:28] INFO epoch 65 it 580/1704 loss 0.0166
[2026-04-29 11:57:28] INFO epoch 65 it 600/1704 loss 0.0164
[2026-04-29 11:57:28] INFO epoch 65 it 620/1704 loss 0.0168
[2026-04-29 11:57:28] INFO epoch 65 it 640/1704 loss 0.0166
[2026-04-29 11:57:29] INFO epoch 65 it 660/1704 loss 0.0159
[2026-04-29 11:57:29] INFO epoch 65 it 680/1704 loss 0.0167
[2026-04-29 11:57:29] INFO epoch 65 it 700/1704 loss 0.0165
[2026-04-29 11:57:29] INFO epoch 65 it 720/1704 loss 0.0167
[2026-04-29 11:57:29] INFO epoch 65 it 740/1704 loss 0.0165
[2026-04-29 11:57:30] INFO epoch 65 it 760/1704 loss 0.0166
[2026-04-29 11:57:30] INFO epoch 65 it 780/1704 loss 0.0187
[2026-04-29 11:57:30] INFO epoch 65 it 800/1704 loss 0.0169
[2026-04-29 11:57:30] INFO epoch 65 it 820/1704 loss 0.0167
[2026-04-29 11:57:31] INFO epoch 65 it 840/1704 loss 0.0170
[2026-04-29 11:57:31] INFO epoch 65 it 860/1704 loss 0.0175
[2026-04-29 11:57:31] INFO epoch 65 it 880/1704 loss 0.0162
[2026-04-29 11:57:31] INFO epoch 65 it 900/1704 loss 0.0169
[2026-04-29 11:57:32] INFO epoch 65 it 920/1704 loss 0.0167
[2026-04-29 11:57:32] INFO epoch 65 it 940/1704 loss 0.0168
[2026-04-29 11:57:32] INFO epoch 65 it 960/1704 loss 0.0160
[2026-04-29 11:57:32] INFO epoch 65 it 980/1704 loss 0.0165
[2026-04-29 11:57:32] INFO epoch 65 it 1000/1704 loss 0.0169
[2026-04-29 11:57:33] INFO epoch 65 it 1020/1704 loss 0.0160
[2026-04-29 11:57:33] INFO epoch 65 it 1040/1704 loss 0.0166
[2026-04-29 11:57:33] INFO epoch 65 it 1060/1704 loss 0.0169
[2026-04-29 11:57:33] INFO epoch 65 it 1080/1704 loss 0.0168
[2026-04-29 11:57:34] INFO epoch 65 it 1100/1704 loss 0.0166
[2026-04-29 11:57:34] INFO epoch 65 it 1120/1704 loss 0.0170
[2026-04-29 11:57:34] INFO epoch 65 it 1140/1704 loss 0.0161
[2026-04-29 11:57:34] INFO epoch 65 it 1160/1704 loss 0.0165
[2026-04-29 11:57:34] INFO epoch 65 it 1180/1704 loss 0.0162
[2026-04-29 11:57:35] INFO epoch 65 it 1200/1704 loss 0.0171
[2026-04-29 11:57:35] INFO epoch 65 it 1220/1704 loss 0.0171
[2026-04-29 11:57:35] INFO epoch 65 it 1240/1704 loss 0.0164
[2026-04-29 11:57:35] INFO epoch 65 it 1260/1704 loss 0.0179
[2026-04-29 11:57:36] INFO epoch 65 it 1280/1704 loss 0.0171
[2026-04-29 11:57:36] INFO epoch 65 it 1300/1704 loss 0.0171
[2026-04-29 11:57:36] INFO epoch 65 it 1320/1704 loss 0.0172
[2026-04-29 11:57:36] INFO epoch 65 it 1340/1704 loss 0.0169
[2026-04-29 11:57:36] INFO epoch 65 it 1360/1704 loss 0.0162
[2026-04-29 11:57:37] INFO epoch 65 it 1380/1704 loss 0.0171
[2026-04-29 11:57:37] INFO epoch 65 it 1400/1704 loss 0.0163
[2026-04-29 11:57:37] INFO epoch 65 it 1420/1704 loss 0.0162
[2026-04-29 11:57:37] INFO epoch 65 it 1440/1704 loss 0.0169
[2026-04-29 11:57:38] INFO epoch 65 it 1460/1704 loss 0.0158
[2026-04-29 11:57:38] INFO epoch 65 it 1480/1704 loss 0.0160
[2026-04-29 11:57:38] INFO epoch 65 it 1500/1704 loss 0.0167
[2026-04-29 11:57:38] INFO epoch 65 it 1520/1704 loss 0.0169
[2026-04-29 11:57:38] INFO epoch 65 it 1540/1704 loss 0.0175
[2026-04-29 11:57:39] INFO epoch 65 it 1560/1704 loss 0.0160
[2026-04-29 11:57:39] INFO epoch 65 it 1580/1704 loss 0.0170
[2026-04-29 11:57:39] INFO epoch 65 it 1600/1704 loss 0.0163
[2026-04-29 11:57:39] INFO epoch 65 it 1620/1704 loss 0.0163
[2026-04-29 11:57:40] INFO epoch 65 it 1640/1704 loss 0.0168
[2026-04-29 11:57:40] INFO epoch 65 it 1660/1704 loss 0.0175
[2026-04-29 11:57:40] INFO epoch 65 it 1680/1704 loss 0.0163
[2026-04-29 11:57:40] INFO epoch 65 it 1700/1704 loss 0.0170
[2026-04-29 11:57:42] INFO epoch 65 done in 62.2s lr=7.55e-05
[2026-04-29 11:58:19] INFO epoch 65 val MAE(HU): 26.59
[2026-04-29 11:59:01] INFO epoch 66 it 20/1704 loss 0.0172
[2026-04-29 11:59:01] INFO epoch 66 it 40/1704 loss 0.0164
[2026-04-29 11:59:02] INFO epoch 66 it 60/1704 loss 0.0170
[2026-04-29 11:59:02] INFO epoch 66 it 80/1704 loss 0.0154
[2026-04-29 11:59:02] INFO epoch 66 it 100/1704 loss 0.0170
[2026-04-29 11:59:02] INFO epoch 66 it 120/1704 loss 0.0154
[2026-04-29 11:59:03] INFO epoch 66 it 140/1704 loss 0.0170
[2026-04-29 11:59:03] INFO epoch 66 it 160/1704 loss 0.0163
[2026-04-29 11:59:03] INFO epoch 66 it 180/1704 loss 0.0150
[2026-04-29 11:59:03] INFO epoch 66 it 200/1704 loss 0.0177
[2026-04-29 11:59:03] INFO epoch 66 it 220/1704 loss 0.0175
[2026-04-29 11:59:04] INFO epoch 66 it 240/1704 loss 0.0165
[2026-04-29 11:59:04] INFO epoch 66 it 260/1704 loss 0.0163
[2026-04-29 11:59:04] INFO epoch 66 it 280/1704 loss 0.0176
[2026-04-29 11:59:04] INFO epoch 66 it 300/1704 loss 0.0166
[2026-04-29 11:59:05] INFO epoch 66 it 320/1704 loss 0.0176
[2026-04-29 11:59:05] INFO epoch 66 it 340/1704 loss 0.0169
[2026-04-29 11:59:05] INFO epoch 66 it 360/1704 loss 0.0159
[2026-04-29 11:59:05] INFO epoch 66 it 380/1704 loss 0.0162
[2026-04-29 11:59:05] INFO epoch 66 it 400/1704 loss 0.0183
[2026-04-29 11:59:06] INFO epoch 66 it 420/1704 loss 0.0149
[2026-04-29 11:59:06] INFO epoch 66 it 440/1704 loss 0.0162
[2026-04-29 11:59:06] INFO epoch 66 it 460/1704 loss 0.0170
[2026-04-29 11:59:06] INFO epoch 66 it 480/1704 loss 0.0162
[2026-04-29 11:59:07] INFO epoch 66 it 500/1704 loss 0.0158
[2026-04-29 11:59:07] INFO epoch 66 it 520/1704 loss 0.0168
[2026-04-29 11:59:07] INFO epoch 66 it 540/1704 loss 0.0178
[2026-04-29 11:59:07] INFO epoch 66 it 560/1704 loss 0.0168
[2026-04-29 11:59:07] INFO epoch 66 it 580/1704 loss 0.0169
[2026-04-29 11:59:08] INFO epoch 66 it 600/1704 loss 0.0166
[2026-04-29 11:59:08] INFO epoch 66 it 620/1704 loss 0.0163
[2026-04-29 11:59:08] INFO epoch 66 it 640/1704 loss 0.0175
[2026-04-29 11:59:08] INFO epoch 66 it 660/1704 loss 0.0160
[2026-04-29 11:59:09] INFO epoch 66 it 680/1704 loss 0.0173
[2026-04-29 11:59:09] INFO epoch 66 it 700/1704 loss 0.0162
[2026-04-29 11:59:09] INFO epoch 66 it 720/1704 loss 0.0153
[2026-04-29 11:59:09] INFO epoch 66 it 740/1704 loss 0.0156
[2026-04-29 11:59:09] INFO epoch 66 it 760/1704 loss 0.0167
[2026-04-29 11:59:10] INFO epoch 66 it 780/1704 loss 0.0187
[2026-04-29 11:59:10] INFO epoch 66 it 800/1704 loss 0.0161
[2026-04-29 11:59:10] INFO epoch 66 it 820/1704 loss 0.0170
[2026-04-29 11:59:10] INFO epoch 66 it 840/1704 loss 0.0158
[2026-04-29 11:59:11] INFO epoch 66 it 860/1704 loss 0.0163
[2026-04-29 11:59:11] INFO epoch 66 it 880/1704 loss 0.0169
[2026-04-29 11:59:11] INFO epoch 66 it 900/1704 loss 0.0160
[2026-04-29 11:59:11] INFO epoch 66 it 920/1704 loss 0.0174
[2026-04-29 11:59:12] INFO epoch 66 it 940/1704 loss 0.0165
[2026-04-29 11:59:12] INFO epoch 66 it 960/1704 loss 0.0166
[2026-04-29 11:59:12] INFO epoch 66 it 980/1704 loss 0.0165
[2026-04-29 11:59:12] INFO epoch 66 it 1000/1704 loss 0.0166
[2026-04-29 11:59:12] INFO epoch 66 it 1020/1704 loss 0.0171
[2026-04-29 11:59:13] INFO epoch 66 it 1040/1704 loss 0.0160
[2026-04-29 11:59:13] INFO epoch 66 it 1060/1704 loss 0.0160
[2026-04-29 11:59:13] INFO epoch 66 it 1080/1704 loss 0.0169
[2026-04-29 11:59:13] INFO epoch 66 it 1100/1704 loss 0.0168
[2026-04-29 11:59:14] INFO epoch 66 it 1120/1704 loss 0.0168
[2026-04-29 11:59:14] INFO epoch 66 it 1140/1704 loss 0.0178
[2026-04-29 11:59:14] INFO epoch 66 it 1160/1704 loss 0.0159
[2026-04-29 11:59:14] INFO epoch 66 it 1180/1704 loss 0.0164
[2026-04-29 11:59:14] INFO epoch 66 it 1200/1704 loss 0.0170
[2026-04-29 11:59:15] INFO epoch 66 it 1220/1704 loss 0.0167
[2026-04-29 11:59:15] INFO epoch 66 it 1240/1704 loss 0.0161
[2026-04-29 11:59:15] INFO epoch 66 it 1260/1704 loss 0.0165
[2026-04-29 11:59:15] INFO epoch 66 it 1280/1704 loss 0.0173
[2026-04-29 11:59:16] INFO epoch 66 it 1300/1704 loss 0.0173
[2026-04-29 11:59:16] INFO epoch 66 it 1320/1704 loss 0.0169
[2026-04-29 11:59:16] INFO epoch 66 it 1340/1704 loss 0.0178
[2026-04-29 11:59:16] INFO epoch 66 it 1360/1704 loss 0.0172
[2026-04-29 11:59:16] INFO epoch 66 it 1380/1704 loss 0.0161
[2026-04-29 11:59:17] INFO epoch 66 it 1400/1704 loss 0.0168
[2026-04-29 11:59:17] INFO epoch 66 it 1420/1704 loss 0.0170
[2026-04-29 11:59:17] INFO epoch 66 it 1440/1704 loss 0.0167
[2026-04-29 11:59:17] INFO epoch 66 it 1460/1704 loss 0.0176
[2026-04-29 11:59:17] INFO epoch 66 it 1480/1704 loss 0.0157
[2026-04-29 11:59:18] INFO epoch 66 it 1500/1704 loss 0.0166
[2026-04-29 11:59:18] INFO epoch 66 it 1520/1704 loss 0.0165
[2026-04-29 11:59:18] INFO epoch 66 it 1540/1704 loss 0.0161
[2026-04-29 11:59:18] INFO epoch 66 it 1560/1704 loss 0.0161
[2026-04-29 11:59:19] INFO epoch 66 it 1580/1704 loss 0.0175
[2026-04-29 11:59:19] INFO epoch 66 it 1600/1704 loss 0.0163
[2026-04-29 11:59:19] INFO epoch 66 it 1620/1704 loss 0.0162
[2026-04-29 11:59:19] INFO epoch 66 it 1640/1704 loss 0.0173
[2026-04-29 11:59:19] INFO epoch 66 it 1660/1704 loss 0.0163
[2026-04-29 11:59:20] INFO epoch 66 it 1680/1704 loss 0.0168
[2026-04-29 11:59:20] INFO epoch 66 it 1700/1704 loss 0.0173
[2026-04-29 11:59:21] INFO epoch 66 done in 61.9s lr=7.48e-05
[2026-04-29 11:59:59] INFO epoch 66 val MAE(HU): 26.37
[2026-04-29 12:00:42] INFO epoch 67 it 20/1704 loss 0.0161
[2026-04-29 12:00:42] INFO epoch 67 it 40/1704 loss 0.0175
[2026-04-29 12:00:42] INFO epoch 67 it 60/1704 loss 0.0177
[2026-04-29 12:00:42] INFO epoch 67 it 80/1704 loss 0.0159
[2026-04-29 12:00:43] INFO epoch 67 it 100/1704 loss 0.0163
[2026-04-29 12:00:43] INFO epoch 67 it 120/1704 loss 0.0165
[2026-04-29 12:00:43] INFO epoch 67 it 140/1704 loss 0.0152
[2026-04-29 12:00:43] INFO epoch 67 it 160/1704 loss 0.0162
[2026-04-29 12:00:44] INFO epoch 67 it 180/1704 loss 0.0163
[2026-04-29 12:00:44] INFO epoch 67 it 200/1704 loss 0.0165
[2026-04-29 12:00:44] INFO epoch 67 it 220/1704 loss 0.0169
[2026-04-29 12:00:44] INFO epoch 67 it 240/1704 loss 0.0164
[2026-04-29 12:00:45] INFO epoch 67 it 260/1704 loss 0.0164
[2026-04-29 12:00:45] INFO epoch 67 it 280/1704 loss 0.0173
[2026-04-29 12:00:45] INFO epoch 67 it 300/1704 loss 0.0155
[2026-04-29 12:00:45] INFO epoch 67 it 320/1704 loss 0.0168
[2026-04-29 12:00:45] INFO epoch 67 it 340/1704 loss 0.0168
[2026-04-29 12:00:46] INFO epoch 67 it 360/1704 loss 0.0167
[2026-04-29 12:00:46] INFO epoch 67 it 380/1704 loss 0.0168
[2026-04-29 12:00:46] INFO epoch 67 it 400/1704 loss 0.0166
[2026-04-29 12:00:46] INFO epoch 67 it 420/1704 loss 0.0162
[2026-04-29 12:00:47] INFO epoch 67 it 440/1704 loss 0.0159
[2026-04-29 12:00:47] INFO epoch 67 it 460/1704 loss 0.0164
[2026-04-29 12:00:47] INFO epoch 67 it 480/1704 loss 0.0169
[2026-04-29 12:00:47] INFO epoch 67 it 500/1704 loss 0.0157
[2026-04-29 12:00:47] INFO epoch 67 it 520/1704 loss 0.0170
[2026-04-29 12:00:48] INFO epoch 67 it 540/1704 loss 0.0171
[2026-04-29 12:00:48] INFO epoch 67 it 560/1704 loss 0.0173
[2026-04-29 12:00:48] INFO epoch 67 it 580/1704 loss 0.0171
[2026-04-29 12:00:48] INFO epoch 67 it 600/1704 loss 0.0164
[2026-04-29 12:00:49] INFO epoch 67 it 620/1704 loss 0.0161
[2026-04-29 12:00:49] INFO epoch 67 it 640/1704 loss 0.0165
[2026-04-29 12:00:49] INFO epoch 67 it 660/1704 loss 0.0179
[2026-04-29 12:00:49] INFO epoch 67 it 680/1704 loss 0.0168
[2026-04-29 12:00:50] INFO epoch 67 it 700/1704 loss 0.0164
[2026-04-29 12:00:50] INFO epoch 67 it 720/1704 loss 0.0173
[2026-04-29 12:00:50] INFO epoch 67 it 740/1704 loss 0.0159
[2026-04-29 12:00:50] INFO epoch 67 it 760/1704 loss 0.0164
[2026-04-29 12:00:50] INFO epoch 67 it 780/1704 loss 0.0175
[2026-04-29 12:00:51] INFO epoch 67 it 800/1704 loss 0.0153
[2026-04-29 12:00:51] INFO epoch 67 it 820/1704 loss 0.0168
[2026-04-29 12:00:51] INFO epoch 67 it 840/1704 loss 0.0164
[2026-04-29 12:00:51] INFO epoch 67 it 860/1704 loss 0.0172
[2026-04-29 12:00:52] INFO epoch 67 it 880/1704 loss 0.0170
[2026-04-29 12:00:52] INFO epoch 67 it 900/1704 loss 0.0175
[2026-04-29 12:00:52] INFO epoch 67 it 920/1704 loss 0.0169
[2026-04-29 12:00:52] INFO epoch 67 it 940/1704 loss 0.0163
[2026-04-29 12:00:53] INFO epoch 67 it 960/1704 loss 0.0168
[2026-04-29 12:00:53] INFO epoch 67 it 980/1704 loss 0.0161
[2026-04-29 12:00:53] INFO epoch 67 it 1000/1704 loss 0.0156
[2026-04-29 12:00:53] INFO epoch 67 it 1020/1704 loss 0.0170
[2026-04-29 12:00:53] INFO epoch 67 it 1040/1704 loss 0.0156
[2026-04-29 12:00:54] INFO epoch 67 it 1060/1704 loss 0.0158
[2026-04-29 12:00:54] INFO epoch 67 it 1080/1704 loss 0.0163
[2026-04-29 12:00:54] INFO epoch 67 it 1100/1704 loss 0.0160
[2026-04-29 12:00:54] INFO epoch 67 it 1120/1704 loss 0.0166
[2026-04-29 12:00:55] INFO epoch 67 it 1140/1704 loss 0.0165
[2026-04-29 12:00:55] INFO epoch 67 it 1160/1704 loss 0.0165
[2026-04-29 12:00:55] INFO epoch 67 it 1180/1704 loss 0.0165
[2026-04-29 12:00:55] INFO epoch 67 it 1200/1704 loss 0.0164
[2026-04-29 12:00:56] INFO epoch 67 it 1220/1704 loss 0.0168
[2026-04-29 12:00:56] INFO epoch 67 it 1240/1704 loss 0.0159
[2026-04-29 12:00:56] INFO epoch 67 it 1260/1704 loss 0.0173
[2026-04-29 12:00:56] INFO epoch 67 it 1280/1704 loss 0.0169
[2026-04-29 12:00:56] INFO epoch 67 it 1300/1704 loss 0.0160
[2026-04-29 12:00:57] INFO epoch 67 it 1320/1704 loss 0.0167
[2026-04-29 12:00:57] INFO epoch 67 it 1340/1704 loss 0.0177
[2026-04-29 12:00:57] INFO epoch 67 it 1360/1704 loss 0.0157
[2026-04-29 12:00:57] INFO epoch 67 it 1380/1704 loss 0.0165
[2026-04-29 12:00:58] INFO epoch 67 it 1400/1704 loss 0.0167
[2026-04-29 12:00:58] INFO epoch 67 it 1420/1704 loss 0.0173
[2026-04-29 12:00:58] INFO epoch 67 it 1440/1704 loss 0.0165
[2026-04-29 12:00:58] INFO epoch 67 it 1460/1704 loss 0.0176
[2026-04-29 12:00:59] INFO epoch 67 it 1480/1704 loss 0.0170
[2026-04-29 12:00:59] INFO epoch 67 it 1500/1704 loss 0.0171
[2026-04-29 12:00:59] INFO epoch 67 it 1520/1704 loss 0.0158
[2026-04-29 12:00:59] INFO epoch 67 it 1540/1704 loss 0.0159
[2026-04-29 12:00:59] INFO epoch 67 it 1560/1704 loss 0.0179
[2026-04-29 12:01:00] INFO epoch 67 it 1580/1704 loss 0.0168
[2026-04-29 12:01:00] INFO epoch 67 it 1600/1704 loss 0.0156
[2026-04-29 12:01:00] INFO epoch 67 it 1620/1704 loss 0.0167
[2026-04-29 12:01:00] INFO epoch 67 it 1640/1704 loss 0.0165
[2026-04-29 12:01:01] INFO epoch 67 it 1660/1704 loss 0.0169
[2026-04-29 12:01:01] INFO epoch 67 it 1680/1704 loss 0.0167
[2026-04-29 12:01:01] INFO epoch 67 it 1700/1704 loss 0.0165
[2026-04-29 12:01:02] INFO epoch 67 done in 63.5s lr=7.41e-05
[2026-04-29 12:01:43] INFO epoch 67 val MAE(HU): 26.79
[2026-04-29 12:02:27] INFO epoch 68 it 20/1704 loss 0.0161
[2026-04-29 12:02:27] INFO epoch 68 it 40/1704 loss 0.0168
[2026-04-29 12:02:27] INFO epoch 68 it 60/1704 loss 0.0163
[2026-04-29 12:02:28] INFO epoch 68 it 80/1704 loss 0.0151
[2026-04-29 12:02:28] INFO epoch 68 it 100/1704 loss 0.0167
[2026-04-29 12:02:28] INFO epoch 68 it 120/1704 loss 0.0163
[2026-04-29 12:02:28] INFO epoch 68 it 140/1704 loss 0.0165
[2026-04-29 12:02:28] INFO epoch 68 it 160/1704 loss 0.0171
[2026-04-29 12:02:29] INFO epoch 68 it 180/1704 loss 0.0172
[2026-04-29 12:02:29] INFO epoch 68 it 200/1704 loss 0.0164
[2026-04-29 12:02:29] INFO epoch 68 it 220/1704 loss 0.0176
[2026-04-29 12:02:29] INFO epoch 68 it 240/1704 loss 0.0166
[2026-04-29 12:02:30] INFO epoch 68 it 260/1704 loss 0.0165
[2026-04-29 12:02:30] INFO epoch 68 it 280/1704 loss 0.0163
[2026-04-29 12:02:30] INFO epoch 68 it 300/1704 loss 0.0165
[2026-04-29 12:02:30] INFO epoch 68 it 320/1704 loss 0.0162
[2026-04-29 12:02:31] INFO epoch 68 it 340/1704 loss 0.0161
[2026-04-29 12:02:31] INFO epoch 68 it 360/1704 loss 0.0175
[2026-04-29 12:02:31] INFO epoch 68 it 380/1704 loss 0.0167
[2026-04-29 12:02:31] INFO epoch 68 it 400/1704 loss 0.0162
[2026-04-29 12:02:32] INFO epoch 68 it 420/1704 loss 0.0161
[2026-04-29 12:02:32] INFO epoch 68 it 440/1704 loss 0.0166
[2026-04-29 12:02:32] INFO epoch 68 it 460/1704 loss 0.0164
[2026-04-29 12:02:32] INFO epoch 68 it 480/1704 loss 0.0179
[2026-04-29 12:02:32] INFO epoch 68 it 500/1704 loss 0.0163
[2026-04-29 12:02:33] INFO epoch 68 it 520/1704 loss 0.0170
[2026-04-29 12:02:33] INFO epoch 68 it 540/1704 loss 0.0167
[2026-04-29 12:02:33] INFO epoch 68 it 560/1704 loss 0.0161
[2026-04-29 12:02:33] INFO epoch 68 it 580/1704 loss 0.0165
[2026-04-29 12:02:34] INFO epoch 68 it 600/1704 loss 0.0163
[2026-04-29 12:02:34] INFO epoch 68 it 620/1704 loss 0.0154
[2026-04-29 12:02:34] INFO epoch 68 it 640/1704 loss 0.0163
[2026-04-29 12:02:34] INFO epoch 68 it 660/1704 loss 0.0174
[2026-04-29 12:02:35] INFO epoch 68 it 680/1704 loss 0.0162
[2026-04-29 12:02:35] INFO epoch 68 it 700/1704 loss 0.0177
[2026-04-29 12:02:35] INFO epoch 68 it 720/1704 loss 0.0173
[2026-04-29 12:02:35] INFO epoch 68 it 740/1704 loss 0.0167
[2026-04-29 12:02:35] INFO epoch 68 it 760/1704 loss 0.0167
[2026-04-29 12:02:36] INFO epoch 68 it 780/1704 loss 0.0162
[2026-04-29 12:02:36] INFO epoch 68 it 800/1704 loss 0.0161
[2026-04-29 12:02:36] INFO epoch 68 it 820/1704 loss 0.0163
[2026-04-29 12:02:36] INFO epoch 68 it 840/1704 loss 0.0162
[2026-04-29 12:02:37] INFO epoch 68 it 860/1704 loss 0.0168
[2026-04-29 12:02:37] INFO epoch 68 it 880/1704 loss 0.0165
[2026-04-29 12:02:37] INFO epoch 68 it 900/1704 loss 0.0166
[2026-04-29 12:02:37] INFO epoch 68 it 920/1704 loss 0.0166
[2026-04-29 12:02:37] INFO epoch 68 it 940/1704 loss 0.0160
[2026-04-29 12:02:38] INFO epoch 68 it 960/1704 loss 0.0161
[2026-04-29 12:02:38] INFO epoch 68 it 980/1704 loss 0.0159
[2026-04-29 12:02:38] INFO epoch 68 it 1000/1704 loss 0.0163
[2026-04-29 12:02:38] INFO epoch 68 it 1020/1704 loss 0.0165
[2026-04-29 12:02:39] INFO epoch 68 it 1040/1704 loss 0.0163
[2026-04-29 12:02:39] INFO epoch 68 it 1060/1704 loss 0.0163
[2026-04-29 12:02:39] INFO epoch 68 it 1080/1704 loss 0.0171
[2026-04-29 12:02:39] INFO epoch 68 it 1100/1704 loss 0.0161
[2026-04-29 12:02:40] INFO epoch 68 it 1120/1704 loss 0.0163
[2026-04-29 12:02:40] INFO epoch 68 it 1140/1704 loss 0.0168
[2026-04-29 12:02:40] INFO epoch 68 it 1160/1704 loss 0.0161
[2026-04-29 12:02:40] INFO epoch 68 it 1180/1704 loss 0.0160
[2026-04-29 12:02:40] INFO epoch 68 it 1200/1704 loss 0.0164
[2026-04-29 12:02:41] INFO epoch 68 it 1220/1704 loss 0.0175
[2026-04-29 12:02:41] INFO epoch 68 it 1240/1704 loss 0.0159
[2026-04-29 12:02:41] INFO epoch 68 it 1260/1704 loss 0.0167
[2026-04-29 12:02:41] INFO epoch 68 it 1280/1704 loss 0.0170
[2026-04-29 12:02:42] INFO epoch 68 it 1300/1704 loss 0.0175
[2026-04-29 12:02:42] INFO epoch 68 it 1320/1704 loss 0.0160
[2026-04-29 12:02:42] INFO epoch 68 it 1340/1704 loss 0.0164
[2026-04-29 12:02:42] INFO epoch 68 it 1360/1704 loss 0.0167
[2026-04-29 12:02:43] INFO epoch 68 it 1380/1704 loss 0.0155
[2026-04-29 12:02:43] INFO epoch 68 it 1400/1704 loss 0.0164
[2026-04-29 12:02:43] INFO epoch 68 it 1420/1704 loss 0.0180
[2026-04-29 12:02:43] INFO epoch 68 it 1440/1704 loss 0.0159
[2026-04-29 12:02:43] INFO epoch 68 it 1460/1704 loss 0.0160
[2026-04-29 12:02:44] INFO epoch 68 it 1480/1704 loss 0.0172
[2026-04-29 12:02:44] INFO epoch 68 it 1500/1704 loss 0.0174
[2026-04-29 12:02:44] INFO epoch 68 it 1520/1704 loss 0.0156
[2026-04-29 12:02:44] INFO epoch 68 it 1540/1704 loss 0.0166
[2026-04-29 12:02:45] INFO epoch 68 it 1560/1704 loss 0.0178
[2026-04-29 12:02:45] INFO epoch 68 it 1580/1704 loss 0.0160
[2026-04-29 12:02:45] INFO epoch 68 it 1600/1704 loss 0.0169
[2026-04-29 12:02:45] INFO epoch 68 it 1620/1704 loss 0.0164
[2026-04-29 12:02:45] INFO epoch 68 it 1640/1704 loss 0.0167
[2026-04-29 12:02:46] INFO epoch 68 it 1660/1704 loss 0.0163
[2026-04-29 12:02:46] INFO epoch 68 it 1680/1704 loss 0.0164
[2026-04-29 12:02:46] INFO epoch 68 it 1700/1704 loss 0.0164
[2026-04-29 12:02:48] INFO epoch 68 done in 65.1s lr=7.34e-05
[2026-04-29 12:03:26] INFO epoch 68 val MAE(HU): 26.48
[2026-04-29 12:04:09] INFO epoch 69 it 20/1704 loss 0.0166
[2026-04-29 12:04:09] INFO epoch 69 it 40/1704 loss 0.0164
[2026-04-29 12:04:10] INFO epoch 69 it 60/1704 loss 0.0172
[2026-04-29 12:04:10] INFO epoch 69 it 80/1704 loss 0.0165
[2026-04-29 12:04:10] INFO epoch 69 it 100/1704 loss 0.0159
[2026-04-29 12:04:10] INFO epoch 69 it 120/1704 loss 0.0160
[2026-04-29 12:04:11] INFO epoch 69 it 140/1704 loss 0.0182
[2026-04-29 12:04:11] INFO epoch 69 it 160/1704 loss 0.0167
[2026-04-29 12:04:11] INFO epoch 69 it 180/1704 loss 0.0153
[2026-04-29 12:04:11] INFO epoch 69 it 200/1704 loss 0.0158
[2026-04-29 12:04:11] INFO epoch 69 it 220/1704 loss 0.0168
[2026-04-29 12:04:12] INFO epoch 69 it 240/1704 loss 0.0172
[2026-04-29 12:04:12] INFO epoch 69 it 260/1704 loss 0.0167
[2026-04-29 12:04:12] INFO epoch 69 it 280/1704 loss 0.0161
[2026-04-29 12:04:12] INFO epoch 69 it 300/1704 loss 0.0175
[2026-04-29 12:04:13] INFO epoch 69 it 320/1704 loss 0.0167
[2026-04-29 12:04:13] INFO epoch 69 it 340/1704 loss 0.0163
[2026-04-29 12:04:13] INFO epoch 69 it 360/1704 loss 0.0160
[2026-04-29 12:04:13] INFO epoch 69 it 380/1704 loss 0.0156
[2026-04-29 12:04:14] INFO epoch 69 it 400/1704 loss 0.0158
[2026-04-29 12:04:14] INFO epoch 69 it 420/1704 loss 0.0164
[2026-04-29 12:04:14] INFO epoch 69 it 440/1704 loss 0.0154
[2026-04-29 12:04:14] INFO epoch 69 it 460/1704 loss 0.0162
[2026-04-29 12:04:14] INFO epoch 69 it 480/1704 loss 0.0160
[2026-04-29 12:04:15] INFO epoch 69 it 500/1704 loss 0.0160
[2026-04-29 12:04:15] INFO epoch 69 it 520/1704 loss 0.0159
[2026-04-29 12:04:15] INFO epoch 69 it 540/1704 loss 0.0163
[2026-04-29 12:04:15] INFO epoch 69 it 560/1704 loss 0.0172
[2026-04-29 12:04:16] INFO epoch 69 it 580/1704 loss 0.0162
[2026-04-29 12:04:16] INFO epoch 69 it 600/1704 loss 0.0163
[2026-04-29 12:04:16] INFO epoch 69 it 620/1704 loss 0.0166
[2026-04-29 12:04:16] INFO epoch 69 it 640/1704 loss 0.0162
[2026-04-29 12:04:17] INFO epoch 69 it 660/1704 loss 0.0171
[2026-04-29 12:04:17] INFO epoch 69 it 680/1704 loss 0.0165
[2026-04-29 12:04:17] INFO epoch 69 it 700/1704 loss 0.0158
[2026-04-29 12:04:17] INFO epoch 69 it 720/1704 loss 0.0170
[2026-04-29 12:04:17] INFO epoch 69 it 740/1704 loss 0.0158
[2026-04-29 12:04:18] INFO epoch 69 it 760/1704 loss 0.0168
[2026-04-29 12:04:18] INFO epoch 69 it 780/1704 loss 0.0156
[2026-04-29 12:04:18] INFO epoch 69 it 800/1704 loss 0.0163
[2026-04-29 12:04:18] INFO epoch 69 it 820/1704 loss 0.0175
[2026-04-29 12:04:19] INFO epoch 69 it 840/1704 loss 0.0169
[2026-04-29 12:04:19] INFO epoch 69 it 860/1704 loss 0.0162
[2026-04-29 12:04:19] INFO epoch 69 it 880/1704 loss 0.0166
[2026-04-29 12:04:19] INFO epoch 69 it 900/1704 loss 0.0165
[2026-04-29 12:04:19] INFO epoch 69 it 920/1704 loss 0.0160
[2026-04-29 12:04:20] INFO epoch 69 it 940/1704 loss 0.0166
[2026-04-29 12:04:20] INFO epoch 69 it 960/1704 loss 0.0162
[2026-04-29 12:04:20] INFO epoch 69 it 980/1704 loss 0.0174
[2026-04-29 12:04:20] INFO epoch 69 it 1000/1704 loss 0.0158
[2026-04-29 12:04:21] INFO epoch 69 it 1020/1704 loss 0.0157
[2026-04-29 12:04:21] INFO epoch 69 it 1040/1704 loss 0.0169
[2026-04-29 12:04:21] INFO epoch 69 it 1060/1704 loss 0.0164
[2026-04-29 12:04:21] INFO epoch 69 it 1080/1704 loss 0.0158
[2026-04-29 12:04:21] INFO epoch 69 it 1100/1704 loss 0.0171
[2026-04-29 12:04:22] INFO epoch 69 it 1120/1704 loss 0.0168
[2026-04-29 12:04:22] INFO epoch 69 it 1140/1704 loss 0.0166
[2026-04-29 12:04:22] INFO epoch 69 it 1160/1704 loss 0.0165
[2026-04-29 12:04:22] INFO epoch 69 it 1180/1704 loss 0.0161
[2026-04-29 12:04:23] INFO epoch 69 it 1200/1704 loss 0.0165
[2026-04-29 12:04:23] INFO epoch 69 it 1220/1704 loss 0.0164
[2026-04-29 12:04:23] INFO epoch 69 it 1240/1704 loss 0.0162
[2026-04-29 12:04:23] INFO epoch 69 it 1260/1704 loss 0.0164
[2026-04-29 12:04:24] INFO epoch 69 it 1280/1704 loss 0.0156
[2026-04-29 12:04:24] INFO epoch 69 it 1300/1704 loss 0.0161
[2026-04-29 12:04:24] INFO epoch 69 it 1320/1704 loss 0.0170
[2026-04-29 12:04:24] INFO epoch 69 it 1340/1704 loss 0.0165
[2026-04-29 12:04:24] INFO epoch 69 it 1360/1704 loss 0.0174
[2026-04-29 12:04:25] INFO epoch 69 it 1380/1704 loss 0.0159
[2026-04-29 12:04:25] INFO epoch 69 it 1400/1704 loss 0.0167
[2026-04-29 12:04:25] INFO epoch 69 it 1420/1704 loss 0.0155
[2026-04-29 12:04:25] INFO epoch 69 it 1440/1704 loss 0.0169
[2026-04-29 12:04:26] INFO epoch 69 it 1460/1704 loss 0.0174
[2026-04-29 12:04:26] INFO epoch 69 it 1480/1704 loss 0.0176
[2026-04-29 12:04:26] INFO epoch 69 it 1500/1704 loss 0.0168
[2026-04-29 12:04:26] INFO epoch 69 it 1520/1704 loss 0.0179
[2026-04-29 12:04:27] INFO epoch 69 it 1540/1704 loss 0.0162
[2026-04-29 12:04:27] INFO epoch 69 it 1560/1704 loss 0.0166
[2026-04-29 12:04:27] INFO epoch 69 it 1580/1704 loss 0.0170
[2026-04-29 12:04:27] INFO epoch 69 it 1600/1704 loss 0.0176
[2026-04-29 12:04:28] INFO epoch 69 it 1620/1704 loss 0.0177
[2026-04-29 12:04:28] INFO epoch 69 it 1640/1704 loss 0.0169
[2026-04-29 12:04:28] INFO epoch 69 it 1660/1704 loss 0.0162
[2026-04-29 12:04:28] INFO epoch 69 it 1680/1704 loss 0.0167
[2026-04-29 12:04:28] INFO epoch 69 it 1700/1704 loss 0.0168
[2026-04-29 12:04:30] INFO epoch 69 done in 63.9s lr=7.27e-05
[2026-04-29 12:05:09] INFO epoch 69 val MAE(HU): 26.39
[2026-04-29 12:05:53] INFO epoch 70 it 20/1704 loss 0.0172
[2026-04-29 12:05:53] INFO epoch 70 it 40/1704 loss 0.0174
[2026-04-29 12:05:53] INFO epoch 70 it 60/1704 loss 0.0168
[2026-04-29 12:05:54] INFO epoch 70 it 80/1704 loss 0.0172
[2026-04-29 12:05:54] INFO epoch 70 it 100/1704 loss 0.0159
[2026-04-29 12:05:54] INFO epoch 70 it 120/1704 loss 0.0168
[2026-04-29 12:05:54] INFO epoch 70 it 140/1704 loss 0.0174
[2026-04-29 12:05:55] INFO epoch 70 it 160/1704 loss 0.0165
[2026-04-29 12:05:55] INFO epoch 70 it 180/1704 loss 0.0159
[2026-04-29 12:05:55] INFO epoch 70 it 200/1704 loss 0.0154
[2026-04-29 12:05:55] INFO epoch 70 it 220/1704 loss 0.0157
[2026-04-29 12:05:55] INFO epoch 70 it 240/1704 loss 0.0151
[2026-04-29 12:05:56] INFO epoch 70 it 260/1704 loss 0.0162
[2026-04-29 12:05:56] INFO epoch 70 it 280/1704 loss 0.0171
[2026-04-29 12:05:56] INFO epoch 70 it 300/1704 loss 0.0156
[2026-04-29 12:05:56] INFO epoch 70 it 320/1704 loss 0.0164
[2026-04-29 12:05:57] INFO epoch 70 it 340/1704 loss 0.0163
[2026-04-29 12:05:57] INFO epoch 70 it 360/1704 loss 0.0175
[2026-04-29 12:05:57] INFO epoch 70 it 380/1704 loss 0.0173
[2026-04-29 12:05:57] INFO epoch 70 it 400/1704 loss 0.0164
[2026-04-29 12:05:58] INFO epoch 70 it 420/1704 loss 0.0158
[2026-04-29 12:05:58] INFO epoch 70 it 440/1704 loss 0.0164
[2026-04-29 12:05:58] INFO epoch 70 it 460/1704 loss 0.0181
[2026-04-29 12:05:58] INFO epoch 70 it 480/1704 loss 0.0162
[2026-04-29 12:05:58] INFO epoch 70 it 500/1704 loss 0.0169
[2026-04-29 12:05:59] INFO epoch 70 it 520/1704 loss 0.0166
[2026-04-29 12:05:59] INFO epoch 70 it 540/1704 loss 0.0178
[2026-04-29 12:05:59] INFO epoch 70 it 560/1704 loss 0.0165
[2026-04-29 12:05:59] INFO epoch 70 it 580/1704 loss 0.0162
[2026-04-29 12:06:00] INFO epoch 70 it 600/1704 loss 0.0165
[2026-04-29 12:06:00] INFO epoch 70 it 620/1704 loss 0.0168
[2026-04-29 12:06:00] INFO epoch 70 it 640/1704 loss 0.0154
[2026-04-29 12:06:00] INFO epoch 70 it 660/1704 loss 0.0167
[2026-04-29 12:06:01] INFO epoch 70 it 680/1704 loss 0.0151
[2026-04-29 12:06:01] INFO epoch 70 it 700/1704 loss 0.0169
[2026-04-29 12:06:01] INFO epoch 70 it 720/1704 loss 0.0168
[2026-04-29 12:06:01] INFO epoch 70 it 740/1704 loss 0.0153
[2026-04-29 12:06:01] INFO epoch 70 it 760/1704 loss 0.0169
[2026-04-29 12:06:02] INFO epoch 70 it 780/1704 loss 0.0167
[2026-04-29 12:06:02] INFO epoch 70 it 800/1704 loss 0.0160
[2026-04-29 12:06:02] INFO epoch 70 it 820/1704 loss 0.0165
[2026-04-29 12:06:02] INFO epoch 70 it 840/1704 loss 0.0178
[2026-04-29 12:06:03] INFO epoch 70 it 860/1704 loss 0.0158
[2026-04-29 12:06:03] INFO epoch 70 it 880/1704 loss 0.0158
[2026-04-29 12:06:03] INFO epoch 70 it 900/1704 loss 0.0175
[2026-04-29 12:06:03] INFO epoch 70 it 920/1704 loss 0.0155
[2026-04-29 12:06:04] INFO epoch 70 it 940/1704 loss 0.0156
[2026-04-29 12:06:04] INFO epoch 70 it 960/1704 loss 0.0164
[2026-04-29 12:06:04] INFO epoch 70 it 980/1704 loss 0.0167
[2026-04-29 12:06:04] INFO epoch 70 it 1000/1704 loss 0.0161
[2026-04-29 12:06:04] INFO epoch 70 it 1020/1704 loss 0.0169
[2026-04-29 12:06:05] INFO epoch 70 it 1040/1704 loss 0.0162
[2026-04-29 12:06:05] INFO epoch 70 it 1060/1704 loss 0.0178
[2026-04-29 12:06:05] INFO epoch 70 it 1080/1704 loss 0.0163
[2026-04-29 12:06:05] INFO epoch 70 it 1100/1704 loss 0.0158
[2026-04-29 12:06:06] INFO epoch 70 it 1120/1704 loss 0.0167
[2026-04-29 12:06:06] INFO epoch 70 it 1140/1704 loss 0.0163
[2026-04-29 12:06:06] INFO epoch 70 it 1160/1704 loss 0.0167
[2026-04-29 12:06:06] INFO epoch 70 it 1180/1704 loss 0.0174
[2026-04-29 12:06:06] INFO epoch 70 it 1200/1704 loss 0.0162
[2026-04-29 12:06:07] INFO epoch 70 it 1220/1704 loss 0.0167
[2026-04-29 12:06:07] INFO epoch 70 it 1240/1704 loss 0.0163
[2026-04-29 12:06:07] INFO epoch 70 it 1260/1704 loss 0.0158
[2026-04-29 12:06:07] INFO epoch 70 it 1280/1704 loss 0.0165
[2026-04-29 12:06:08] INFO epoch 70 it 1300/1704 loss 0.0159
[2026-04-29 12:06:08] INFO epoch 70 it 1320/1704 loss 0.0165
[2026-04-29 12:06:08] INFO epoch 70 it 1340/1704 loss 0.0170
[2026-04-29 12:06:08] INFO epoch 70 it 1360/1704 loss 0.0166
[2026-04-29 12:06:08] INFO epoch 70 it 1380/1704 loss 0.0161
[2026-04-29 12:06:09] INFO epoch 70 it 1400/1704 loss 0.0156
[2026-04-29 12:06:09] INFO epoch 70 it 1420/1704 loss 0.0158
[2026-04-29 12:06:09] INFO epoch 70 it 1440/1704 loss 0.0148
[2026-04-29 12:06:09] INFO epoch 70 it 1460/1704 loss 0.0160
[2026-04-29 12:06:10] INFO epoch 70 it 1480/1704 loss 0.0157
[2026-04-29 12:06:10] INFO epoch 70 it 1500/1704 loss 0.0162
[2026-04-29 12:06:10] INFO epoch 70 it 1520/1704 loss 0.0157
[2026-04-29 12:06:10] INFO epoch 70 it 1540/1704 loss 0.0166
[2026-04-29 12:06:11] INFO epoch 70 it 1560/1704 loss 0.0162
[2026-04-29 12:06:11] INFO epoch 70 it 1580/1704 loss 0.0165
[2026-04-29 12:06:11] INFO epoch 70 it 1600/1704 loss 0.0163
[2026-04-29 12:06:11] INFO epoch 70 it 1620/1704 loss 0.0169
[2026-04-29 12:06:11] INFO epoch 70 it 1640/1704 loss 0.0161
[2026-04-29 12:06:12] INFO epoch 70 it 1660/1704 loss 0.0161
[2026-04-29 12:06:12] INFO epoch 70 it 1680/1704 loss 0.0168
[2026-04-29 12:06:12] INFO epoch 70 it 1700/1704 loss 0.0176
[2026-04-29 12:06:13] INFO epoch 70 done in 64.3s lr=7.20e-05
[2026-04-29 12:06:53] INFO epoch 70 val MAE(HU): 26.70
[2026-04-29 12:07:37] INFO epoch 71 it 20/1704 loss 0.0161
[2026-04-29 12:07:37] INFO epoch 71 it 40/1704 loss 0.0175
[2026-04-29 12:07:38] INFO epoch 71 it 60/1704 loss 0.0173
[2026-04-29 12:07:38] INFO epoch 71 it 80/1704 loss 0.0163
[2026-04-29 12:07:38] INFO epoch 71 it 100/1704 loss 0.0163
[2026-04-29 12:07:38] INFO epoch 71 it 120/1704 loss 0.0177
[2026-04-29 12:07:39] INFO epoch 71 it 140/1704 loss 0.0160
[2026-04-29 12:07:39] INFO epoch 71 it 160/1704 loss 0.0161
[2026-04-29 12:07:39] INFO epoch 71 it 180/1704 loss 0.0179
[2026-04-29 12:07:39] INFO epoch 71 it 200/1704 loss 0.0171
[2026-04-29 12:07:39] INFO epoch 71 it 220/1704 loss 0.0172
[2026-04-29 12:07:40] INFO epoch 71 it 240/1704 loss 0.0166
[2026-04-29 12:07:40] INFO epoch 71 it 260/1704 loss 0.0163
[2026-04-29 12:07:40] INFO epoch 71 it 280/1704 loss 0.0169
[2026-04-29 12:07:40] INFO epoch 71 it 300/1704 loss 0.0168
[2026-04-29 12:07:41] INFO epoch 71 it 320/1704 loss 0.0165
[2026-04-29 12:07:41] INFO epoch 71 it 340/1704 loss 0.0153
[2026-04-29 12:07:41] INFO epoch 71 it 360/1704 loss 0.0161
[2026-04-29 12:07:41] INFO epoch 71 it 380/1704 loss 0.0168
[2026-04-29 12:07:42] INFO epoch 71 it 400/1704 loss 0.0170
[2026-04-29 12:07:42] INFO epoch 71 it 420/1704 loss 0.0162
[2026-04-29 12:07:42] INFO epoch 71 it 440/1704 loss 0.0151
[2026-04-29 12:07:42] INFO epoch 71 it 460/1704 loss 0.0163
[2026-04-29 12:07:42] INFO epoch 71 it 480/1704 loss 0.0162
[2026-04-29 12:07:43] INFO epoch 71 it 500/1704 loss 0.0168
[2026-04-29 12:07:43] INFO epoch 71 it 520/1704 loss 0.0173
[2026-04-29 12:07:43] INFO epoch 71 it 540/1704 loss 0.0169
[2026-04-29 12:07:43] INFO epoch 71 it 560/1704 loss 0.0155
[2026-04-29 12:07:44] INFO epoch 71 it 580/1704 loss 0.0159
[2026-04-29 12:07:44] INFO epoch 71 it 600/1704 loss 0.0165
[2026-04-29 12:07:44] INFO epoch 71 it 620/1704 loss 0.0165
[2026-04-29 12:07:44] INFO epoch 71 it 640/1704 loss 0.0159
[2026-04-29 12:07:44] INFO epoch 71 it 660/1704 loss 0.0166
[2026-04-29 12:07:45] INFO epoch 71 it 680/1704 loss 0.0167
[2026-04-29 12:07:45] INFO epoch 71 it 700/1704 loss 0.0169
[2026-04-29 12:07:45] INFO epoch 71 it 720/1704 loss 0.0156
[2026-04-29 12:07:45] INFO epoch 71 it 740/1704 loss 0.0155
[2026-04-29 12:07:46] INFO epoch 71 it 760/1704 loss 0.0172
[2026-04-29 12:07:46] INFO epoch 71 it 780/1704 loss 0.0168
[2026-04-29 12:07:46] INFO epoch 71 it 800/1704 loss 0.0161
[2026-04-29 12:07:46] INFO epoch 71 it 820/1704 loss 0.0174
[2026-04-29 12:07:46] INFO epoch 71 it 840/1704 loss 0.0160
[2026-04-29 12:07:47] INFO epoch 71 it 860/1704 loss 0.0177
[2026-04-29 12:07:47] INFO epoch 71 it 880/1704 loss 0.0163
[2026-04-29 12:07:47] INFO epoch 71 it 900/1704 loss 0.0165
[2026-04-29 12:07:47] INFO epoch 71 it 920/1704 loss 0.0161
[2026-04-29 12:07:48] INFO epoch 71 it 940/1704 loss 0.0160
[2026-04-29 12:07:48] INFO epoch 71 it 960/1704 loss 0.0164
[2026-04-29 12:07:48] INFO epoch 71 it 980/1704 loss 0.0166
[2026-04-29 12:07:48] INFO epoch 71 it 1000/1704 loss 0.0163
[2026-04-29 12:07:48] INFO epoch 71 it 1020/1704 loss 0.0163
[2026-04-29 12:07:49] INFO epoch 71 it 1040/1704 loss 0.0161
[2026-04-29 12:07:49] INFO epoch 71 it 1060/1704 loss 0.0157
[2026-04-29 12:07:49] INFO epoch 71 it 1080/1704 loss 0.0161
[2026-04-29 12:07:49] INFO epoch 71 it 1100/1704 loss 0.0158
[2026-04-29 12:07:50] INFO epoch 71 it 1120/1704 loss 0.0171
[2026-04-29 12:07:50] INFO epoch 71 it 1140/1704 loss 0.0167
[2026-04-29 12:07:50] INFO epoch 71 it 1160/1704 loss 0.0153
[2026-04-29 12:07:50] INFO epoch 71 it 1180/1704 loss 0.0166
[2026-04-29 12:07:51] INFO epoch 71 it 1200/1704 loss 0.0158
[2026-04-29 12:07:51] INFO epoch 71 it 1220/1704 loss 0.0167
[2026-04-29 12:07:51] INFO epoch 71 it 1240/1704 loss 0.0167
[2026-04-29 12:07:51] INFO epoch 71 it 1260/1704 loss 0.0163
[2026-04-29 12:07:51] INFO epoch 71 it 1280/1704 loss 0.0182
[2026-04-29 12:07:52] INFO epoch 71 it 1300/1704 loss 0.0163
[2026-04-29 12:07:52] INFO epoch 71 it 1320/1704 loss 0.0159
[2026-04-29 12:07:52] INFO epoch 71 it 1340/1704 loss 0.0154
[2026-04-29 12:07:52] INFO epoch 71 it 1360/1704 loss 0.0167
[2026-04-29 12:07:53] INFO epoch 71 it 1380/1704 loss 0.0167
[2026-04-29 12:07:53] INFO epoch 71 it 1400/1704 loss 0.0161
[2026-04-29 12:07:53] INFO epoch 71 it 1420/1704 loss 0.0157
[2026-04-29 12:07:53] INFO epoch 71 it 1440/1704 loss 0.0161
[2026-04-29 12:07:53] INFO epoch 71 it 1460/1704 loss 0.0173
[2026-04-29 12:07:54] INFO epoch 71 it 1480/1704 loss 0.0152
[2026-04-29 12:07:54] INFO epoch 71 it 1500/1704 loss 0.0157
[2026-04-29 12:07:54] INFO epoch 71 it 1520/1704 loss 0.0173
[2026-04-29 12:07:54] INFO epoch 71 it 1540/1704 loss 0.0158
[2026-04-29 12:07:55] INFO epoch 71 it 1560/1704 loss 0.0158
[2026-04-29 12:07:55] INFO epoch 71 it 1580/1704 loss 0.0166
[2026-04-29 12:07:55] INFO epoch 71 it 1600/1704 loss 0.0164
[2026-04-29 12:07:55] INFO epoch 71 it 1620/1704 loss 0.0166
[2026-04-29 12:07:56] INFO epoch 71 it 1640/1704 loss 0.0170
[2026-04-29 12:07:56] INFO epoch 71 it 1660/1704 loss 0.0163
[2026-04-29 12:07:56] INFO epoch 71 it 1680/1704 loss 0.0159
[2026-04-29 12:07:56] INFO epoch 71 it 1700/1704 loss 0.0149
[2026-04-29 12:07:58] INFO epoch 71 done in 64.4s lr=7.13e-05
[2026-04-29 12:08:36] INFO epoch 71 val MAE(HU): 26.33
[2026-04-29 12:09:19] INFO epoch 72 it 20/1704 loss 0.0172
[2026-04-29 12:09:20] INFO epoch 72 it 40/1704 loss 0.0162
[2026-04-29 12:09:20] INFO epoch 72 it 60/1704 loss 0.0164
[2026-04-29 12:09:20] INFO epoch 72 it 80/1704 loss 0.0162
[2026-04-29 12:09:20] INFO epoch 72 it 100/1704 loss 0.0170
[2026-04-29 12:09:21] INFO epoch 72 it 120/1704 loss 0.0165
[2026-04-29 12:09:21] INFO epoch 72 it 140/1704 loss 0.0151
[2026-04-29 12:09:21] INFO epoch 72 it 160/1704 loss 0.0160
[2026-04-29 12:09:21] INFO epoch 72 it 180/1704 loss 0.0154
[2026-04-29 12:09:21] INFO epoch 72 it 200/1704 loss 0.0156
[2026-04-29 12:09:22] INFO epoch 72 it 220/1704 loss 0.0173
[2026-04-29 12:09:22] INFO epoch 72 it 240/1704 loss 0.0180
[2026-04-29 12:09:22] INFO epoch 72 it 260/1704 loss 0.0164
[2026-04-29 12:09:22] INFO epoch 72 it 280/1704 loss 0.0157
[2026-04-29 12:09:23] INFO epoch 72 it 300/1704 loss 0.0168
[2026-04-29 12:09:23] INFO epoch 72 it 320/1704 loss 0.0169
[2026-04-29 12:09:23] INFO epoch 72 it 340/1704 loss 0.0168
[2026-04-29 12:09:23] INFO epoch 72 it 360/1704 loss 0.0159
[2026-04-29 12:09:24] INFO epoch 72 it 380/1704 loss 0.0158
[2026-04-29 12:09:24] INFO epoch 72 it 400/1704 loss 0.0160
[2026-04-29 12:09:24] INFO epoch 72 it 420/1704 loss 0.0158
[2026-04-29 12:09:24] INFO epoch 72 it 440/1704 loss 0.0169
[2026-04-29 12:09:24] INFO epoch 72 it 460/1704 loss 0.0163
[2026-04-29 12:09:25] INFO epoch 72 it 480/1704 loss 0.0154
[2026-04-29 12:09:25] INFO epoch 72 it 500/1704 loss 0.0168
[2026-04-29 12:09:25] INFO epoch 72 it 520/1704 loss 0.0166
[2026-04-29 12:09:25] INFO epoch 72 it 540/1704 loss 0.0160
[2026-04-29 12:09:26] INFO epoch 72 it 560/1704 loss 0.0156
[2026-04-29 12:09:26] INFO epoch 72 it 580/1704 loss 0.0166
[2026-04-29 12:09:26] INFO epoch 72 it 600/1704 loss 0.0152
[2026-04-29 12:09:26] INFO epoch 72 it 620/1704 loss 0.0165
[2026-04-29 12:09:27] INFO epoch 72 it 640/1704 loss 0.0160
[2026-04-29 12:09:27] INFO epoch 72 it 660/1704 loss 0.0155
[2026-04-29 12:09:27] INFO epoch 72 it 680/1704 loss 0.0170
[2026-04-29 12:09:27] INFO epoch 72 it 700/1704 loss 0.0154
[2026-04-29 12:09:27] INFO epoch 72 it 720/1704 loss 0.0166
[2026-04-29 12:09:28] INFO epoch 72 it 740/1704 loss 0.0164
[2026-04-29 12:09:28] INFO epoch 72 it 760/1704 loss 0.0157
[2026-04-29 12:09:28] INFO epoch 72 it 780/1704 loss 0.0163
[2026-04-29 12:09:28] INFO epoch 72 it 800/1704 loss 0.0164
[2026-04-29 12:09:29] INFO epoch 72 it 820/1704 loss 0.0161
[2026-04-29 12:09:29] INFO epoch 72 it 840/1704 loss 0.0165
[2026-04-29 12:09:29] INFO epoch 72 it 860/1704 loss 0.0165
[2026-04-29 12:09:29] INFO epoch 72 it 880/1704 loss 0.0172
[2026-04-29 12:09:30] INFO epoch 72 it 900/1704 loss 0.0169
[2026-04-29 12:09:30] INFO epoch 72 it 920/1704 loss 0.0162
[2026-04-29 12:09:30] INFO epoch 72 it 940/1704 loss 0.0159
[2026-04-29 12:09:30] INFO epoch 72 it 960/1704 loss 0.0163
[2026-04-29 12:09:30] INFO epoch 72 it 980/1704 loss 0.0163
[2026-04-29 12:09:31] INFO epoch 72 it 1000/1704 loss 0.0159
[2026-04-29 12:09:31] INFO epoch 72 it 1020/1704 loss 0.0149
[2026-04-29 12:09:31] INFO epoch 72 it 1040/1704 loss 0.0167
[2026-04-29 12:09:31] INFO epoch 72 it 1060/1704 loss 0.0178
[2026-04-29 12:09:32] INFO epoch 72 it 1080/1704 loss 0.0162
[2026-04-29 12:09:32] INFO epoch 72 it 1100/1704 loss 0.0161
[2026-04-29 12:09:32] INFO epoch 72 it 1120/1704 loss 0.0162
[2026-04-29 12:09:32] INFO epoch 72 it 1140/1704 loss 0.0163
[2026-04-29 12:09:33] INFO epoch 72 it 1160/1704 loss 0.0168
[2026-04-29 12:09:33] INFO epoch 72 it 1180/1704 loss 0.0165
[2026-04-29 12:09:33] INFO epoch 72 it 1200/1704 loss 0.0164
[2026-04-29 12:09:33] INFO epoch 72 it 1220/1704 loss 0.0156
[2026-04-29 12:09:33] INFO epoch 72 it 1240/1704 loss 0.0168
[2026-04-29 12:09:34] INFO epoch 72 it 1260/1704 loss 0.0174
[2026-04-29 12:09:34] INFO epoch 72 it 1280/1704 loss 0.0163
[2026-04-29 12:09:34] INFO epoch 72 it 1300/1704 loss 0.0174
[2026-04-29 12:09:34] INFO epoch 72 it 1320/1704 loss 0.0167
[2026-04-29 12:09:35] INFO epoch 72 it 1340/1704 loss 0.0170
[2026-04-29 12:09:35] INFO epoch 72 it 1360/1704 loss 0.0162
[2026-04-29 12:09:35] INFO epoch 72 it 1380/1704 loss 0.0165
[2026-04-29 12:09:35] INFO epoch 72 it 1400/1704 loss 0.0163
[2026-04-29 12:09:35] INFO epoch 72 it 1420/1704 loss 0.0149
[2026-04-29 12:09:36] INFO epoch 72 it 1440/1704 loss 0.0159
[2026-04-29 12:09:36] INFO epoch 72 it 1460/1704 loss 0.0171
[2026-04-29 12:09:36] INFO epoch 72 it 1480/1704 loss 0.0162
[2026-04-29 12:09:36] INFO epoch 72 it 1500/1704 loss 0.0153
[2026-04-29 12:09:37] INFO epoch 72 it 1520/1704 loss 0.0159
[2026-04-29 12:09:37] INFO epoch 72 it 1540/1704 loss 0.0171
[2026-04-29 12:09:37] INFO epoch 72 it 1560/1704 loss 0.0159
[2026-04-29 12:09:37] INFO epoch 72 it 1580/1704 loss 0.0163
[2026-04-29 12:09:38] INFO epoch 72 it 1600/1704 loss 0.0169
[2026-04-29 12:09:38] INFO epoch 72 it 1620/1704 loss 0.0163
[2026-04-29 12:09:38] INFO epoch 72 it 1640/1704 loss 0.0160
[2026-04-29 12:09:38] INFO epoch 72 it 1660/1704 loss 0.0168
[2026-04-29 12:09:38] INFO epoch 72 it 1680/1704 loss 0.0152
[2026-04-29 12:09:39] INFO epoch 72 it 1700/1704 loss 0.0160
[2026-04-29 12:09:40] INFO epoch 72 done in 63.6s lr=7.06e-05
[2026-04-29 12:10:19] INFO epoch 72 val MAE(HU): 26.68
[2026-04-29 12:11:04] INFO epoch 73 it 20/1704 loss 0.0162
[2026-04-29 12:11:04] INFO epoch 73 it 40/1704 loss 0.0165
[2026-04-29 12:11:05] INFO epoch 73 it 60/1704 loss 0.0171
[2026-04-29 12:11:05] INFO epoch 73 it 80/1704 loss 0.0160
[2026-04-29 12:11:05] INFO epoch 73 it 100/1704 loss 0.0171
[2026-04-29 12:11:05] INFO epoch 73 it 120/1704 loss 0.0165
[2026-04-29 12:11:06] INFO epoch 73 it 140/1704 loss 0.0165
[2026-04-29 12:11:06] INFO epoch 73 it 160/1704 loss 0.0156
[2026-04-29 12:11:06] INFO epoch 73 it 180/1704 loss 0.0161
[2026-04-29 12:11:06] INFO epoch 73 it 200/1704 loss 0.0168
[2026-04-29 12:11:06] INFO epoch 73 it 220/1704 loss 0.0166
[2026-04-29 12:11:07] INFO epoch 73 it 240/1704 loss 0.0155
[2026-04-29 12:11:07] INFO epoch 73 it 260/1704 loss 0.0157
[2026-04-29 12:11:07] INFO epoch 73 it 280/1704 loss 0.0157
[2026-04-29 12:11:07] INFO epoch 73 it 300/1704 loss 0.0160
[2026-04-29 12:11:08] INFO epoch 73 it 320/1704 loss 0.0159
[2026-04-29 12:11:08] INFO epoch 73 it 340/1704 loss 0.0162
[2026-04-29 12:11:08] INFO epoch 73 it 360/1704 loss 0.0171
[2026-04-29 12:11:08] INFO epoch 73 it 380/1704 loss 0.0165
[2026-04-29 12:11:09] INFO epoch 73 it 400/1704 loss 0.0160
[2026-04-29 12:11:09] INFO epoch 73 it 420/1704 loss 0.0163
[2026-04-29 12:11:09] INFO epoch 73 it 440/1704 loss 0.0160
[2026-04-29 12:11:09] INFO epoch 73 it 460/1704 loss 0.0160
[2026-04-29 12:11:09] INFO epoch 73 it 480/1704 loss 0.0154
[2026-04-29 12:11:10] INFO epoch 73 it 500/1704 loss 0.0157
[2026-04-29 12:11:10] INFO epoch 73 it 520/1704 loss 0.0161
[2026-04-29 12:11:10] INFO epoch 73 it 540/1704 loss 0.0158
[2026-04-29 12:11:10] INFO epoch 73 it 560/1704 loss 0.0169
[2026-04-29 12:11:11] INFO epoch 73 it 580/1704 loss 0.0162
[2026-04-29 12:11:11] INFO epoch 73 it 600/1704 loss 0.0159
[2026-04-29 12:11:11] INFO epoch 73 it 620/1704 loss 0.0165
[2026-04-29 12:11:11] INFO epoch 73 it 640/1704 loss 0.0160
[2026-04-29 12:11:12] INFO epoch 73 it 660/1704 loss 0.0168
[2026-04-29 12:11:12] INFO epoch 73 it 680/1704 loss 0.0159
[2026-04-29 12:11:12] INFO epoch 73 it 700/1704 loss 0.0161
[2026-04-29 12:11:12] INFO epoch 73 it 720/1704 loss 0.0168
[2026-04-29 12:11:12] INFO epoch 73 it 740/1704 loss 0.0174
[2026-04-29 12:11:13] INFO epoch 73 it 760/1704 loss 0.0165
[2026-04-29 12:11:13] INFO epoch 73 it 780/1704 loss 0.0151
[2026-04-29 12:11:13] INFO epoch 73 it 800/1704 loss 0.0182
[2026-04-29 12:11:13] INFO epoch 73 it 820/1704 loss 0.0161
[2026-04-29 12:11:14] INFO epoch 73 it 840/1704 loss 0.0156
[2026-04-29 12:11:14] INFO epoch 73 it 860/1704 loss 0.0170
[2026-04-29 12:11:14] INFO epoch 73 it 880/1704 loss 0.0156
[2026-04-29 12:11:14] INFO epoch 73 it 900/1704 loss 0.0171
[2026-04-29 12:11:15] INFO epoch 73 it 920/1704 loss 0.0168
[2026-04-29 12:11:15] INFO epoch 73 it 940/1704 loss 0.0165
[2026-04-29 12:11:15] INFO epoch 73 it 960/1704 loss 0.0166
[2026-04-29 12:11:15] INFO epoch 73 it 980/1704 loss 0.0158
[2026-04-29 12:11:16] INFO epoch 73 it 1000/1704 loss 0.0174
[2026-04-29 12:11:16] INFO epoch 73 it 1020/1704 loss 0.0175
[2026-04-29 12:11:16] INFO epoch 73 it 1040/1704 loss 0.0158
[2026-04-29 12:11:16] INFO epoch 73 it 1060/1704 loss 0.0155
[2026-04-29 12:11:16] INFO epoch 73 it 1080/1704 loss 0.0164
[2026-04-29 12:11:17] INFO epoch 73 it 1100/1704 loss 0.0168
[2026-04-29 12:11:17] INFO epoch 73 it 1120/1704 loss 0.0166
[2026-04-29 12:11:17] INFO epoch 73 it 1140/1704 loss 0.0150
[2026-04-29 12:11:17] INFO epoch 73 it 1160/1704 loss 0.0162
[2026-04-29 12:11:18] INFO epoch 73 it 1180/1704 loss 0.0156
[2026-04-29 12:11:18] INFO epoch 73 it 1200/1704 loss 0.0161
[2026-04-29 12:11:18] INFO epoch 73 it 1220/1704 loss 0.0172
[2026-04-29 12:11:18] INFO epoch 73 it 1240/1704 loss 0.0170
[2026-04-29 12:11:18] INFO epoch 73 it 1260/1704 loss 0.0163
[2026-04-29 12:11:19] INFO epoch 73 it 1280/1704 loss 0.0164
[2026-04-29 12:11:19] INFO epoch 73 it 1300/1704 loss 0.0170
[2026-04-29 12:11:19] INFO epoch 73 it 1320/1704 loss 0.0159
[2026-04-29 12:11:19] INFO epoch 73 it 1340/1704 loss 0.0165
[2026-04-29 12:11:20] INFO epoch 73 it 1360/1704 loss 0.0151
[2026-04-29 12:11:20] INFO epoch 73 it 1380/1704 loss 0.0165
[2026-04-29 12:11:20] INFO epoch 73 it 1400/1704 loss 0.0164
[2026-04-29 12:11:20] INFO epoch 73 it 1420/1704 loss 0.0167
[2026-04-29 12:11:21] INFO epoch 73 it 1440/1704 loss 0.0156
[2026-04-29 12:11:21] INFO epoch 73 it 1460/1704 loss 0.0150
[2026-04-29 12:11:21] INFO epoch 73 it 1480/1704 loss 0.0168
[2026-04-29 12:11:21] INFO epoch 73 it 1500/1704 loss 0.0159
[2026-04-29 12:11:21] INFO epoch 73 it 1520/1704 loss 0.0166
[2026-04-29 12:11:22] INFO epoch 73 it 1540/1704 loss 0.0161
[2026-04-29 12:11:22] INFO epoch 73 it 1560/1704 loss 0.0175
[2026-04-29 12:11:22] INFO epoch 73 it 1580/1704 loss 0.0167
[2026-04-29 12:11:22] INFO epoch 73 it 1600/1704 loss 0.0149
[2026-04-29 12:11:23] INFO epoch 73 it 1620/1704 loss 0.0163
[2026-04-29 12:11:23] INFO epoch 73 it 1640/1704 loss 0.0169
[2026-04-29 12:11:23] INFO epoch 73 it 1660/1704 loss 0.0159
[2026-04-29 12:11:23] INFO epoch 73 it 1680/1704 loss 0.0160
[2026-04-29 12:11:23] INFO epoch 73 it 1700/1704 loss 0.0164
[2026-04-29 12:11:25] INFO epoch 73 done in 66.0s lr=6.99e-05
[2026-04-29 12:12:03] INFO epoch 73 val MAE(HU): 26.48
[2026-04-29 12:12:45] INFO epoch 74 it 20/1704 loss 0.0152
[2026-04-29 12:12:46] INFO epoch 74 it 40/1704 loss 0.0158
[2026-04-29 12:12:46] INFO epoch 74 it 60/1704 loss 0.0161
[2026-04-29 12:12:46] INFO epoch 74 it 80/1704 loss 0.0163
[2026-04-29 12:12:46] INFO epoch 74 it 100/1704 loss 0.0155
[2026-04-29 12:12:46] INFO epoch 74 it 120/1704 loss 0.0153
[2026-04-29 12:12:47] INFO epoch 74 it 140/1704 loss 0.0163
[2026-04-29 12:12:47] INFO epoch 74 it 160/1704 loss 0.0159
[2026-04-29 12:12:47] INFO epoch 74 it 180/1704 loss 0.0169
[2026-04-29 12:12:47] INFO epoch 74 it 200/1704 loss 0.0162
[2026-04-29 12:12:48] INFO epoch 74 it 220/1704 loss 0.0154
[2026-04-29 12:12:48] INFO epoch 74 it 240/1704 loss 0.0158
[2026-04-29 12:12:48] INFO epoch 74 it 260/1704 loss 0.0154
[2026-04-29 12:12:48] INFO epoch 74 it 280/1704 loss 0.0159
[2026-04-29 12:12:48] INFO epoch 74 it 300/1704 loss 0.0157
[2026-04-29 12:12:49] INFO epoch 74 it 320/1704 loss 0.0165
[2026-04-29 12:12:49] INFO epoch 74 it 340/1704 loss 0.0162
[2026-04-29 12:12:49] INFO epoch 74 it 360/1704 loss 0.0158
[2026-04-29 12:12:49] INFO epoch 74 it 380/1704 loss 0.0168
[2026-04-29 12:12:50] INFO epoch 74 it 400/1704 loss 0.0170
[2026-04-29 12:12:50] INFO epoch 74 it 420/1704 loss 0.0158
[2026-04-29 12:12:50] INFO epoch 74 it 440/1704 loss 0.0166
[2026-04-29 12:12:50] INFO epoch 74 it 460/1704 loss 0.0166
[2026-04-29 12:12:50] INFO epoch 74 it 480/1704 loss 0.0158
[2026-04-29 12:12:51] INFO epoch 74 it 500/1704 loss 0.0165
[2026-04-29 12:12:51] INFO epoch 74 it 520/1704 loss 0.0171
[2026-04-29 12:12:51] INFO epoch 74 it 540/1704 loss 0.0169
[2026-04-29 12:12:51] INFO epoch 74 it 560/1704 loss 0.0163
[2026-04-29 12:12:52] INFO epoch 74 it 580/1704 loss 0.0166
[2026-04-29 12:12:52] INFO epoch 74 it 600/1704 loss 0.0168
[2026-04-29 12:12:52] INFO epoch 74 it 620/1704 loss 0.0152
[2026-04-29 12:12:52] INFO epoch 74 it 640/1704 loss 0.0170
[2026-04-29 12:12:52] INFO epoch 74 it 660/1704 loss 0.0155
[2026-04-29 12:12:53] INFO epoch 74 it 680/1704 loss 0.0163
[2026-04-29 12:12:53] INFO epoch 74 it 700/1704 loss 0.0157
[2026-04-29 12:12:53] INFO epoch 74 it 720/1704 loss 0.0160
[2026-04-29 12:12:53] INFO epoch 74 it 740/1704 loss 0.0161
[2026-04-29 12:12:54] INFO epoch 74 it 760/1704 loss 0.0162
[2026-04-29 12:12:54] INFO epoch 74 it 780/1704 loss 0.0151
[2026-04-29 12:12:54] INFO epoch 74 it 800/1704 loss 0.0172
[2026-04-29 12:12:54] INFO epoch 74 it 820/1704 loss 0.0159
[2026-04-29 12:12:54] INFO epoch 74 it 840/1704 loss 0.0161
[2026-04-29 12:12:55] INFO epoch 74 it 860/1704 loss 0.0168
[2026-04-29 12:12:55] INFO epoch 74 it 880/1704 loss 0.0152
[2026-04-29 12:12:55] INFO epoch 74 it 900/1704 loss 0.0163
[2026-04-29 12:12:55] INFO epoch 74 it 920/1704 loss 0.0164
[2026-04-29 12:12:56] INFO epoch 74 it 940/1704 loss 0.0162
[2026-04-29 12:12:56] INFO epoch 74 it 960/1704 loss 0.0164
[2026-04-29 12:12:56] INFO epoch 74 it 980/1704 loss 0.0162
[2026-04-29 12:12:56] INFO epoch 74 it 1000/1704 loss 0.0156
[2026-04-29 12:12:56] INFO epoch 74 it 1020/1704 loss 0.0159
[2026-04-29 12:12:57] INFO epoch 74 it 1040/1704 loss 0.0169
[2026-04-29 12:12:57] INFO epoch 74 it 1060/1704 loss 0.0172
[2026-04-29 12:12:57] INFO epoch 74 it 1080/1704 loss 0.0154
[2026-04-29 12:12:57] INFO epoch 74 it 1100/1704 loss 0.0160
[2026-04-29 12:12:58] INFO epoch 74 it 1120/1704 loss 0.0165
[2026-04-29 12:12:58] INFO epoch 74 it 1140/1704 loss 0.0161
[2026-04-29 12:12:58] INFO epoch 74 it 1160/1704 loss 0.0167
[2026-04-29 12:12:58] INFO epoch 74 it 1180/1704 loss 0.0170
[2026-04-29 12:12:58] INFO epoch 74 it 1200/1704 loss 0.0169
[2026-04-29 12:12:59] INFO epoch 74 it 1220/1704 loss 0.0165
[2026-04-29 12:12:59] INFO epoch 74 it 1240/1704 loss 0.0152
[2026-04-29 12:12:59] INFO epoch 74 it 1260/1704 loss 0.0164
[2026-04-29 12:12:59] INFO epoch 74 it 1280/1704 loss 0.0169
[2026-04-29 12:13:00] INFO epoch 74 it 1300/1704 loss 0.0168
[2026-04-29 12:13:00] INFO epoch 74 it 1320/1704 loss 0.0162
[2026-04-29 12:13:00] INFO epoch 74 it 1340/1704 loss 0.0152
[2026-04-29 12:13:00] INFO epoch 74 it 1360/1704 loss 0.0158
[2026-04-29 12:13:00] INFO epoch 74 it 1380/1704 loss 0.0163
[2026-04-29 12:13:01] INFO epoch 74 it 1400/1704 loss 0.0159
[2026-04-29 12:13:01] INFO epoch 74 it 1420/1704 loss 0.0162
[2026-04-29 12:13:01] INFO epoch 74 it 1440/1704 loss 0.0162
[2026-04-29 12:13:01] INFO epoch 74 it 1460/1704 loss 0.0152
[2026-04-29 12:13:01] INFO epoch 74 it 1480/1704 loss 0.0168
[2026-04-29 12:13:02] INFO epoch 74 it 1500/1704 loss 0.0163
[2026-04-29 12:13:02] INFO epoch 74 it 1520/1704 loss 0.0159
[2026-04-29 12:13:02] INFO epoch 74 it 1540/1704 loss 0.0171
[2026-04-29 12:13:02] INFO epoch 74 it 1560/1704 loss 0.0165
[2026-04-29 12:13:03] INFO epoch 74 it 1580/1704 loss 0.0159
[2026-04-29 12:13:03] INFO epoch 74 it 1600/1704 loss 0.0163
[2026-04-29 12:13:03] INFO epoch 74 it 1620/1704 loss 0.0164
[2026-04-29 12:13:03] INFO epoch 74 it 1640/1704 loss 0.0158
[2026-04-29 12:13:03] INFO epoch 74 it 1660/1704 loss 0.0170
[2026-04-29 12:13:04] INFO epoch 74 it 1680/1704 loss 0.0165
[2026-04-29 12:13:04] INFO epoch 74 it 1700/1704 loss 0.0160
[2026-04-29 12:13:05] INFO epoch 74 done in 61.9s lr=6.91e-05
[2026-04-29 12:13:43] INFO epoch 74 val MAE(HU): 26.58
[2026-04-29 12:14:25] INFO epoch 75 it 20/1704 loss 0.0154
[2026-04-29 12:14:25] INFO epoch 75 it 40/1704 loss 0.0161
[2026-04-29 12:14:25] INFO epoch 75 it 60/1704 loss 0.0166
[2026-04-29 12:14:26] INFO epoch 75 it 80/1704 loss 0.0156
[2026-04-29 12:14:26] INFO epoch 75 it 100/1704 loss 0.0157
[2026-04-29 12:14:26] INFO epoch 75 it 120/1704 loss 0.0169
[2026-04-29 12:14:26] INFO epoch 75 it 140/1704 loss 0.0170
[2026-04-29 12:14:27] INFO epoch 75 it 160/1704 loss 0.0168
[2026-04-29 12:14:27] INFO epoch 75 it 180/1704 loss 0.0160
[2026-04-29 12:14:27] INFO epoch 75 it 200/1704 loss 0.0156
[2026-04-29 12:14:27] INFO epoch 75 it 220/1704 loss 0.0164
[2026-04-29 12:14:27] INFO epoch 75 it 240/1704 loss 0.0167
[2026-04-29 12:14:28] INFO epoch 75 it 260/1704 loss 0.0174
[2026-04-29 12:14:28] INFO epoch 75 it 280/1704 loss 0.0158
[2026-04-29 12:14:28] INFO epoch 75 it 300/1704 loss 0.0163
[2026-04-29 12:14:28] INFO epoch 75 it 320/1704 loss 0.0162
[2026-04-29 12:14:29] INFO epoch 75 it 340/1704 loss 0.0161
[2026-04-29 12:14:29] INFO epoch 75 it 360/1704 loss 0.0154
[2026-04-29 12:14:29] INFO epoch 75 it 380/1704 loss 0.0157
[2026-04-29 12:14:29] INFO epoch 75 it 400/1704 loss 0.0157
[2026-04-29 12:14:30] INFO epoch 75 it 420/1704 loss 0.0163
[2026-04-29 12:14:30] INFO epoch 75 it 440/1704 loss 0.0159
[2026-04-29 12:14:30] INFO epoch 75 it 460/1704 loss 0.0154
[2026-04-29 12:14:30] INFO epoch 75 it 480/1704 loss 0.0165
[2026-04-29 12:14:30] INFO epoch 75 it 500/1704 loss 0.0161
[2026-04-29 12:14:31] INFO epoch 75 it 520/1704 loss 0.0173
[2026-04-29 12:14:31] INFO epoch 75 it 540/1704 loss 0.0170
[2026-04-29 12:14:31] INFO epoch 75 it 560/1704 loss 0.0161
[2026-04-29 12:14:31] INFO epoch 75 it 580/1704 loss 0.0160
[2026-04-29 12:14:32] INFO epoch 75 it 600/1704 loss 0.0160
[2026-04-29 12:14:32] INFO epoch 75 it 620/1704 loss 0.0164
[2026-04-29 12:14:32] INFO epoch 75 it 640/1704 loss 0.0167
[2026-04-29 12:14:32] INFO epoch 75 it 660/1704 loss 0.0170
[2026-04-29 12:14:32] INFO epoch 75 it 680/1704 loss 0.0159
[2026-04-29 12:14:33] INFO epoch 75 it 700/1704 loss 0.0160
[2026-04-29 12:14:33] INFO epoch 75 it 720/1704 loss 0.0161
[2026-04-29 12:14:33] INFO epoch 75 it 740/1704 loss 0.0158
[2026-04-29 12:14:33] INFO epoch 75 it 760/1704 loss 0.0160
[2026-04-29 12:14:34] INFO epoch 75 it 780/1704 loss 0.0159
[2026-04-29 12:14:34] INFO epoch 75 it 800/1704 loss 0.0165
[2026-04-29 12:14:34] INFO epoch 75 it 820/1704 loss 0.0158
[2026-04-29 12:14:34] INFO epoch 75 it 840/1704 loss 0.0158
[2026-04-29 12:14:34] INFO epoch 75 it 860/1704 loss 0.0157
[2026-04-29 12:14:35] INFO epoch 75 it 880/1704 loss 0.0169
[2026-04-29 12:14:35] INFO epoch 75 it 900/1704 loss 0.0154
[2026-04-29 12:14:35] INFO epoch 75 it 920/1704 loss 0.0164
[2026-04-29 12:14:35] INFO epoch 75 it 940/1704 loss 0.0156
[2026-04-29 12:14:36] INFO epoch 75 it 960/1704 loss 0.0168
[2026-04-29 12:14:36] INFO epoch 75 it 980/1704 loss 0.0151
[2026-04-29 12:14:36] INFO epoch 75 it 1000/1704 loss 0.0161
[2026-04-29 12:14:36] INFO epoch 75 it 1020/1704 loss 0.0159
[2026-04-29 12:14:36] INFO epoch 75 it 1040/1704 loss 0.0146
[2026-04-29 12:14:37] INFO epoch 75 it 1060/1704 loss 0.0167
[2026-04-29 12:14:37] INFO epoch 75 it 1080/1704 loss 0.0168
[2026-04-29 12:14:37] INFO epoch 75 it 1100/1704 loss 0.0165
[2026-04-29 12:14:37] INFO epoch 75 it 1120/1704 loss 0.0161
[2026-04-29 12:14:38] INFO epoch 75 it 1140/1704 loss 0.0164
[2026-04-29 12:14:38] INFO epoch 75 it 1160/1704 loss 0.0162
[2026-04-29 12:14:38] INFO epoch 75 it 1180/1704 loss 0.0169
[2026-04-29 12:14:38] INFO epoch 75 it 1200/1704 loss 0.0164
[2026-04-29 12:14:38] INFO epoch 75 it 1220/1704 loss 0.0173
[2026-04-29 12:14:39] INFO epoch 75 it 1240/1704 loss 0.0166
[2026-04-29 12:14:39] INFO epoch 75 it 1260/1704 loss 0.0158
[2026-04-29 12:14:39] INFO epoch 75 it 1280/1704 loss 0.0155
[2026-04-29 12:14:39] INFO epoch 75 it 1300/1704 loss 0.0157
[2026-04-29 12:14:40] INFO epoch 75 it 1320/1704 loss 0.0150
[2026-04-29 12:14:40] INFO epoch 75 it 1340/1704 loss 0.0168
[2026-04-29 12:14:40] INFO epoch 75 it 1360/1704 loss 0.0162
[2026-04-29 12:14:40] INFO epoch 75 it 1380/1704 loss 0.0154
[2026-04-29 12:14:40] INFO epoch 75 it 1400/1704 loss 0.0176
[2026-04-29 12:14:41] INFO epoch 75 it 1420/1704 loss 0.0156
[2026-04-29 12:14:41] INFO epoch 75 it 1440/1704 loss 0.0168
[2026-04-29 12:14:41] INFO epoch 75 it 1460/1704 loss 0.0156
[2026-04-29 12:14:41] INFO epoch 75 it 1480/1704 loss 0.0163
[2026-04-29 12:14:42] INFO epoch 75 it 1500/1704 loss 0.0157
[2026-04-29 12:14:42] INFO epoch 75 it 1520/1704 loss 0.0158
[2026-04-29 12:14:42] INFO epoch 75 it 1540/1704 loss 0.0150
[2026-04-29 12:14:42] INFO epoch 75 it 1560/1704 loss 0.0169
[2026-04-29 12:14:42] INFO epoch 75 it 1580/1704 loss 0.0160
[2026-04-29 12:14:43] INFO epoch 75 it 1600/1704 loss 0.0167
[2026-04-29 12:14:43] INFO epoch 75 it 1620/1704 loss 0.0163
[2026-04-29 12:14:43] INFO epoch 75 it 1640/1704 loss 0.0156
[2026-04-29 12:14:43] INFO epoch 75 it 1660/1704 loss 0.0166
[2026-04-29 12:14:44] INFO epoch 75 it 1680/1704 loss 0.0167
[2026-04-29 12:14:44] INFO epoch 75 it 1700/1704 loss 0.0161
[2026-04-29 12:14:45] INFO epoch 75 done in 62.0s lr=6.84e-05
[2026-04-29 12:15:23] INFO epoch 75 val MAE(HU): 26.48
[2026-04-29 12:16:05] INFO epoch 76 it 20/1704 loss 0.0159
[2026-04-29 12:16:05] INFO epoch 76 it 40/1704 loss 0.0168
[2026-04-29 12:16:05] INFO epoch 76 it 60/1704 loss 0.0158
[2026-04-29 12:16:06] INFO epoch 76 it 80/1704 loss 0.0159
[2026-04-29 12:16:06] INFO epoch 76 it 100/1704 loss 0.0163
[2026-04-29 12:16:06] INFO epoch 76 it 120/1704 loss 0.0155
[2026-04-29 12:16:06] INFO epoch 76 it 140/1704 loss 0.0162
[2026-04-29 12:16:07] INFO epoch 76 it 160/1704 loss 0.0164
[2026-04-29 12:16:07] INFO epoch 76 it 180/1704 loss 0.0171
[2026-04-29 12:16:07] INFO epoch 76 it 200/1704 loss 0.0164
[2026-04-29 12:16:07] INFO epoch 76 it 220/1704 loss 0.0163
[2026-04-29 12:16:08] INFO epoch 76 it 240/1704 loss 0.0154
[2026-04-29 12:16:08] INFO epoch 76 it 260/1704 loss 0.0156
[2026-04-29 12:16:08] INFO epoch 76 it 280/1704 loss 0.0161
[2026-04-29 12:16:08] INFO epoch 76 it 300/1704 loss 0.0160
[2026-04-29 12:16:08] INFO epoch 76 it 320/1704 loss 0.0157
[2026-04-29 12:16:09] INFO epoch 76 it 340/1704 loss 0.0157
[2026-04-29 12:16:09] INFO epoch 76 it 360/1704 loss 0.0162
[2026-04-29 12:16:09] INFO epoch 76 it 380/1704 loss 0.0154
[2026-04-29 12:16:09] INFO epoch 76 it 400/1704 loss 0.0163
[2026-04-29 12:16:10] INFO epoch 76 it 420/1704 loss 0.0162
[2026-04-29 12:16:10] INFO epoch 76 it 440/1704 loss 0.0153
[2026-04-29 12:16:10] INFO epoch 76 it 460/1704 loss 0.0156
[2026-04-29 12:16:10] INFO epoch 76 it 480/1704 loss 0.0155
[2026-04-29 12:16:10] INFO epoch 76 it 500/1704 loss 0.0167
[2026-04-29 12:16:11] INFO epoch 76 it 520/1704 loss 0.0165
[2026-04-29 12:16:11] INFO epoch 76 it 540/1704 loss 0.0154
[2026-04-29 12:16:11] INFO epoch 76 it 560/1704 loss 0.0163
[2026-04-29 12:16:11] INFO epoch 76 it 580/1704 loss 0.0165
[2026-04-29 12:16:12] INFO epoch 76 it 600/1704 loss 0.0166
[2026-04-29 12:16:12] INFO epoch 76 it 620/1704 loss 0.0161
[2026-04-29 12:16:12] INFO epoch 76 it 640/1704 loss 0.0157
[2026-04-29 12:16:12] INFO epoch 76 it 660/1704 loss 0.0161
[2026-04-29 12:16:12] INFO epoch 76 it 680/1704 loss 0.0169
[2026-04-29 12:16:13] INFO epoch 76 it 700/1704 loss 0.0153
[2026-04-29 12:16:13] INFO epoch 76 it 720/1704 loss 0.0162
[2026-04-29 12:16:13] INFO epoch 76 it 740/1704 loss 0.0160
[2026-04-29 12:16:13] INFO epoch 76 it 760/1704 loss 0.0176
[2026-04-29 12:16:14] INFO epoch 76 it 780/1704 loss 0.0158
[2026-04-29 12:16:14] INFO epoch 76 it 800/1704 loss 0.0158
[2026-04-29 12:16:14] INFO epoch 76 it 820/1704 loss 0.0166
[2026-04-29 12:16:14] INFO epoch 76 it 840/1704 loss 0.0159
[2026-04-29 12:16:14] INFO epoch 76 it 860/1704 loss 0.0166
[2026-04-29 12:16:15] INFO epoch 76 it 880/1704 loss 0.0159
[2026-04-29 12:16:15] INFO epoch 76 it 900/1704 loss 0.0159
[2026-04-29 12:16:15] INFO epoch 76 it 920/1704 loss 0.0163
[2026-04-29 12:16:15] INFO epoch 76 it 940/1704 loss 0.0168
[2026-04-29 12:16:16] INFO epoch 76 it 960/1704 loss 0.0156
[2026-04-29 12:16:16] INFO epoch 76 it 980/1704 loss 0.0157
[2026-04-29 12:16:16] INFO epoch 76 it 1000/1704 loss 0.0162
[2026-04-29 12:16:16] INFO epoch 76 it 1020/1704 loss 0.0168
[2026-04-29 12:16:17] INFO epoch 76 it 1040/1704 loss 0.0153
[2026-04-29 12:16:17] INFO epoch 76 it 1060/1704 loss 0.0161
[2026-04-29 12:16:17] INFO epoch 76 it 1080/1704 loss 0.0166
[2026-04-29 12:16:17] INFO epoch 76 it 1100/1704 loss 0.0167
[2026-04-29 12:16:17] INFO epoch 76 it 1120/1704 loss 0.0166
[2026-04-29 12:16:18] INFO epoch 76 it 1140/1704 loss 0.0157
[2026-04-29 12:16:18] INFO epoch 76 it 1160/1704 loss 0.0160
[2026-04-29 12:16:18] INFO epoch 76 it 1180/1704 loss 0.0147
[2026-04-29 12:16:18] INFO epoch 76 it 1200/1704 loss 0.0159
[2026-04-29 12:16:19] INFO epoch 76 it 1220/1704 loss 0.0161
[2026-04-29 12:16:19] INFO epoch 76 it 1240/1704 loss 0.0163
[2026-04-29 12:16:19] INFO epoch 76 it 1260/1704 loss 0.0156
[2026-04-29 12:16:19] INFO epoch 76 it 1280/1704 loss 0.0166
[2026-04-29 12:16:19] INFO epoch 76 it 1300/1704 loss 0.0155
[2026-04-29 12:16:20] INFO epoch 76 it 1320/1704 loss 0.0157
[2026-04-29 12:16:20] INFO epoch 76 it 1340/1704 loss 0.0181
[2026-04-29 12:16:20] INFO epoch 76 it 1360/1704 loss 0.0156
[2026-04-29 12:16:20] INFO epoch 76 it 1380/1704 loss 0.0156
[2026-04-29 12:16:21] INFO epoch 76 it 1400/1704 loss 0.0165
[2026-04-29 12:16:21] INFO epoch 76 it 1420/1704 loss 0.0166
[2026-04-29 12:16:21] INFO epoch 76 it 1440/1704 loss 0.0160
[2026-04-29 12:16:21] INFO epoch 76 it 1460/1704 loss 0.0154
[2026-04-29 12:16:21] INFO epoch 76 it 1480/1704 loss 0.0157
[2026-04-29 12:16:22] INFO epoch 76 it 1500/1704 loss 0.0159
[2026-04-29 12:16:22] INFO epoch 76 it 1520/1704 loss 0.0162
[2026-04-29 12:16:22] INFO epoch 76 it 1540/1704 loss 0.0167
[2026-04-29 12:16:22] INFO epoch 76 it 1560/1704 loss 0.0165
[2026-04-29 12:16:23] INFO epoch 76 it 1580/1704 loss 0.0163
[2026-04-29 12:16:23] INFO epoch 76 it 1600/1704 loss 0.0153
[2026-04-29 12:16:23] INFO epoch 76 it 1620/1704 loss 0.0165
[2026-04-29 12:16:23] INFO epoch 76 it 1640/1704 loss 0.0145
[2026-04-29 12:16:23] INFO epoch 76 it 1660/1704 loss 0.0171
[2026-04-29 12:16:24] INFO epoch 76 it 1680/1704 loss 0.0161
[2026-04-29 12:16:24] INFO epoch 76 it 1700/1704 loss 0.0166
[2026-04-29 12:16:25] INFO epoch 76 done in 62.6s lr=6.77e-05
[2026-04-29 12:17:03] INFO epoch 76 val MAE(HU): 26.62
[2026-04-29 12:17:46] INFO epoch 77 it 20/1704 loss 0.0159
[2026-04-29 12:17:46] INFO epoch 77 it 40/1704 loss 0.0156
[2026-04-29 12:17:46] INFO epoch 77 it 60/1704 loss 0.0155
[2026-04-29 12:17:47] INFO epoch 77 it 80/1704 loss 0.0165
[2026-04-29 12:17:47] INFO epoch 77 it 100/1704 loss 0.0154
[2026-04-29 12:17:47] INFO epoch 77 it 120/1704 loss 0.0166
[2026-04-29 12:17:47] INFO epoch 77 it 140/1704 loss 0.0156
[2026-04-29 12:17:48] INFO epoch 77 it 160/1704 loss 0.0157
[2026-04-29 12:17:48] INFO epoch 77 it 180/1704 loss 0.0170
[2026-04-29 12:17:48] INFO epoch 77 it 200/1704 loss 0.0157
[2026-04-29 12:17:48] INFO epoch 77 it 220/1704 loss 0.0158
[2026-04-29 12:17:49] INFO epoch 77 it 240/1704 loss 0.0159
[2026-04-29 12:17:49] INFO epoch 77 it 260/1704 loss 0.0164
[2026-04-29 12:17:49] INFO epoch 77 it 280/1704 loss 0.0149
[2026-04-29 12:17:49] INFO epoch 77 it 300/1704 loss 0.0158
[2026-04-29 12:17:49] INFO epoch 77 it 320/1704 loss 0.0163
[2026-04-29 12:17:50] INFO epoch 77 it 340/1704 loss 0.0160
[2026-04-29 12:17:50] INFO epoch 77 it 360/1704 loss 0.0161
[2026-04-29 12:17:50] INFO epoch 77 it 380/1704 loss 0.0154
[2026-04-29 12:17:50] INFO epoch 77 it 400/1704 loss 0.0157
[2026-04-29 12:17:51] INFO epoch 77 it 420/1704 loss 0.0154
[2026-04-29 12:17:51] INFO epoch 77 it 440/1704 loss 0.0153
[2026-04-29 12:17:51] INFO epoch 77 it 460/1704 loss 0.0162
[2026-04-29 12:17:51] INFO epoch 77 it 480/1704 loss 0.0163
[2026-04-29 12:17:51] INFO epoch 77 it 500/1704 loss 0.0165
[2026-04-29 12:17:52] INFO epoch 77 it 520/1704 loss 0.0166
[2026-04-29 12:17:52] INFO epoch 77 it 540/1704 loss 0.0161
[2026-04-29 12:17:52] INFO epoch 77 it 560/1704 loss 0.0161
[2026-04-29 12:17:52] INFO epoch 77 it 580/1704 loss 0.0165
[2026-04-29 12:17:53] INFO epoch 77 it 600/1704 loss 0.0168
[2026-04-29 12:17:53] INFO epoch 77 it 620/1704 loss 0.0158
[2026-04-29 12:17:53] INFO epoch 77 it 640/1704 loss 0.0162
[2026-04-29 12:17:53] INFO epoch 77 it 660/1704 loss 0.0163
[2026-04-29 12:17:53] INFO epoch 77 it 680/1704 loss 0.0168
[2026-04-29 12:17:54] INFO epoch 77 it 700/1704 loss 0.0166
[2026-04-29 12:17:54] INFO epoch 77 it 720/1704 loss 0.0148
[2026-04-29 12:17:54] INFO epoch 77 it 740/1704 loss 0.0155
[2026-04-29 12:17:54] INFO epoch 77 it 760/1704 loss 0.0156
[2026-04-29 12:17:55] INFO epoch 77 it 780/1704 loss 0.0158
[2026-04-29 12:17:55] INFO epoch 77 it 800/1704 loss 0.0168
[2026-04-29 12:17:55] INFO epoch 77 it 820/1704 loss 0.0167
[2026-04-29 12:17:55] INFO epoch 77 it 840/1704 loss 0.0163
[2026-04-29 12:17:55] INFO epoch 77 it 860/1704 loss 0.0157
[2026-04-29 12:17:56] INFO epoch 77 it 880/1704 loss 0.0157
[2026-04-29 12:17:56] INFO epoch 77 it 900/1704 loss 0.0159
[2026-04-29 12:17:56] INFO epoch 77 it 920/1704 loss 0.0152
[2026-04-29 12:17:56] INFO epoch 77 it 940/1704 loss 0.0165
[2026-04-29 12:17:57] INFO epoch 77 it 960/1704 loss 0.0153
[2026-04-29 12:17:57] INFO epoch 77 it 980/1704 loss 0.0159
[2026-04-29 12:17:57] INFO epoch 77 it 1000/1704 loss 0.0162
[2026-04-29 12:17:57] INFO epoch 77 it 1020/1704 loss 0.0160
[2026-04-29 12:17:57] INFO epoch 77 it 1040/1704 loss 0.0168
[2026-04-29 12:17:58] INFO epoch 77 it 1060/1704 loss 0.0165
[2026-04-29 12:17:58] INFO epoch 77 it 1080/1704 loss 0.0170
[2026-04-29 12:17:58] INFO epoch 77 it 1100/1704 loss 0.0154
[2026-04-29 12:17:58] INFO epoch 77 it 1120/1704 loss 0.0170
[2026-04-29 12:17:59] INFO epoch 77 it 1140/1704 loss 0.0153
[2026-04-29 12:17:59] INFO epoch 77 it 1160/1704 loss 0.0164
[2026-04-29 12:17:59] INFO epoch 77 it 1180/1704 loss 0.0169
[2026-04-29 12:17:59] INFO epoch 77 it 1200/1704 loss 0.0159
[2026-04-29 12:17:59] INFO epoch 77 it 1220/1704 loss 0.0166
[2026-04-29 12:18:00] INFO epoch 77 it 1240/1704 loss 0.0163
[2026-04-29 12:18:00] INFO epoch 77 it 1260/1704 loss 0.0161
[2026-04-29 12:18:00] INFO epoch 77 it 1280/1704 loss 0.0154
[2026-04-29 12:18:00] INFO epoch 77 it 1300/1704 loss 0.0154
[2026-04-29 12:18:01] INFO epoch 77 it 1320/1704 loss 0.0160
[2026-04-29 12:18:01] INFO epoch 77 it 1340/1704 loss 0.0162
[2026-04-29 12:18:01] INFO epoch 77 it 1360/1704 loss 0.0168
[2026-04-29 12:18:01] INFO epoch 77 it 1380/1704 loss 0.0171
[2026-04-29 12:18:01] INFO epoch 77 it 1400/1704 loss 0.0168
[2026-04-29 12:18:02] INFO epoch 77 it 1420/1704 loss 0.0170
[2026-04-29 12:18:02] INFO epoch 77 it 1440/1704 loss 0.0163
[2026-04-29 12:18:02] INFO epoch 77 it 1460/1704 loss 0.0161
[2026-04-29 12:18:02] INFO epoch 77 it 1480/1704 loss 0.0158
[2026-04-29 12:18:03] INFO epoch 77 it 1500/1704 loss 0.0170
[2026-04-29 12:18:03] INFO epoch 77 it 1520/1704 loss 0.0163
[2026-04-29 12:18:03] INFO epoch 77 it 1540/1704 loss 0.0166
[2026-04-29 12:18:03] INFO epoch 77 it 1560/1704 loss 0.0156
[2026-04-29 12:18:03] INFO epoch 77 it 1580/1704 loss 0.0152
[2026-04-29 12:18:04] INFO epoch 77 it 1600/1704 loss 0.0153
[2026-04-29 12:18:04] INFO epoch 77 it 1620/1704 loss 0.0165
[2026-04-29 12:18:04] INFO epoch 77 it 1640/1704 loss 0.0169
[2026-04-29 12:18:04] INFO epoch 77 it 1660/1704 loss 0.0161
[2026-04-29 12:18:05] INFO epoch 77 it 1680/1704 loss 0.0162
[2026-04-29 12:18:05] INFO epoch 77 it 1700/1704 loss 0.0156
[2026-04-29 12:18:06] INFO epoch 77 done in 62.8s lr=6.69e-05
[2026-04-29 12:18:45] INFO epoch 77 val MAE(HU): 26.35
[2026-04-29 12:19:27] INFO epoch 78 it 20/1704 loss 0.0154
[2026-04-29 12:19:27] INFO epoch 78 it 40/1704 loss 0.0158
[2026-04-29 12:19:27] INFO epoch 78 it 60/1704 loss 0.0166
[2026-04-29 12:19:28] INFO epoch 78 it 80/1704 loss 0.0155
[2026-04-29 12:19:28] INFO epoch 78 it 100/1704 loss 0.0160
[2026-04-29 12:19:28] INFO epoch 78 it 120/1704 loss 0.0169
[2026-04-29 12:19:28] INFO epoch 78 it 140/1704 loss 0.0155
[2026-04-29 12:19:29] INFO epoch 78 it 160/1704 loss 0.0159
[2026-04-29 12:19:29] INFO epoch 78 it 180/1704 loss 0.0161
[2026-04-29 12:19:29] INFO epoch 78 it 200/1704 loss 0.0157
[2026-04-29 12:19:29] INFO epoch 78 it 220/1704 loss 0.0155
[2026-04-29 12:19:30] INFO epoch 78 it 240/1704 loss 0.0169
[2026-04-29 12:19:30] INFO epoch 78 it 260/1704 loss 0.0162
[2026-04-29 12:19:30] INFO epoch 78 it 280/1704 loss 0.0164
[2026-04-29 12:19:30] INFO epoch 78 it 300/1704 loss 0.0155
[2026-04-29 12:19:30] INFO epoch 78 it 320/1704 loss 0.0152
[2026-04-29 12:19:31] INFO epoch 78 it 340/1704 loss 0.0169
[2026-04-29 12:19:31] INFO epoch 78 it 360/1704 loss 0.0162
[2026-04-29 12:19:31] INFO epoch 78 it 380/1704 loss 0.0176
[2026-04-29 12:19:31] INFO epoch 78 it 400/1704 loss 0.0160
[2026-04-29 12:19:32] INFO epoch 78 it 420/1704 loss 0.0151
[2026-04-29 12:19:32] INFO epoch 78 it 440/1704 loss 0.0152
[2026-04-29 12:19:32] INFO epoch 78 it 460/1704 loss 0.0165
[2026-04-29 12:19:32] INFO epoch 78 it 480/1704 loss 0.0163
[2026-04-29 12:19:32] INFO epoch 78 it 500/1704 loss 0.0166
[2026-04-29 12:19:33] INFO epoch 78 it 520/1704 loss 0.0154
[2026-04-29 12:19:33] INFO epoch 78 it 540/1704 loss 0.0158
[2026-04-29 12:19:33] INFO epoch 78 it 560/1704 loss 0.0159
[2026-04-29 12:19:33] INFO epoch 78 it 580/1704 loss 0.0158
[2026-04-29 12:19:34] INFO epoch 78 it 600/1704 loss 0.0159
[2026-04-29 12:19:34] INFO epoch 78 it 620/1704 loss 0.0154
[2026-04-29 12:19:34] INFO epoch 78 it 640/1704 loss 0.0161
[2026-04-29 12:19:34] INFO epoch 78 it 660/1704 loss 0.0153
[2026-04-29 12:19:34] INFO epoch 78 it 680/1704 loss 0.0153
[2026-04-29 12:19:35] INFO epoch 78 it 700/1704 loss 0.0164
[2026-04-29 12:19:35] INFO epoch 78 it 720/1704 loss 0.0152
[2026-04-29 12:19:35] INFO epoch 78 it 740/1704 loss 0.0162
[2026-04-29 12:19:35] INFO epoch 78 it 760/1704 loss 0.0167
[2026-04-29 12:19:36] INFO epoch 78 it 780/1704 loss 0.0165
[2026-04-29 12:19:36] INFO epoch 78 it 800/1704 loss 0.0147
[2026-04-29 12:19:36] INFO epoch 78 it 820/1704 loss 0.0152
[2026-04-29 12:19:36] INFO epoch 78 it 840/1704 loss 0.0157
[2026-04-29 12:19:37] INFO epoch 78 it 860/1704 loss 0.0172
[2026-04-29 12:19:37] INFO epoch 78 it 880/1704 loss 0.0154
[2026-04-29 12:19:37] INFO epoch 78 it 900/1704 loss 0.0164
[2026-04-29 12:19:37] INFO epoch 78 it 920/1704 loss 0.0156
[2026-04-29 12:19:37] INFO epoch 78 it 940/1704 loss 0.0163
[2026-04-29 12:19:38] INFO epoch 78 it 960/1704 loss 0.0167
[2026-04-29 12:19:38] INFO epoch 78 it 980/1704 loss 0.0159
[2026-04-29 12:19:38] INFO epoch 78 it 1000/1704 loss 0.0167
[2026-04-29 12:19:38] INFO epoch 78 it 1020/1704 loss 0.0161
[2026-04-29 12:19:39] INFO epoch 78 it 1040/1704 loss 0.0160
[2026-04-29 12:19:39] INFO epoch 78 it 1060/1704 loss 0.0160
[2026-04-29 12:19:39] INFO epoch 78 it 1080/1704 loss 0.0163
[2026-04-29 12:19:39] INFO epoch 78 it 1100/1704 loss 0.0164
[2026-04-29 12:19:39] INFO epoch 78 it 1120/1704 loss 0.0159
[2026-04-29 12:19:40] INFO epoch 78 it 1140/1704 loss 0.0164
[2026-04-29 12:19:40] INFO epoch 78 it 1160/1704 loss 0.0166
[2026-04-29 12:19:40] INFO epoch 78 it 1180/1704 loss 0.0161
[2026-04-29 12:19:40] INFO epoch 78 it 1200/1704 loss 0.0166
[2026-04-29 12:19:41] INFO epoch 78 it 1220/1704 loss 0.0157
[2026-04-29 12:19:41] INFO epoch 78 it 1240/1704 loss 0.0162
[2026-04-29 12:19:41] INFO epoch 78 it 1260/1704 loss 0.0168
[2026-04-29 12:19:41] INFO epoch 78 it 1280/1704 loss 0.0149
[2026-04-29 12:19:41] INFO epoch 78 it 1300/1704 loss 0.0163
[2026-04-29 12:19:42] INFO epoch 78 it 1320/1704 loss 0.0161
[2026-04-29 12:19:42] INFO epoch 78 it 1340/1704 loss 0.0155
[2026-04-29 12:19:42] INFO epoch 78 it 1360/1704 loss 0.0158
[2026-04-29 12:19:42] INFO epoch 78 it 1380/1704 loss 0.0158
[2026-04-29 12:19:43] INFO epoch 78 it 1400/1704 loss 0.0166
[2026-04-29 12:19:43] INFO epoch 78 it 1420/1704 loss 0.0168
[2026-04-29 12:19:43] INFO epoch 78 it 1440/1704 loss 0.0161
[2026-04-29 12:19:43] INFO epoch 78 it 1460/1704 loss 0.0156
[2026-04-29 12:19:43] INFO epoch 78 it 1480/1704 loss 0.0158
[2026-04-29 12:19:44] INFO epoch 78 it 1500/1704 loss 0.0166
[2026-04-29 12:19:44] INFO epoch 78 it 1520/1704 loss 0.0157
[2026-04-29 12:19:44] INFO epoch 78 it 1540/1704 loss 0.0158
[2026-04-29 12:19:44] INFO epoch 78 it 1560/1704 loss 0.0149
[2026-04-29 12:19:45] INFO epoch 78 it 1580/1704 loss 0.0160
[2026-04-29 12:19:45] INFO epoch 78 it 1600/1704 loss 0.0161
[2026-04-29 12:19:45] INFO epoch 78 it 1620/1704 loss 0.0170
[2026-04-29 12:19:45] INFO epoch 78 it 1640/1704 loss 0.0153
[2026-04-29 12:19:46] INFO epoch 78 it 1660/1704 loss 0.0155
[2026-04-29 12:19:46] INFO epoch 78 it 1680/1704 loss 0.0160
[2026-04-29 12:19:46] INFO epoch 78 it 1700/1704 loss 0.0163
[2026-04-29 12:19:47] INFO epoch 78 done in 62.6s lr=6.62e-05
[2026-04-29 12:20:25] INFO epoch 78 val MAE(HU): 26.46
[2026-04-29 12:21:07] INFO epoch 79 it 20/1704 loss 0.0163
[2026-04-29 12:21:08] INFO epoch 79 it 40/1704 loss 0.0158
[2026-04-29 12:21:08] INFO epoch 79 it 60/1704 loss 0.0160
[2026-04-29 12:21:08] INFO epoch 79 it 80/1704 loss 0.0164
[2026-04-29 12:21:08] INFO epoch 79 it 100/1704 loss 0.0155
[2026-04-29 12:21:09] INFO epoch 79 it 120/1704 loss 0.0162
[2026-04-29 12:21:09] INFO epoch 79 it 140/1704 loss 0.0164
[2026-04-29 12:21:09] INFO epoch 79 it 160/1704 loss 0.0164
[2026-04-29 12:21:09] INFO epoch 79 it 180/1704 loss 0.0155
[2026-04-29 12:21:09] INFO epoch 79 it 200/1704 loss 0.0152
[2026-04-29 12:21:10] INFO epoch 79 it 220/1704 loss 0.0175
[2026-04-29 12:21:10] INFO epoch 79 it 240/1704 loss 0.0157
[2026-04-29 12:21:10] INFO epoch 79 it 260/1704 loss 0.0163
[2026-04-29 12:21:10] INFO epoch 79 it 280/1704 loss 0.0162
[2026-04-29 12:21:11] INFO epoch 79 it 300/1704 loss 0.0158
[2026-04-29 12:21:11] INFO epoch 79 it 320/1704 loss 0.0156
[2026-04-29 12:21:11] INFO epoch 79 it 340/1704 loss 0.0147
[2026-04-29 12:21:11] INFO epoch 79 it 360/1704 loss 0.0160
[2026-04-29 12:21:11] INFO epoch 79 it 380/1704 loss 0.0150
[2026-04-29 12:21:12] INFO epoch 79 it 400/1704 loss 0.0163
[2026-04-29 12:21:12] INFO epoch 79 it 420/1704 loss 0.0161
[2026-04-29 12:21:12] INFO epoch 79 it 440/1704 loss 0.0167
[2026-04-29 12:21:12] INFO epoch 79 it 460/1704 loss 0.0156
[2026-04-29 12:21:13] INFO epoch 79 it 480/1704 loss 0.0157
[2026-04-29 12:21:13] INFO epoch 79 it 500/1704 loss 0.0159
[2026-04-29 12:21:13] INFO epoch 79 it 520/1704 loss 0.0163
[2026-04-29 12:21:13] INFO epoch 79 it 540/1704 loss 0.0157
[2026-04-29 12:21:14] INFO epoch 79 it 560/1704 loss 0.0163
[2026-04-29 12:21:14] INFO epoch 79 it 580/1704 loss 0.0154
[2026-04-29 12:21:14] INFO epoch 79 it 600/1704 loss 0.0155
[2026-04-29 12:21:14] INFO epoch 79 it 620/1704 loss 0.0166
[2026-04-29 12:21:14] INFO epoch 79 it 640/1704 loss 0.0154
[2026-04-29 12:21:15] INFO epoch 79 it 660/1704 loss 0.0162
[2026-04-29 12:21:15] INFO epoch 79 it 680/1704 loss 0.0165
[2026-04-29 12:21:15] INFO epoch 79 it 700/1704 loss 0.0163
[2026-04-29 12:21:15] INFO epoch 79 it 720/1704 loss 0.0162
[2026-04-29 12:21:16] INFO epoch 79 it 740/1704 loss 0.0163
[2026-04-29 12:21:16] INFO epoch 79 it 760/1704 loss 0.0162
[2026-04-29 12:21:16] INFO epoch 79 it 780/1704 loss 0.0152
[2026-04-29 12:21:16] INFO epoch 79 it 800/1704 loss 0.0167
[2026-04-29 12:21:16] INFO epoch 79 it 820/1704 loss 0.0152
[2026-04-29 12:21:17] INFO epoch 79 it 840/1704 loss 0.0169
[2026-04-29 12:21:17] INFO epoch 79 it 860/1704 loss 0.0151
[2026-04-29 12:21:17] INFO epoch 79 it 880/1704 loss 0.0151
[2026-04-29 12:21:17] INFO epoch 79 it 900/1704 loss 0.0152
[2026-04-29 12:21:18] INFO epoch 79 it 920/1704 loss 0.0159
[2026-04-29 12:21:18] INFO epoch 79 it 940/1704 loss 0.0156
[2026-04-29 12:21:18] INFO epoch 79 it 960/1704 loss 0.0157
[2026-04-29 12:21:18] INFO epoch 79 it 980/1704 loss 0.0154
[2026-04-29 12:21:18] INFO epoch 79 it 1000/1704 loss 0.0164
[2026-04-29 12:21:19] INFO epoch 79 it 1020/1704 loss 0.0156
[2026-04-29 12:21:19] INFO epoch 79 it 1040/1704 loss 0.0159
[2026-04-29 12:21:19] INFO epoch 79 it 1060/1704 loss 0.0159
[2026-04-29 12:21:19] INFO epoch 79 it 1080/1704 loss 0.0165
[2026-04-29 12:21:20] INFO epoch 79 it 1100/1704 loss 0.0156
[2026-04-29 12:21:20] INFO epoch 79 it 1120/1704 loss 0.0152
[2026-04-29 12:21:20] INFO epoch 79 it 1140/1704 loss 0.0160
[2026-04-29 12:21:20] INFO epoch 79 it 1160/1704 loss 0.0163
[2026-04-29 12:21:20] INFO epoch 79 it 1180/1704 loss 0.0164
[2026-04-29 12:21:21] INFO epoch 79 it 1200/1704 loss 0.0151
[2026-04-29 12:21:21] INFO epoch 79 it 1220/1704 loss 0.0154
[2026-04-29 12:21:21] INFO epoch 79 it 1240/1704 loss 0.0164
[2026-04-29 12:21:21] INFO epoch 79 it 1260/1704 loss 0.0160
[2026-04-29 12:21:22] INFO epoch 79 it 1280/1704 loss 0.0163
[2026-04-29 12:21:22] INFO epoch 79 it 1300/1704 loss 0.0160
[2026-04-29 12:21:22] INFO epoch 79 it 1320/1704 loss 0.0149
[2026-04-29 12:21:22] INFO epoch 79 it 1340/1704 loss 0.0160
[2026-04-29 12:21:22] INFO epoch 79 it 1360/1704 loss 0.0158
[2026-04-29 12:21:23] INFO epoch 79 it 1380/1704 loss 0.0169
[2026-04-29 12:21:23] INFO epoch 79 it 1400/1704 loss 0.0156
[2026-04-29 12:21:23] INFO epoch 79 it 1420/1704 loss 0.0154
[2026-04-29 12:21:23] INFO epoch 79 it 1440/1704 loss 0.0163
[2026-04-29 12:21:24] INFO epoch 79 it 1460/1704 loss 0.0169
[2026-04-29 12:21:24] INFO epoch 79 it 1480/1704 loss 0.0164
[2026-04-29 12:21:24] INFO epoch 79 it 1500/1704 loss 0.0157
[2026-04-29 12:21:24] INFO epoch 79 it 1520/1704 loss 0.0162
[2026-04-29 12:21:24] INFO epoch 79 it 1540/1704 loss 0.0161
[2026-04-29 12:21:25] INFO epoch 79 it 1560/1704 loss 0.0165
[2026-04-29 12:21:25] INFO epoch 79 it 1580/1704 loss 0.0168
[2026-04-29 12:21:25] INFO epoch 79 it 1600/1704 loss 0.0157
[2026-04-29 12:21:25] INFO epoch 79 it 1620/1704 loss 0.0165
[2026-04-29 12:21:26] INFO epoch 79 it 1640/1704 loss 0.0172
[2026-04-29 12:21:26] INFO epoch 79 it 1660/1704 loss 0.0161
[2026-04-29 12:21:26] INFO epoch 79 it 1680/1704 loss 0.0154
[2026-04-29 12:21:26] INFO epoch 79 it 1700/1704 loss 0.0175
[2026-04-29 12:21:28] INFO epoch 79 done in 62.6s lr=6.55e-05
[2026-04-29 12:22:06] INFO epoch 79 val MAE(HU): 26.47
[2026-04-29 12:22:48] INFO epoch 80 it 20/1704 loss 0.0167
[2026-04-29 12:22:49] INFO epoch 80 it 40/1704 loss 0.0153
[2026-04-29 12:22:49] INFO epoch 80 it 60/1704 loss 0.0163
[2026-04-29 12:22:49] INFO epoch 80 it 80/1704 loss 0.0153
[2026-04-29 12:22:49] INFO epoch 80 it 100/1704 loss 0.0168
[2026-04-29 12:22:50] INFO epoch 80 it 120/1704 loss 0.0157
[2026-04-29 12:22:50] INFO epoch 80 it 140/1704 loss 0.0161
[2026-04-29 12:22:50] INFO epoch 80 it 160/1704 loss 0.0149
[2026-04-29 12:22:50] INFO epoch 80 it 180/1704 loss 0.0155
[2026-04-29 12:22:51] INFO epoch 80 it 200/1704 loss 0.0150
[2026-04-29 12:22:51] INFO epoch 80 it 220/1704 loss 0.0159
[2026-04-29 12:22:51] INFO epoch 80 it 240/1704 loss 0.0157
[2026-04-29 12:22:51] INFO epoch 80 it 260/1704 loss 0.0166
[2026-04-29 12:22:51] INFO epoch 80 it 280/1704 loss 0.0161
[2026-04-29 12:22:52] INFO epoch 80 it 300/1704 loss 0.0157
[2026-04-29 12:22:52] INFO epoch 80 it 320/1704 loss 0.0154
[2026-04-29 12:22:52] INFO epoch 80 it 340/1704 loss 0.0168
[2026-04-29 12:22:52] INFO epoch 80 it 360/1704 loss 0.0160
[2026-04-29 12:22:53] INFO epoch 80 it 380/1704 loss 0.0159
[2026-04-29 12:22:53] INFO epoch 80 it 400/1704 loss 0.0162
[2026-04-29 12:22:53] INFO epoch 80 it 420/1704 loss 0.0160
[2026-04-29 12:22:53] INFO epoch 80 it 440/1704 loss 0.0157
[2026-04-29 12:22:53] INFO epoch 80 it 460/1704 loss 0.0160
[2026-04-29 12:22:54] INFO epoch 80 it 480/1704 loss 0.0165
[2026-04-29 12:22:54] INFO epoch 80 it 500/1704 loss 0.0159
[2026-04-29 12:22:54] INFO epoch 80 it 520/1704 loss 0.0156
[2026-04-29 12:22:54] INFO epoch 80 it 540/1704 loss 0.0158
[2026-04-29 12:22:55] INFO epoch 80 it 560/1704 loss 0.0154
[2026-04-29 12:22:55] INFO epoch 80 it 580/1704 loss 0.0152
[2026-04-29 12:22:55] INFO epoch 80 it 600/1704 loss 0.0164
[2026-04-29 12:22:55] INFO epoch 80 it 620/1704 loss 0.0152
[2026-04-29 12:22:55] INFO epoch 80 it 640/1704 loss 0.0156
[2026-04-29 12:22:56] INFO epoch 80 it 660/1704 loss 0.0147
[2026-04-29 12:22:56] INFO epoch 80 it 680/1704 loss 0.0151
[2026-04-29 12:22:56] INFO epoch 80 it 700/1704 loss 0.0169
[2026-04-29 12:22:56] INFO epoch 80 it 720/1704 loss 0.0171
[2026-04-29 12:22:57] INFO epoch 80 it 740/1704 loss 0.0158
[2026-04-29 12:22:57] INFO epoch 80 it 760/1704 loss 0.0170
[2026-04-29 12:22:57] INFO epoch 80 it 780/1704 loss 0.0161
[2026-04-29 12:22:57] INFO epoch 80 it 800/1704 loss 0.0153
[2026-04-29 12:22:57] INFO epoch 80 it 820/1704 loss 0.0167
[2026-04-29 12:22:58] INFO epoch 80 it 840/1704 loss 0.0161
[2026-04-29 12:22:58] INFO epoch 80 it 860/1704 loss 0.0173
[2026-04-29 12:22:58] INFO epoch 80 it 880/1704 loss 0.0163
[2026-04-29 12:22:58] INFO epoch 80 it 900/1704 loss 0.0149
[2026-04-29 12:22:59] INFO epoch 80 it 920/1704 loss 0.0155
[2026-04-29 12:22:59] INFO epoch 80 it 940/1704 loss 0.0162
[2026-04-29 12:22:59] INFO epoch 80 it 960/1704 loss 0.0162
[2026-04-29 12:22:59] INFO epoch 80 it 980/1704 loss 0.0161
[2026-04-29 12:22:59] INFO epoch 80 it 1000/1704 loss 0.0159
[2026-04-29 12:23:00] INFO epoch 80 it 1020/1704 loss 0.0157
[2026-04-29 12:23:00] INFO epoch 80 it 1040/1704 loss 0.0153
[2026-04-29 12:23:00] INFO epoch 80 it 1060/1704 loss 0.0146
[2026-04-29 12:23:00] INFO epoch 80 it 1080/1704 loss 0.0155
[2026-04-29 12:23:01] INFO epoch 80 it 1100/1704 loss 0.0150
[2026-04-29 12:23:01] INFO epoch 80 it 1120/1704 loss 0.0165
[2026-04-29 12:23:01] INFO epoch 80 it 1140/1704 loss 0.0151
[2026-04-29 12:23:01] INFO epoch 80 it 1160/1704 loss 0.0157
[2026-04-29 12:23:01] INFO epoch 80 it 1180/1704 loss 0.0155
[2026-04-29 12:23:02] INFO epoch 80 it 1200/1704 loss 0.0174
[2026-04-29 12:23:02] INFO epoch 80 it 1220/1704 loss 0.0161
[2026-04-29 12:23:02] INFO epoch 80 it 1240/1704 loss 0.0146
[2026-04-29 12:23:02] INFO epoch 80 it 1260/1704 loss 0.0165
[2026-04-29 12:23:03] INFO epoch 80 it 1280/1704 loss 0.0163
[2026-04-29 12:23:03] INFO epoch 80 it 1300/1704 loss 0.0148
[2026-04-29 12:23:03] INFO epoch 80 it 1320/1704 loss 0.0164
[2026-04-29 12:23:03] INFO epoch 80 it 1340/1704 loss 0.0172
[2026-04-29 12:23:03] INFO epoch 80 it 1360/1704 loss 0.0162
[2026-04-29 12:23:04] INFO epoch 80 it 1380/1704 loss 0.0153
[2026-04-29 12:23:04] INFO epoch 80 it 1400/1704 loss 0.0167
[2026-04-29 12:23:04] INFO epoch 80 it 1420/1704 loss 0.0160
[2026-04-29 12:23:04] INFO epoch 80 it 1440/1704 loss 0.0164
[2026-04-29 12:23:05] INFO epoch 80 it 1460/1704 loss 0.0162
[2026-04-29 12:23:05] INFO epoch 80 it 1480/1704 loss 0.0171
[2026-04-29 12:23:05] INFO epoch 80 it 1500/1704 loss 0.0160
[2026-04-29 12:23:05] INFO epoch 80 it 1520/1704 loss 0.0157
[2026-04-29 12:23:05] INFO epoch 80 it 1540/1704 loss 0.0165
[2026-04-29 12:23:06] INFO epoch 80 it 1560/1704 loss 0.0156
[2026-04-29 12:23:06] INFO epoch 80 it 1580/1704 loss 0.0165
[2026-04-29 12:23:06] INFO epoch 80 it 1600/1704 loss 0.0155
[2026-04-29 12:23:06] INFO epoch 80 it 1620/1704 loss 0.0151
[2026-04-29 12:23:07] INFO epoch 80 it 1640/1704 loss 0.0162
[2026-04-29 12:23:07] INFO epoch 80 it 1660/1704 loss 0.0150
[2026-04-29 12:23:07] INFO epoch 80 it 1680/1704 loss 0.0159
[2026-04-29 12:23:07] INFO epoch 80 it 1700/1704 loss 0.0149
[2026-04-29 12:23:09] INFO epoch 80 done in 62.6s lr=6.47e-05
[2026-04-29 12:23:47] INFO epoch 80 val MAE(HU): 26.28
[2026-04-29 12:24:29] INFO epoch 81 it 20/1704 loss 0.0155
[2026-04-29 12:24:29] INFO epoch 81 it 40/1704 loss 0.0162
[2026-04-29 12:24:30] INFO epoch 81 it 60/1704 loss 0.0160
[2026-04-29 12:24:30] INFO epoch 81 it 80/1704 loss 0.0160
[2026-04-29 12:24:30] INFO epoch 81 it 100/1704 loss 0.0145
[2026-04-29 12:24:30] INFO epoch 81 it 120/1704 loss 0.0157
[2026-04-29 12:24:30] INFO epoch 81 it 140/1704 loss 0.0156
[2026-04-29 12:24:31] INFO epoch 81 it 160/1704 loss 0.0155
[2026-04-29 12:24:31] INFO epoch 81 it 180/1704 loss 0.0159
[2026-04-29 12:24:31] INFO epoch 81 it 200/1704 loss 0.0158
[2026-04-29 12:24:31] INFO epoch 81 it 220/1704 loss 0.0143
[2026-04-29 12:24:32] INFO epoch 81 it 240/1704 loss 0.0162
[2026-04-29 12:24:32] INFO epoch 81 it 260/1704 loss 0.0156
[2026-04-29 12:24:32] INFO epoch 81 it 280/1704 loss 0.0153
[2026-04-29 12:24:32] INFO epoch 81 it 300/1704 loss 0.0157
[2026-04-29 12:24:32] INFO epoch 81 it 320/1704 loss 0.0171
[2026-04-29 12:24:33] INFO epoch 81 it 340/1704 loss 0.0147
[2026-04-29 12:24:33] INFO epoch 81 it 360/1704 loss 0.0161
[2026-04-29 12:24:33] INFO epoch 81 it 380/1704 loss 0.0153
[2026-04-29 12:24:33] INFO epoch 81 it 400/1704 loss 0.0159
[2026-04-29 12:24:34] INFO epoch 81 it 420/1704 loss 0.0162
[2026-04-29 12:24:34] INFO epoch 81 it 440/1704 loss 0.0157
[2026-04-29 12:24:34] INFO epoch 81 it 460/1704 loss 0.0147
[2026-04-29 12:24:34] INFO epoch 81 it 480/1704 loss 0.0168
[2026-04-29 12:24:35] INFO epoch 81 it 500/1704 loss 0.0159
[2026-04-29 12:24:35] INFO epoch 81 it 520/1704 loss 0.0154
[2026-04-29 12:24:35] INFO epoch 81 it 540/1704 loss 0.0167
[2026-04-29 12:24:35] INFO epoch 81 it 560/1704 loss 0.0163
[2026-04-29 12:24:35] INFO epoch 81 it 580/1704 loss 0.0161
[2026-04-29 12:24:36] INFO epoch 81 it 600/1704 loss 0.0153
[2026-04-29 12:24:36] INFO epoch 81 it 620/1704 loss 0.0164
[2026-04-29 12:24:36] INFO epoch 81 it 640/1704 loss 0.0160
[2026-04-29 12:24:36] INFO epoch 81 it 660/1704 loss 0.0159
[2026-04-29 12:24:37] INFO epoch 81 it 680/1704 loss 0.0160
[2026-04-29 12:24:37] INFO epoch 81 it 700/1704 loss 0.0157
[2026-04-29 12:24:37] INFO epoch 81 it 720/1704 loss 0.0154
[2026-04-29 12:24:37] INFO epoch 81 it 740/1704 loss 0.0165
[2026-04-29 12:24:37] INFO epoch 81 it 760/1704 loss 0.0170
[2026-04-29 12:24:38] INFO epoch 81 it 780/1704 loss 0.0152
[2026-04-29 12:24:38] INFO epoch 81 it 800/1704 loss 0.0165
[2026-04-29 12:24:38] INFO epoch 81 it 820/1704 loss 0.0163
[2026-04-29 12:24:38] INFO epoch 81 it 840/1704 loss 0.0147
[2026-04-29 12:24:39] INFO epoch 81 it 860/1704 loss 0.0151
[2026-04-29 12:24:39] INFO epoch 81 it 880/1704 loss 0.0164
[2026-04-29 12:24:39] INFO epoch 81 it 900/1704 loss 0.0165
[2026-04-29 12:24:39] INFO epoch 81 it 920/1704 loss 0.0167
[2026-04-29 12:24:39] INFO epoch 81 it 940/1704 loss 0.0154
[2026-04-29 12:24:40] INFO epoch 81 it 960/1704 loss 0.0165
[2026-04-29 12:24:40] INFO epoch 81 it 980/1704 loss 0.0164
[2026-04-29 12:24:40] INFO epoch 81 it 1000/1704 loss 0.0159
[2026-04-29 12:24:40] INFO epoch 81 it 1020/1704 loss 0.0153
[2026-04-29 12:24:41] INFO epoch 81 it 1040/1704 loss 0.0168
[2026-04-29 12:24:41] INFO epoch 81 it 1060/1704 loss 0.0156
[2026-04-29 12:24:41] INFO epoch 81 it 1080/1704 loss 0.0157
[2026-04-29 12:24:41] INFO epoch 81 it 1100/1704 loss 0.0162
[2026-04-29 12:24:41] INFO epoch 81 it 1120/1704 loss 0.0162
[2026-04-29 12:24:42] INFO epoch 81 it 1140/1704 loss 0.0162
[2026-04-29 12:24:42] INFO epoch 81 it 1160/1704 loss 0.0163
[2026-04-29 12:24:42] INFO epoch 81 it 1180/1704 loss 0.0163
[2026-04-29 12:24:42] INFO epoch 81 it 1200/1704 loss 0.0158
[2026-04-29 12:24:43] INFO epoch 81 it 1220/1704 loss 0.0157
[2026-04-29 12:24:43] INFO epoch 81 it 1240/1704 loss 0.0156
[2026-04-29 12:24:43] INFO epoch 81 it 1260/1704 loss 0.0156
[2026-04-29 12:24:43] INFO epoch 81 it 1280/1704 loss 0.0153
[2026-04-29 12:24:43] INFO epoch 81 it 1300/1704 loss 0.0166
[2026-04-29 12:24:44] INFO epoch 81 it 1320/1704 loss 0.0149
[2026-04-29 12:24:44] INFO epoch 81 it 1340/1704 loss 0.0160
[2026-04-29 12:24:44] INFO epoch 81 it 1360/1704 loss 0.0149
[2026-04-29 12:24:44] INFO epoch 81 it 1380/1704 loss 0.0151
[2026-04-29 12:24:45] INFO epoch 81 it 1400/1704 loss 0.0168
[2026-04-29 12:24:45] INFO epoch 81 it 1420/1704 loss 0.0166
[2026-04-29 12:24:45] INFO epoch 81 it 1440/1704 loss 0.0154
[2026-04-29 12:24:45] INFO epoch 81 it 1460/1704 loss 0.0150
[2026-04-29 12:24:45] INFO epoch 81 it 1480/1704 loss 0.0150
[2026-04-29 12:24:46] INFO epoch 81 it 1500/1704 loss 0.0163
[2026-04-29 12:24:46] INFO epoch 81 it 1520/1704 loss 0.0156
[2026-04-29 12:24:46] INFO epoch 81 it 1540/1704 loss 0.0163
[2026-04-29 12:24:46] INFO epoch 81 it 1560/1704 loss 0.0158
[2026-04-29 12:24:47] INFO epoch 81 it 1580/1704 loss 0.0156
[2026-04-29 12:24:47] INFO epoch 81 it 1600/1704 loss 0.0155
[2026-04-29 12:24:47] INFO epoch 81 it 1620/1704 loss 0.0147
[2026-04-29 12:24:47] INFO epoch 81 it 1640/1704 loss 0.0160
[2026-04-29 12:24:48] INFO epoch 81 it 1660/1704 loss 0.0159
[2026-04-29 12:24:48] INFO epoch 81 it 1680/1704 loss 0.0173
[2026-04-29 12:24:48] INFO epoch 81 it 1700/1704 loss 0.0162
[2026-04-29 12:24:49] INFO epoch 81 done in 62.5s lr=6.39e-05
[2026-04-29 12:25:27] INFO epoch 81 val MAE(HU): 26.56
[2026-04-29 12:26:10] INFO epoch 82 it 20/1704 loss 0.0160
[2026-04-29 12:26:10] INFO epoch 82 it 40/1704 loss 0.0163
[2026-04-29 12:26:10] INFO epoch 82 it 60/1704 loss 0.0156
[2026-04-29 12:26:10] INFO epoch 82 it 80/1704 loss 0.0162
[2026-04-29 12:26:11] INFO epoch 82 it 100/1704 loss 0.0152
[2026-04-29 12:26:11] INFO epoch 82 it 120/1704 loss 0.0157
[2026-04-29 12:26:11] INFO epoch 82 it 140/1704 loss 0.0161
[2026-04-29 12:26:11] INFO epoch 82 it 160/1704 loss 0.0152
[2026-04-29 12:26:12] INFO epoch 82 it 180/1704 loss 0.0161
[2026-04-29 12:26:12] INFO epoch 82 it 200/1704 loss 0.0162
[2026-04-29 12:26:12] INFO epoch 82 it 220/1704 loss 0.0153
[2026-04-29 12:26:12] INFO epoch 82 it 240/1704 loss 0.0165
[2026-04-29 12:26:13] INFO epoch 82 it 260/1704 loss 0.0148
[2026-04-29 12:26:13] INFO epoch 82 it 280/1704 loss 0.0157
[2026-04-29 12:26:13] INFO epoch 82 it 300/1704 loss 0.0156
[2026-04-29 12:26:13] INFO epoch 82 it 320/1704 loss 0.0150
[2026-04-29 12:26:13] INFO epoch 82 it 340/1704 loss 0.0156
[2026-04-29 12:26:14] INFO epoch 82 it 360/1704 loss 0.0158
[2026-04-29 12:26:14] INFO epoch 82 it 380/1704 loss 0.0165
[2026-04-29 12:26:14] INFO epoch 82 it 400/1704 loss 0.0161
[2026-04-29 12:26:14] INFO epoch 82 it 420/1704 loss 0.0148
[2026-04-29 12:26:15] INFO epoch 82 it 440/1704 loss 0.0147
[2026-04-29 12:26:15] INFO epoch 82 it 460/1704 loss 0.0149
[2026-04-29 12:26:15] INFO epoch 82 it 480/1704 loss 0.0162
[2026-04-29 12:26:15] INFO epoch 82 it 500/1704 loss 0.0143
[2026-04-29 12:26:15] INFO epoch 82 it 520/1704 loss 0.0167
[2026-04-29 12:26:16] INFO epoch 82 it 540/1704 loss 0.0150
[2026-04-29 12:26:16] INFO epoch 82 it 560/1704 loss 0.0154
[2026-04-29 12:26:16] INFO epoch 82 it 580/1704 loss 0.0156
[2026-04-29 12:26:16] INFO epoch 82 it 600/1704 loss 0.0156
[2026-04-29 12:26:17] INFO epoch 82 it 620/1704 loss 0.0154
[2026-04-29 12:26:17] INFO epoch 82 it 640/1704 loss 0.0163
[2026-04-29 12:26:17] INFO epoch 82 it 660/1704 loss 0.0170
[2026-04-29 12:26:17] INFO epoch 82 it 680/1704 loss 0.0160
[2026-04-29 12:26:17] INFO epoch 82 it 700/1704 loss 0.0157
[2026-04-29 12:26:18] INFO epoch 82 it 720/1704 loss 0.0154
[2026-04-29 12:26:18] INFO epoch 82 it 740/1704 loss 0.0171
[2026-04-29 12:26:18] INFO epoch 82 it 760/1704 loss 0.0163
[2026-04-29 12:26:18] INFO epoch 82 it 780/1704 loss 0.0160
[2026-04-29 12:26:19] INFO epoch 82 it 800/1704 loss 0.0150
[2026-04-29 12:26:19] INFO epoch 82 it 820/1704 loss 0.0167
[2026-04-29 12:26:19] INFO epoch 82 it 840/1704 loss 0.0151
[2026-04-29 12:26:19] INFO epoch 82 it 860/1704 loss 0.0153
[2026-04-29 12:26:20] INFO epoch 82 it 880/1704 loss 0.0154
[2026-04-29 12:26:20] INFO epoch 82 it 900/1704 loss 0.0161
[2026-04-29 12:26:20] INFO epoch 82 it 920/1704 loss 0.0157
[2026-04-29 12:26:20] INFO epoch 82 it 940/1704 loss 0.0170
[2026-04-29 12:26:20] INFO epoch 82 it 960/1704 loss 0.0159
[2026-04-29 12:26:21] INFO epoch 82 it 980/1704 loss 0.0161
[2026-04-29 12:26:21] INFO epoch 82 it 1000/1704 loss 0.0162
[2026-04-29 12:26:21] INFO epoch 82 it 1020/1704 loss 0.0152
[2026-04-29 12:26:21] INFO epoch 82 it 1040/1704 loss 0.0169
[2026-04-29 12:26:22] INFO epoch 82 it 1060/1704 loss 0.0165
[2026-04-29 12:26:22] INFO epoch 82 it 1080/1704 loss 0.0159
[2026-04-29 12:26:22] INFO epoch 82 it 1100/1704 loss 0.0169
[2026-04-29 12:26:22] INFO epoch 82 it 1120/1704 loss 0.0143
[2026-04-29 12:26:22] INFO epoch 82 it 1140/1704 loss 0.0159
[2026-04-29 12:26:23] INFO epoch 82 it 1160/1704 loss 0.0152
[2026-04-29 12:26:23] INFO epoch 82 it 1180/1704 loss 0.0157
[2026-04-29 12:26:23] INFO epoch 82 it 1200/1704 loss 0.0166
[2026-04-29 12:26:23] INFO epoch 82 it 1220/1704 loss 0.0164
[2026-04-29 12:26:24] INFO epoch 82 it 1240/1704 loss 0.0159
[2026-04-29 12:26:24] INFO epoch 82 it 1260/1704 loss 0.0159
[2026-04-29 12:26:24] INFO epoch 82 it 1280/1704 loss 0.0159
[2026-04-29 12:26:24] INFO epoch 82 it 1300/1704 loss 0.0163
[2026-04-29 12:26:24] INFO epoch 82 it 1320/1704 loss 0.0159
[2026-04-29 12:26:25] INFO epoch 82 it 1340/1704 loss 0.0161
[2026-04-29 12:26:25] INFO epoch 82 it 1360/1704 loss 0.0162
[2026-04-29 12:26:25] INFO epoch 82 it 1380/1704 loss 0.0155
[2026-04-29 12:26:25] INFO epoch 82 it 1400/1704 loss 0.0151
[2026-04-29 12:26:26] INFO epoch 82 it 1420/1704 loss 0.0167
[2026-04-29 12:26:26] INFO epoch 82 it 1440/1704 loss 0.0150
[2026-04-29 12:26:26] INFO epoch 82 it 1460/1704 loss 0.0162
[2026-04-29 12:26:26] INFO epoch 82 it 1480/1704 loss 0.0164
[2026-04-29 12:26:26] INFO epoch 82 it 1500/1704 loss 0.0164
[2026-04-29 12:26:27] INFO epoch 82 it 1520/1704 loss 0.0149
[2026-04-29 12:26:27] INFO epoch 82 it 1540/1704 loss 0.0165
[2026-04-29 12:26:27] INFO epoch 82 it 1560/1704 loss 0.0156
[2026-04-29 12:26:27] INFO epoch 82 it 1580/1704 loss 0.0159
[2026-04-29 12:26:28] INFO epoch 82 it 1600/1704 loss 0.0164
[2026-04-29 12:26:28] INFO epoch 82 it 1620/1704 loss 0.0150
[2026-04-29 12:26:28] INFO epoch 82 it 1640/1704 loss 0.0163
[2026-04-29 12:26:28] INFO epoch 82 it 1660/1704 loss 0.0167
[2026-04-29 12:26:28] INFO epoch 82 it 1680/1704 loss 0.0146
[2026-04-29 12:26:29] INFO epoch 82 it 1700/1704 loss 0.0159
[2026-04-29 12:26:30] INFO epoch 82 done in 62.6s lr=6.32e-05
[2026-04-29 12:27:08] INFO epoch 82 val MAE(HU): 26.29
[2026-04-29 12:27:50] INFO epoch 83 it 20/1704 loss 0.0162
[2026-04-29 12:27:51] INFO epoch 83 it 40/1704 loss 0.0156
[2026-04-29 12:27:51] INFO epoch 83 it 60/1704 loss 0.0163
[2026-04-29 12:27:51] INFO epoch 83 it 80/1704 loss 0.0150
[2026-04-29 12:27:51] INFO epoch 83 it 100/1704 loss 0.0150
[2026-04-29 12:27:51] INFO epoch 83 it 120/1704 loss 0.0163
[2026-04-29 12:27:52] INFO epoch 83 it 140/1704 loss 0.0164
[2026-04-29 12:27:52] INFO epoch 83 it 160/1704 loss 0.0161
[2026-04-29 12:27:52] INFO epoch 83 it 180/1704 loss 0.0159
[2026-04-29 12:27:52] INFO epoch 83 it 200/1704 loss 0.0160
[2026-04-29 12:27:53] INFO epoch 83 it 220/1704 loss 0.0161
[2026-04-29 12:27:53] INFO epoch 83 it 240/1704 loss 0.0159
[2026-04-29 12:27:53] INFO epoch 83 it 260/1704 loss 0.0156
[2026-04-29 12:27:53] INFO epoch 83 it 280/1704 loss 0.0161
[2026-04-29 12:27:53] INFO epoch 83 it 300/1704 loss 0.0164
[2026-04-29 12:27:54] INFO epoch 83 it 320/1704 loss 0.0146
[2026-04-29 12:27:54] INFO epoch 83 it 340/1704 loss 0.0153
[2026-04-29 12:27:54] INFO epoch 83 it 360/1704 loss 0.0156
[2026-04-29 12:27:54] INFO epoch 83 it 380/1704 loss 0.0141
[2026-04-29 12:27:55] INFO epoch 83 it 400/1704 loss 0.0151
[2026-04-29 12:27:55] INFO epoch 83 it 420/1704 loss 0.0167
[2026-04-29 12:27:55] INFO epoch 83 it 440/1704 loss 0.0156
[2026-04-29 12:27:55] INFO epoch 83 it 460/1704 loss 0.0164
[2026-04-29 12:27:56] INFO epoch 83 it 480/1704 loss 0.0154
[2026-04-29 12:27:56] INFO epoch 83 it 500/1704 loss 0.0153
[2026-04-29 12:27:56] INFO epoch 83 it 520/1704 loss 0.0158
[2026-04-29 12:27:56] INFO epoch 83 it 540/1704 loss 0.0149
[2026-04-29 12:27:56] INFO epoch 83 it 560/1704 loss 0.0158
[2026-04-29 12:27:57] INFO epoch 83 it 580/1704 loss 0.0161
[2026-04-29 12:27:57] INFO epoch 83 it 600/1704 loss 0.0155
[2026-04-29 12:27:57] INFO epoch 83 it 620/1704 loss 0.0159
[2026-04-29 12:27:57] INFO epoch 83 it 640/1704 loss 0.0158
[2026-04-29 12:27:58] INFO epoch 83 it 660/1704 loss 0.0146
[2026-04-29 12:27:58] INFO epoch 83 it 680/1704 loss 0.0150
[2026-04-29 12:27:58] INFO epoch 83 it 700/1704 loss 0.0153
[2026-04-29 12:27:58] INFO epoch 83 it 720/1704 loss 0.0166
[2026-04-29 12:27:58] INFO epoch 83 it 740/1704 loss 0.0154
[2026-04-29 12:27:59] INFO epoch 83 it 760/1704 loss 0.0153
[2026-04-29 12:27:59] INFO epoch 83 it 780/1704 loss 0.0161
[2026-04-29 12:27:59] INFO epoch 83 it 800/1704 loss 0.0165
[2026-04-29 12:27:59] INFO epoch 83 it 820/1704 loss 0.0156
[2026-04-29 12:28:00] INFO epoch 83 it 840/1704 loss 0.0160
[2026-04-29 12:28:00] INFO epoch 83 it 860/1704 loss 0.0157
[2026-04-29 12:28:00] INFO epoch 83 it 880/1704 loss 0.0151
[2026-04-29 12:28:00] INFO epoch 83 it 900/1704 loss 0.0157
[2026-04-29 12:28:00] INFO epoch 83 it 920/1704 loss 0.0156
[2026-04-29 12:28:01] INFO epoch 83 it 940/1704 loss 0.0153
[2026-04-29 12:28:01] INFO epoch 83 it 960/1704 loss 0.0158
[2026-04-29 12:28:01] INFO epoch 83 it 980/1704 loss 0.0162
[2026-04-29 12:28:01] INFO epoch 83 it 1000/1704 loss 0.0161
[2026-04-29 12:28:02] INFO epoch 83 it 1020/1704 loss 0.0158
[2026-04-29 12:28:02] INFO epoch 83 it 1040/1704 loss 0.0150
[2026-04-29 12:28:02] INFO epoch 83 it 1060/1704 loss 0.0165
[2026-04-29 12:28:02] INFO epoch 83 it 1080/1704 loss 0.0149
[2026-04-29 12:28:02] INFO epoch 83 it 1100/1704 loss 0.0158
[2026-04-29 12:28:03] INFO epoch 83 it 1120/1704 loss 0.0159
[2026-04-29 12:28:03] INFO epoch 83 it 1140/1704 loss 0.0153
[2026-04-29 12:28:03] INFO epoch 83 it 1160/1704 loss 0.0160
[2026-04-29 12:28:03] INFO epoch 83 it 1180/1704 loss 0.0153
[2026-04-29 12:28:04] INFO epoch 83 it 1200/1704 loss 0.0166
[2026-04-29 12:28:04] INFO epoch 83 it 1220/1704 loss 0.0165
[2026-04-29 12:28:04] INFO epoch 83 it 1240/1704 loss 0.0162
[2026-04-29 12:28:04] INFO epoch 83 it 1260/1704 loss 0.0158
[2026-04-29 12:28:04] INFO epoch 83 it 1280/1704 loss 0.0150
[2026-04-29 12:28:05] INFO epoch 83 it 1300/1704 loss 0.0154
[2026-04-29 12:28:05] INFO epoch 83 it 1320/1704 loss 0.0160
[2026-04-29 12:28:05] INFO epoch 83 it 1340/1704 loss 0.0157
[2026-04-29 12:28:05] INFO epoch 83 it 1360/1704 loss 0.0162
[2026-04-29 12:28:06] INFO epoch 83 it 1380/1704 loss 0.0158
[2026-04-29 12:28:06] INFO epoch 83 it 1400/1704 loss 0.0161
[2026-04-29 12:28:06] INFO epoch 83 it 1420/1704 loss 0.0159
[2026-04-29 12:28:06] INFO epoch 83 it 1440/1704 loss 0.0159
[2026-04-29 12:28:07] INFO epoch 83 it 1460/1704 loss 0.0154
[2026-04-29 12:28:07] INFO epoch 83 it 1480/1704 loss 0.0172
[2026-04-29 12:28:07] INFO epoch 83 it 1500/1704 loss 0.0158
[2026-04-29 12:28:07] INFO epoch 83 it 1520/1704 loss 0.0161
[2026-04-29 12:28:07] INFO epoch 83 it 1540/1704 loss 0.0152
[2026-04-29 12:28:08] INFO epoch 83 it 1560/1704 loss 0.0155
[2026-04-29 12:28:08] INFO epoch 83 it 1580/1704 loss 0.0163
[2026-04-29 12:28:08] INFO epoch 83 it 1600/1704 loss 0.0172
[2026-04-29 12:28:08] INFO epoch 83 it 1620/1704 loss 0.0149
[2026-04-29 12:28:09] INFO epoch 83 it 1640/1704 loss 0.0159
[2026-04-29 12:28:09] INFO epoch 83 it 1660/1704 loss 0.0156
[2026-04-29 12:28:09] INFO epoch 83 it 1680/1704 loss 0.0172
[2026-04-29 12:28:09] INFO epoch 83 it 1700/1704 loss 0.0153
[2026-04-29 12:28:11] INFO epoch 83 done in 62.4s lr=6.24e-05
[2026-04-29 12:28:48] INFO epoch 83 val MAE(HU): 26.33
[2026-04-29 12:29:31] INFO epoch 84 it 20/1704 loss 0.0160
[2026-04-29 12:29:31] INFO epoch 84 it 40/1704 loss 0.0169
[2026-04-29 12:29:31] INFO epoch 84 it 60/1704 loss 0.0151
[2026-04-29 12:29:32] INFO epoch 84 it 80/1704 loss 0.0153
[2026-04-29 12:29:32] INFO epoch 84 it 100/1704 loss 0.0154
[2026-04-29 12:29:32] INFO epoch 84 it 120/1704 loss 0.0146
[2026-04-29 12:29:32] INFO epoch 84 it 140/1704 loss 0.0151
[2026-04-29 12:29:32] INFO epoch 84 it 160/1704 loss 0.0158
[2026-04-29 12:29:33] INFO epoch 84 it 180/1704 loss 0.0165
[2026-04-29 12:29:33] INFO epoch 84 it 200/1704 loss 0.0158
[2026-04-29 12:29:33] INFO epoch 84 it 220/1704 loss 0.0169
[2026-04-29 12:29:33] INFO epoch 84 it 240/1704 loss 0.0157
[2026-04-29 12:29:34] INFO epoch 84 it 260/1704 loss 0.0156
[2026-04-29 12:29:34] INFO epoch 84 it 280/1704 loss 0.0150
[2026-04-29 12:29:34] INFO epoch 84 it 300/1704 loss 0.0163
[2026-04-29 12:29:34] INFO epoch 84 it 320/1704 loss 0.0159
[2026-04-29 12:29:35] INFO epoch 84 it 340/1704 loss 0.0149
[2026-04-29 12:29:35] INFO epoch 84 it 360/1704 loss 0.0145
[2026-04-29 12:29:35] INFO epoch 84 it 380/1704 loss 0.0148
[2026-04-29 12:29:35] INFO epoch 84 it 400/1704 loss 0.0150
[2026-04-29 12:29:35] INFO epoch 84 it 420/1704 loss 0.0163
[2026-04-29 12:29:36] INFO epoch 84 it 440/1704 loss 0.0155
[2026-04-29 12:29:36] INFO epoch 84 it 460/1704 loss 0.0157
[2026-04-29 12:29:36] INFO epoch 84 it 480/1704 loss 0.0166
[2026-04-29 12:29:36] INFO epoch 84 it 500/1704 loss 0.0158
[2026-04-29 12:29:37] INFO epoch 84 it 520/1704 loss 0.0171
[2026-04-29 12:29:37] INFO epoch 84 it 540/1704 loss 0.0150
[2026-04-29 12:29:37] INFO epoch 84 it 560/1704 loss 0.0169
[2026-04-29 12:29:37] INFO epoch 84 it 580/1704 loss 0.0168
[2026-04-29 12:29:38] INFO epoch 84 it 600/1704 loss 0.0161
[2026-04-29 12:29:38] INFO epoch 84 it 620/1704 loss 0.0161
[2026-04-29 12:29:38] INFO epoch 84 it 640/1704 loss 0.0151
[2026-04-29 12:29:38] INFO epoch 84 it 660/1704 loss 0.0161
[2026-04-29 12:29:38] INFO epoch 84 it 680/1704 loss 0.0157
[2026-04-29 12:29:39] INFO epoch 84 it 700/1704 loss 0.0164
[2026-04-29 12:29:39] INFO epoch 84 it 720/1704 loss 0.0161
[2026-04-29 12:29:39] INFO epoch 84 it 740/1704 loss 0.0159
[2026-04-29 12:29:39] INFO epoch 84 it 760/1704 loss 0.0164
[2026-04-29 12:29:40] INFO epoch 84 it 780/1704 loss 0.0155
[2026-04-29 12:29:40] INFO epoch 84 it 800/1704 loss 0.0166
[2026-04-29 12:29:40] INFO epoch 84 it 820/1704 loss 0.0152
[2026-04-29 12:29:40] INFO epoch 84 it 840/1704 loss 0.0156
[2026-04-29 12:29:40] INFO epoch 84 it 860/1704 loss 0.0153
[2026-04-29 12:29:41] INFO epoch 84 it 880/1704 loss 0.0150
[2026-04-29 12:29:41] INFO epoch 84 it 900/1704 loss 0.0150
[2026-04-29 12:29:41] INFO epoch 84 it 920/1704 loss 0.0150
[2026-04-29 12:29:41] INFO epoch 84 it 940/1704 loss 0.0157
[2026-04-29 12:29:42] INFO epoch 84 it 960/1704 loss 0.0165
[2026-04-29 12:29:42] INFO epoch 84 it 980/1704 loss 0.0157
[2026-04-29 12:29:42] INFO epoch 84 it 1000/1704 loss 0.0165
[2026-04-29 12:29:42] INFO epoch 84 it 1020/1704 loss 0.0162
[2026-04-29 12:29:42] INFO epoch 84 it 1040/1704 loss 0.0160
[2026-04-29 12:29:43] INFO epoch 84 it 1060/1704 loss 0.0159
[2026-04-29 12:29:43] INFO epoch 84 it 1080/1704 loss 0.0147
[2026-04-29 12:29:43] INFO epoch 84 it 1100/1704 loss 0.0158
[2026-04-29 12:29:43] INFO epoch 84 it 1120/1704 loss 0.0151
[2026-04-29 12:29:44] INFO epoch 84 it 1140/1704 loss 0.0154
[2026-04-29 12:29:44] INFO epoch 84 it 1160/1704 loss 0.0166
[2026-04-29 12:29:44] INFO epoch 84 it 1180/1704 loss 0.0154
[2026-04-29 12:29:44] INFO epoch 84 it 1200/1704 loss 0.0158
[2026-04-29 12:29:44] INFO epoch 84 it 1220/1704 loss 0.0150
[2026-04-29 12:29:45] INFO epoch 84 it 1240/1704 loss 0.0151
[2026-04-29 12:29:45] INFO epoch 84 it 1260/1704 loss 0.0160
[2026-04-29 12:29:45] INFO epoch 84 it 1280/1704 loss 0.0162
[2026-04-29 12:29:45] INFO epoch 84 it 1300/1704 loss 0.0157
[2026-04-29 12:29:46] INFO epoch 84 it 1320/1704 loss 0.0156
[2026-04-29 12:29:46] INFO epoch 84 it 1340/1704 loss 0.0159
[2026-04-29 12:29:46] INFO epoch 84 it 1360/1704 loss 0.0149
[2026-04-29 12:29:46] INFO epoch 84 it 1380/1704 loss 0.0164
[2026-04-29 12:29:46] INFO epoch 84 it 1400/1704 loss 0.0151
[2026-04-29 12:29:47] INFO epoch 84 it 1420/1704 loss 0.0157
[2026-04-29 12:29:47] INFO epoch 84 it 1440/1704 loss 0.0147
[2026-04-29 12:29:47] INFO epoch 84 it 1460/1704 loss 0.0158
[2026-04-29 12:29:47] INFO epoch 84 it 1480/1704 loss 0.0165
[2026-04-29 12:29:48] INFO epoch 84 it 1500/1704 loss 0.0157
[2026-04-29 12:29:48] INFO epoch 84 it 1520/1704 loss 0.0159
[2026-04-29 12:29:48] INFO epoch 84 it 1540/1704 loss 0.0157
[2026-04-29 12:29:48] INFO epoch 84 it 1560/1704 loss 0.0153
[2026-04-29 12:29:48] INFO epoch 84 it 1580/1704 loss 0.0159
[2026-04-29 12:29:49] INFO epoch 84 it 1600/1704 loss 0.0153
[2026-04-29 12:29:49] INFO epoch 84 it 1620/1704 loss 0.0155
[2026-04-29 12:29:49] INFO epoch 84 it 1640/1704 loss 0.0166
[2026-04-29 12:29:49] INFO epoch 84 it 1660/1704 loss 0.0153
[2026-04-29 12:29:50] INFO epoch 84 it 1680/1704 loss 0.0150
[2026-04-29 12:29:50] INFO epoch 84 it 1700/1704 loss 0.0159
[2026-04-29 12:29:51] INFO epoch 84 done in 62.6s lr=6.17e-05
[2026-04-29 12:30:29] INFO epoch 84 val MAE(HU): 26.53
[2026-04-29 12:31:11] INFO epoch 85 it 20/1704 loss 0.0150
[2026-04-29 12:31:12] INFO epoch 85 it 40/1704 loss 0.0156
[2026-04-29 12:31:12] INFO epoch 85 it 60/1704 loss 0.0152
[2026-04-29 12:31:12] INFO epoch 85 it 80/1704 loss 0.0159
[2026-04-29 12:31:12] INFO epoch 85 it 100/1704 loss 0.0158
[2026-04-29 12:31:12] INFO epoch 85 it 120/1704 loss 0.0160
[2026-04-29 12:31:13] INFO epoch 85 it 140/1704 loss 0.0160
[2026-04-29 12:31:13] INFO epoch 85 it 160/1704 loss 0.0156
[2026-04-29 12:31:13] INFO epoch 85 it 180/1704 loss 0.0155
[2026-04-29 12:31:13] INFO epoch 85 it 200/1704 loss 0.0150
[2026-04-29 12:31:14] INFO epoch 85 it 220/1704 loss 0.0147
[2026-04-29 12:31:14] INFO epoch 85 it 240/1704 loss 0.0162
[2026-04-29 12:31:14] INFO epoch 85 it 260/1704 loss 0.0165
[2026-04-29 12:31:14] INFO epoch 85 it 280/1704 loss 0.0155
[2026-04-29 12:31:14] INFO epoch 85 it 300/1704 loss 0.0152
[2026-04-29 12:31:15] INFO epoch 85 it 320/1704 loss 0.0157
[2026-04-29 12:31:15] INFO epoch 85 it 340/1704 loss 0.0154
[2026-04-29 12:31:15] INFO epoch 85 it 360/1704 loss 0.0154
[2026-04-29 12:31:15] INFO epoch 85 it 380/1704 loss 0.0148
[2026-04-29 12:31:16] INFO epoch 85 it 400/1704 loss 0.0157
[2026-04-29 12:31:16] INFO epoch 85 it 420/1704 loss 0.0157
[2026-04-29 12:31:16] INFO epoch 85 it 440/1704 loss 0.0158
[2026-04-29 12:31:16] INFO epoch 85 it 460/1704 loss 0.0160
[2026-04-29 12:31:16] INFO epoch 85 it 480/1704 loss 0.0153
[2026-04-29 12:31:17] INFO epoch 85 it 500/1704 loss 0.0151
[2026-04-29 12:31:17] INFO epoch 85 it 520/1704 loss 0.0156
[2026-04-29 12:31:17] INFO epoch 85 it 540/1704 loss 0.0154
[2026-04-29 12:31:17] INFO epoch 85 it 560/1704 loss 0.0159
[2026-04-29 12:31:18] INFO epoch 85 it 580/1704 loss 0.0159
[2026-04-29 12:31:18] INFO epoch 85 it 600/1704 loss 0.0162
[2026-04-29 12:31:18] INFO epoch 85 it 620/1704 loss 0.0157
[2026-04-29 12:31:18] INFO epoch 85 it 640/1704 loss 0.0160
[2026-04-29 12:31:18] INFO epoch 85 it 660/1704 loss 0.0158
[2026-04-29 12:31:19] INFO epoch 85 it 680/1704 loss 0.0157
[2026-04-29 12:31:19] INFO epoch 85 it 700/1704 loss 0.0155
[2026-04-29 12:31:19] INFO epoch 85 it 720/1704 loss 0.0149
[2026-04-29 12:31:19] INFO epoch 85 it 740/1704 loss 0.0158
[2026-04-29 12:31:20] INFO epoch 85 it 760/1704 loss 0.0158
[2026-04-29 12:31:20] INFO epoch 85 it 780/1704 loss 0.0151
[2026-04-29 12:31:20] INFO epoch 85 it 800/1704 loss 0.0150
[2026-04-29 12:31:20] INFO epoch 85 it 820/1704 loss 0.0161
[2026-04-29 12:31:20] INFO epoch 85 it 840/1704 loss 0.0154
[2026-04-29 12:31:21] INFO epoch 85 it 860/1704 loss 0.0155
[2026-04-29 12:31:21] INFO epoch 85 it 880/1704 loss 0.0158
[2026-04-29 12:31:21] INFO epoch 85 it 900/1704 loss 0.0148
[2026-04-29 12:31:21] INFO epoch 85 it 920/1704 loss 0.0160
[2026-04-29 12:31:22] INFO epoch 85 it 940/1704 loss 0.0158
[2026-04-29 12:31:22] INFO epoch 85 it 960/1704 loss 0.0155
[2026-04-29 12:31:22] INFO epoch 85 it 980/1704 loss 0.0161
[2026-04-29 12:31:22] INFO epoch 85 it 1000/1704 loss 0.0155
[2026-04-29 12:31:23] INFO epoch 85 it 1020/1704 loss 0.0157
[2026-04-29 12:31:23] INFO epoch 85 it 1040/1704 loss 0.0167
[2026-04-29 12:31:23] INFO epoch 85 it 1060/1704 loss 0.0160
[2026-04-29 12:31:23] INFO epoch 85 it 1080/1704 loss 0.0151
[2026-04-29 12:31:23] INFO epoch 85 it 1100/1704 loss 0.0160
[2026-04-29 12:31:24] INFO epoch 85 it 1120/1704 loss 0.0164
[2026-04-29 12:31:24] INFO epoch 85 it 1140/1704 loss 0.0160
[2026-04-29 12:31:24] INFO epoch 85 it 1160/1704 loss 0.0155
[2026-04-29 12:31:24] INFO epoch 85 it 1180/1704 loss 0.0164
[2026-04-29 12:31:25] INFO epoch 85 it 1200/1704 loss 0.0158
[2026-04-29 12:31:25] INFO epoch 85 it 1220/1704 loss 0.0159
[2026-04-29 12:31:25] INFO epoch 85 it 1240/1704 loss 0.0148
[2026-04-29 12:31:25] INFO epoch 85 it 1260/1704 loss 0.0152
[2026-04-29 12:31:25] INFO epoch 85 it 1280/1704 loss 0.0155
[2026-04-29 12:31:26] INFO epoch 85 it 1300/1704 loss 0.0163
[2026-04-29 12:31:26] INFO epoch 85 it 1320/1704 loss 0.0157
[2026-04-29 12:31:26] INFO epoch 85 it 1340/1704 loss 0.0168
[2026-04-29 12:31:26] INFO epoch 85 it 1360/1704 loss 0.0155
[2026-04-29 12:31:27] INFO epoch 85 it 1380/1704 loss 0.0160
[2026-04-29 12:31:27] INFO epoch 85 it 1400/1704 loss 0.0149
[2026-04-29 12:31:27] INFO epoch 85 it 1420/1704 loss 0.0147
[2026-04-29 12:31:27] INFO epoch 85 it 1440/1704 loss 0.0153
[2026-04-29 12:31:27] INFO epoch 85 it 1460/1704 loss 0.0150
[2026-04-29 12:31:28] INFO epoch 85 it 1480/1704 loss 0.0164
[2026-04-29 12:31:28] INFO epoch 85 it 1500/1704 loss 0.0164
[2026-04-29 12:31:28] INFO epoch 85 it 1520/1704 loss 0.0156
[2026-04-29 12:31:28] INFO epoch 85 it 1540/1704 loss 0.0157
[2026-04-29 12:31:29] INFO epoch 85 it 1560/1704 loss 0.0160
[2026-04-29 12:31:29] INFO epoch 85 it 1580/1704 loss 0.0167
[2026-04-29 12:31:29] INFO epoch 85 it 1600/1704 loss 0.0158
[2026-04-29 12:31:29] INFO epoch 85 it 1620/1704 loss 0.0167
[2026-04-29 12:31:29] INFO epoch 85 it 1640/1704 loss 0.0162
[2026-04-29 12:31:30] INFO epoch 85 it 1660/1704 loss 0.0163
[2026-04-29 12:31:30] INFO epoch 85 it 1680/1704 loss 0.0160
[2026-04-29 12:31:30] INFO epoch 85 it 1700/1704 loss 0.0154
[2026-04-29 12:31:31] INFO epoch 85 done in 62.0s lr=6.09e-05
[2026-04-29 12:32:09] INFO epoch 85 val MAE(HU): 26.23
[2026-04-29 12:32:09] INFO new best MAE: 26.23 ¡æ saved best.pth
[2026-04-29 12:32:51] INFO epoch 86 it 20/1704 loss 0.0154
[2026-04-29 12:32:51] INFO epoch 86 it 40/1704 loss 0.0151
[2026-04-29 12:32:52] INFO epoch 86 it 60/1704 loss 0.0165
[2026-04-29 12:32:52] INFO epoch 86 it 80/1704 loss 0.0156
[2026-04-29 12:32:52] INFO epoch 86 it 100/1704 loss 0.0160
[2026-04-29 12:32:52] INFO epoch 86 it 120/1704 loss 0.0152
[2026-04-29 12:32:52] INFO epoch 86 it 140/1704 loss 0.0158
[2026-04-29 12:32:53] INFO epoch 86 it 160/1704 loss 0.0151
[2026-04-29 12:32:53] INFO epoch 86 it 180/1704 loss 0.0155
[2026-04-29 12:32:53] INFO epoch 86 it 200/1704 loss 0.0158
[2026-04-29 12:32:53] INFO epoch 86 it 220/1704 loss 0.0155
[2026-04-29 12:32:54] INFO epoch 86 it 240/1704 loss 0.0161
[2026-04-29 12:32:54] INFO epoch 86 it 260/1704 loss 0.0148
[2026-04-29 12:32:54] INFO epoch 86 it 280/1704 loss 0.0145
[2026-04-29 12:32:54] INFO epoch 86 it 300/1704 loss 0.0154
[2026-04-29 12:32:54] INFO epoch 86 it 320/1704 loss 0.0154
[2026-04-29 12:32:55] INFO epoch 86 it 340/1704 loss 0.0151
[2026-04-29 12:32:55] INFO epoch 86 it 360/1704 loss 0.0158
[2026-04-29 12:32:55] INFO epoch 86 it 380/1704 loss 0.0151
[2026-04-29 12:32:55] INFO epoch 86 it 400/1704 loss 0.0157
[2026-04-29 12:32:56] INFO epoch 86 it 420/1704 loss 0.0171
[2026-04-29 12:32:56] INFO epoch 86 it 440/1704 loss 0.0159
[2026-04-29 12:32:56] INFO epoch 86 it 460/1704 loss 0.0148
[2026-04-29 12:32:56] INFO epoch 86 it 480/1704 loss 0.0160
[2026-04-29 12:32:56] INFO epoch 86 it 500/1704 loss 0.0160
[2026-04-29 12:32:57] INFO epoch 86 it 520/1704 loss 0.0158
[2026-04-29 12:32:57] INFO epoch 86 it 540/1704 loss 0.0159
[2026-04-29 12:32:57] INFO epoch 86 it 560/1704 loss 0.0154
[2026-04-29 12:32:57] INFO epoch 86 it 580/1704 loss 0.0155
[2026-04-29 12:32:58] INFO epoch 86 it 600/1704 loss 0.0154
[2026-04-29 12:32:58] INFO epoch 86 it 620/1704 loss 0.0164
[2026-04-29 12:32:58] INFO epoch 86 it 640/1704 loss 0.0155
[2026-04-29 12:32:58] INFO epoch 86 it 660/1704 loss 0.0157
[2026-04-29 12:32:58] INFO epoch 86 it 680/1704 loss 0.0169
[2026-04-29 12:32:59] INFO epoch 86 it 700/1704 loss 0.0152
[2026-04-29 12:32:59] INFO epoch 86 it 720/1704 loss 0.0147
[2026-04-29 12:32:59] INFO epoch 86 it 740/1704 loss 0.0153
[2026-04-29 12:32:59] INFO epoch 86 it 760/1704 loss 0.0152
[2026-04-29 12:33:00] INFO epoch 86 it 780/1704 loss 0.0162
[2026-04-29 12:33:00] INFO epoch 86 it 800/1704 loss 0.0163
[2026-04-29 12:33:00] INFO epoch 86 it 820/1704 loss 0.0151
[2026-04-29 12:33:00] INFO epoch 86 it 840/1704 loss 0.0157
[2026-04-29 12:33:00] INFO epoch 86 it 860/1704 loss 0.0150
[2026-04-29 12:33:01] INFO epoch 86 it 880/1704 loss 0.0159
[2026-04-29 12:33:01] INFO epoch 86 it 900/1704 loss 0.0141
[2026-04-29 12:33:01] INFO epoch 86 it 920/1704 loss 0.0146
[2026-04-29 12:33:01] INFO epoch 86 it 940/1704 loss 0.0149
[2026-04-29 12:33:02] INFO epoch 86 it 960/1704 loss 0.0148
[2026-04-29 12:33:02] INFO epoch 86 it 980/1704 loss 0.0150
[2026-04-29 12:33:02] INFO epoch 86 it 1000/1704 loss 0.0153
[2026-04-29 12:33:02] INFO epoch 86 it 1020/1704 loss 0.0158
[2026-04-29 12:33:02] INFO epoch 86 it 1040/1704 loss 0.0159
[2026-04-29 12:33:03] INFO epoch 86 it 1060/1704 loss 0.0152
[2026-04-29 12:33:03] INFO epoch 86 it 1080/1704 loss 0.0159
[2026-04-29 12:33:03] INFO epoch 86 it 1100/1704 loss 0.0159
[2026-04-29 12:33:03] INFO epoch 86 it 1120/1704 loss 0.0164
[2026-04-29 12:33:04] INFO epoch 86 it 1140/1704 loss 0.0148
[2026-04-29 12:33:04] INFO epoch 86 it 1160/1704 loss 0.0154
[2026-04-29 12:33:04] INFO epoch 86 it 1180/1704 loss 0.0158
[2026-04-29 12:33:04] INFO epoch 86 it 1200/1704 loss 0.0157
[2026-04-29 12:33:05] INFO epoch 86 it 1220/1704 loss 0.0152
[2026-04-29 12:33:05] INFO epoch 86 it 1240/1704 loss 0.0162
[2026-04-29 12:33:05] INFO epoch 86 it 1260/1704 loss 0.0153
[2026-04-29 12:33:05] INFO epoch 86 it 1280/1704 loss 0.0156
[2026-04-29 12:33:05] INFO epoch 86 it 1300/1704 loss 0.0163
[2026-04-29 12:33:06] INFO epoch 86 it 1320/1704 loss 0.0166
[2026-04-29 12:33:06] INFO epoch 86 it 1340/1704 loss 0.0159
[2026-04-29 12:33:06] INFO epoch 86 it 1360/1704 loss 0.0157
[2026-04-29 12:33:06] INFO epoch 86 it 1380/1704 loss 0.0165
[2026-04-29 12:33:07] INFO epoch 86 it 1400/1704 loss 0.0154
[2026-04-29 12:33:07] INFO epoch 86 it 1420/1704 loss 0.0157
[2026-04-29 12:33:07] INFO epoch 86 it 1440/1704 loss 0.0155
[2026-04-29 12:33:07] INFO epoch 86 it 1460/1704 loss 0.0151
[2026-04-29 12:33:07] INFO epoch 86 it 1480/1704 loss 0.0164
[2026-04-29 12:33:08] INFO epoch 86 it 1500/1704 loss 0.0155
[2026-04-29 12:33:08] INFO epoch 86 it 1520/1704 loss 0.0154
[2026-04-29 12:33:08] INFO epoch 86 it 1540/1704 loss 0.0145
[2026-04-29 12:33:08] INFO epoch 86 it 1560/1704 loss 0.0166
[2026-04-29 12:33:09] INFO epoch 86 it 1580/1704 loss 0.0156
[2026-04-29 12:33:09] INFO epoch 86 it 1600/1704 loss 0.0145
[2026-04-29 12:33:09] INFO epoch 86 it 1620/1704 loss 0.0163
[2026-04-29 12:33:09] INFO epoch 86 it 1640/1704 loss 0.0165
[2026-04-29 12:33:09] INFO epoch 86 it 1660/1704 loss 0.0151
[2026-04-29 12:33:10] INFO epoch 86 it 1680/1704 loss 0.0157
[2026-04-29 12:33:10] INFO epoch 86 it 1700/1704 loss 0.0150
[2026-04-29 12:33:11] INFO epoch 86 done in 62.2s lr=6.01e-05
[2026-04-29 12:33:49] INFO epoch 86 val MAE(HU): 26.34
[2026-04-29 12:34:31] INFO epoch 87 it 20/1704 loss 0.0156
[2026-04-29 12:34:31] INFO epoch 87 it 40/1704 loss 0.0149
[2026-04-29 12:34:31] INFO epoch 87 it 60/1704 loss 0.0149
[2026-04-29 12:34:32] INFO epoch 87 it 80/1704 loss 0.0151
[2026-04-29 12:34:32] INFO epoch 87 it 100/1704 loss 0.0156
[2026-04-29 12:34:32] INFO epoch 87 it 120/1704 loss 0.0153
[2026-04-29 12:34:32] INFO epoch 87 it 140/1704 loss 0.0152
[2026-04-29 12:34:33] INFO epoch 87 it 160/1704 loss 0.0154
[2026-04-29 12:34:33] INFO epoch 87 it 180/1704 loss 0.0157
[2026-04-29 12:34:33] INFO epoch 87 it 200/1704 loss 0.0147
[2026-04-29 12:34:33] INFO epoch 87 it 220/1704 loss 0.0154
[2026-04-29 12:34:33] INFO epoch 87 it 240/1704 loss 0.0149
[2026-04-29 12:34:34] INFO epoch 87 it 260/1704 loss 0.0162
[2026-04-29 12:34:34] INFO epoch 87 it 280/1704 loss 0.0157
[2026-04-29 12:34:34] INFO epoch 87 it 300/1704 loss 0.0162
[2026-04-29 12:34:34] INFO epoch 87 it 320/1704 loss 0.0155
[2026-04-29 12:34:35] INFO epoch 87 it 340/1704 loss 0.0150
[2026-04-29 12:34:35] INFO epoch 87 it 360/1704 loss 0.0154
[2026-04-29 12:34:35] INFO epoch 87 it 380/1704 loss 0.0159
[2026-04-29 12:34:35] INFO epoch 87 it 400/1704 loss 0.0153
[2026-04-29 12:34:35] INFO epoch 87 it 420/1704 loss 0.0153
[2026-04-29 12:34:36] INFO epoch 87 it 440/1704 loss 0.0158
[2026-04-29 12:34:36] INFO epoch 87 it 460/1704 loss 0.0157
[2026-04-29 12:34:36] INFO epoch 87 it 480/1704 loss 0.0150
[2026-04-29 12:34:36] INFO epoch 87 it 500/1704 loss 0.0162
[2026-04-29 12:34:37] INFO epoch 87 it 520/1704 loss 0.0159
[2026-04-29 12:34:37] INFO epoch 87 it 540/1704 loss 0.0153
[2026-04-29 12:34:37] INFO epoch 87 it 560/1704 loss 0.0153
[2026-04-29 12:34:37] INFO epoch 87 it 580/1704 loss 0.0156
[2026-04-29 12:34:37] INFO epoch 87 it 600/1704 loss 0.0158
[2026-04-29 12:34:38] INFO epoch 87 it 620/1704 loss 0.0153
[2026-04-29 12:34:38] INFO epoch 87 it 640/1704 loss 0.0160
[2026-04-29 12:34:38] INFO epoch 87 it 660/1704 loss 0.0164
[2026-04-29 12:34:38] INFO epoch 87 it 680/1704 loss 0.0137
[2026-04-29 12:34:39] INFO epoch 87 it 700/1704 loss 0.0163
[2026-04-29 12:34:39] INFO epoch 87 it 720/1704 loss 0.0155
[2026-04-29 12:34:39] INFO epoch 87 it 740/1704 loss 0.0159
[2026-04-29 12:34:39] INFO epoch 87 it 760/1704 loss 0.0148
[2026-04-29 12:34:39] INFO epoch 87 it 780/1704 loss 0.0155
[2026-04-29 12:34:40] INFO epoch 87 it 800/1704 loss 0.0151
[2026-04-29 12:34:40] INFO epoch 87 it 820/1704 loss 0.0147
[2026-04-29 12:34:40] INFO epoch 87 it 840/1704 loss 0.0163
[2026-04-29 12:34:40] INFO epoch 87 it 860/1704 loss 0.0153
[2026-04-29 12:34:41] INFO epoch 87 it 880/1704 loss 0.0163
[2026-04-29 12:34:41] INFO epoch 87 it 900/1704 loss 0.0149
[2026-04-29 12:34:41] INFO epoch 87 it 920/1704 loss 0.0151
[2026-04-29 12:34:41] INFO epoch 87 it 940/1704 loss 0.0155
[2026-04-29 12:34:41] INFO epoch 87 it 960/1704 loss 0.0155
[2026-04-29 12:34:42] INFO epoch 87 it 980/1704 loss 0.0159
[2026-04-29 12:34:42] INFO epoch 87 it 1000/1704 loss 0.0154
[2026-04-29 12:34:42] INFO epoch 87 it 1020/1704 loss 0.0154
[2026-04-29 12:34:42] INFO epoch 87 it 1040/1704 loss 0.0149
[2026-04-29 12:34:43] INFO epoch 87 it 1060/1704 loss 0.0159
[2026-04-29 12:34:43] INFO epoch 87 it 1080/1704 loss 0.0151
[2026-04-29 12:34:43] INFO epoch 87 it 1100/1704 loss 0.0164
[2026-04-29 12:34:43] INFO epoch 87 it 1120/1704 loss 0.0155
[2026-04-29 12:34:43] INFO epoch 87 it 1140/1704 loss 0.0155
[2026-04-29 12:34:44] INFO epoch 87 it 1160/1704 loss 0.0148
[2026-04-29 12:34:44] INFO epoch 87 it 1180/1704 loss 0.0163
[2026-04-29 12:34:44] INFO epoch 87 it 1200/1704 loss 0.0173
[2026-04-29 12:34:44] INFO epoch 87 it 1220/1704 loss 0.0159
[2026-04-29 12:34:45] INFO epoch 87 it 1240/1704 loss 0.0162
[2026-04-29 12:34:45] INFO epoch 87 it 1260/1704 loss 0.0148
[2026-04-29 12:34:45] INFO epoch 87 it 1280/1704 loss 0.0157
[2026-04-29 12:34:45] INFO epoch 87 it 1300/1704 loss 0.0153
[2026-04-29 12:34:45] INFO epoch 87 it 1320/1704 loss 0.0148
[2026-04-29 12:34:46] INFO epoch 87 it 1340/1704 loss 0.0161
[2026-04-29 12:34:46] INFO epoch 87 it 1360/1704 loss 0.0160
[2026-04-29 12:34:46] INFO epoch 87 it 1380/1704 loss 0.0163
[2026-04-29 12:34:46] INFO epoch 87 it 1400/1704 loss 0.0155
[2026-04-29 12:34:47] INFO epoch 87 it 1420/1704 loss 0.0153
[2026-04-29 12:34:47] INFO epoch 87 it 1440/1704 loss 0.0156
[2026-04-29 12:34:47] INFO epoch 87 it 1460/1704 loss 0.0159
[2026-04-29 12:34:47] INFO epoch 87 it 1480/1704 loss 0.0171
[2026-04-29 12:34:47] INFO epoch 87 it 1500/1704 loss 0.0147
[2026-04-29 12:34:48] INFO epoch 87 it 1520/1704 loss 0.0153
[2026-04-29 12:34:48] INFO epoch 87 it 1540/1704 loss 0.0157
[2026-04-29 12:34:48] INFO epoch 87 it 1560/1704 loss 0.0158
[2026-04-29 12:34:48] INFO epoch 87 it 1580/1704 loss 0.0162
[2026-04-29 12:34:49] INFO epoch 87 it 1600/1704 loss 0.0154
[2026-04-29 12:34:49] INFO epoch 87 it 1620/1704 loss 0.0161
[2026-04-29 12:34:49] INFO epoch 87 it 1640/1704 loss 0.0154
[2026-04-29 12:34:49] INFO epoch 87 it 1660/1704 loss 0.0147
[2026-04-29 12:34:49] INFO epoch 87 it 1680/1704 loss 0.0156
[2026-04-29 12:34:50] INFO epoch 87 it 1700/1704 loss 0.0150
[2026-04-29 12:34:51] INFO epoch 87 done in 61.9s lr=5.94e-05
[2026-04-29 12:35:29] INFO epoch 87 val MAE(HU): 26.28
[2026-04-29 12:36:11] INFO epoch 88 it 20/1704 loss 0.0154
[2026-04-29 12:36:11] INFO epoch 88 it 40/1704 loss 0.0159
[2026-04-29 12:36:11] INFO epoch 88 it 60/1704 loss 0.0154
[2026-04-29 12:36:11] INFO epoch 88 it 80/1704 loss 0.0148
[2026-04-29 12:36:12] INFO epoch 88 it 100/1704 loss 0.0154
[2026-04-29 12:36:12] INFO epoch 88 it 120/1704 loss 0.0153
[2026-04-29 12:36:12] INFO epoch 88 it 140/1704 loss 0.0156
[2026-04-29 12:36:12] INFO epoch 88 it 160/1704 loss 0.0164
[2026-04-29 12:36:13] INFO epoch 88 it 180/1704 loss 0.0155
[2026-04-29 12:36:13] INFO epoch 88 it 200/1704 loss 0.0152
[2026-04-29 12:36:13] INFO epoch 88 it 220/1704 loss 0.0156
[2026-04-29 12:36:13] INFO epoch 88 it 240/1704 loss 0.0152
[2026-04-29 12:36:13] INFO epoch 88 it 260/1704 loss 0.0154
[2026-04-29 12:36:14] INFO epoch 88 it 280/1704 loss 0.0161
[2026-04-29 12:36:14] INFO epoch 88 it 300/1704 loss 0.0150
[2026-04-29 12:36:14] INFO epoch 88 it 320/1704 loss 0.0150
[2026-04-29 12:36:14] INFO epoch 88 it 340/1704 loss 0.0159
[2026-04-29 12:36:15] INFO epoch 88 it 360/1704 loss 0.0147
[2026-04-29 12:36:15] INFO epoch 88 it 380/1704 loss 0.0156
[2026-04-29 12:36:15] INFO epoch 88 it 400/1704 loss 0.0168
[2026-04-29 12:36:15] INFO epoch 88 it 420/1704 loss 0.0147
[2026-04-29 12:36:15] INFO epoch 88 it 440/1704 loss 0.0158
[2026-04-29 12:36:16] INFO epoch 88 it 460/1704 loss 0.0161
[2026-04-29 12:36:16] INFO epoch 88 it 480/1704 loss 0.0154
[2026-04-29 12:36:16] INFO epoch 88 it 500/1704 loss 0.0164
[2026-04-29 12:36:16] INFO epoch 88 it 520/1704 loss 0.0156
[2026-04-29 12:36:17] INFO epoch 88 it 540/1704 loss 0.0149
[2026-04-29 12:36:17] INFO epoch 88 it 560/1704 loss 0.0160
[2026-04-29 12:36:17] INFO epoch 88 it 580/1704 loss 0.0146
[2026-04-29 12:36:17] INFO epoch 88 it 600/1704 loss 0.0162
[2026-04-29 12:36:17] INFO epoch 88 it 620/1704 loss 0.0150
[2026-04-29 12:36:18] INFO epoch 88 it 640/1704 loss 0.0153
[2026-04-29 12:36:18] INFO epoch 88 it 660/1704 loss 0.0156
[2026-04-29 12:36:18] INFO epoch 88 it 680/1704 loss 0.0167
[2026-04-29 12:36:18] INFO epoch 88 it 700/1704 loss 0.0152
[2026-04-29 12:36:19] INFO epoch 88 it 720/1704 loss 0.0150
[2026-04-29 12:36:19] INFO epoch 88 it 740/1704 loss 0.0163
[2026-04-29 12:36:19] INFO epoch 88 it 760/1704 loss 0.0155
[2026-04-29 12:36:19] INFO epoch 88 it 780/1704 loss 0.0154
[2026-04-29 12:36:20] INFO epoch 88 it 800/1704 loss 0.0151
[2026-04-29 12:36:20] INFO epoch 88 it 820/1704 loss 0.0143
[2026-04-29 12:36:20] INFO epoch 88 it 840/1704 loss 0.0153
[2026-04-29 12:36:20] INFO epoch 88 it 860/1704 loss 0.0160
[2026-04-29 12:36:20] INFO epoch 88 it 880/1704 loss 0.0156
[2026-04-29 12:36:21] INFO epoch 88 it 900/1704 loss 0.0153
[2026-04-29 12:36:21] INFO epoch 88 it 920/1704 loss 0.0159
[2026-04-29 12:36:21] INFO epoch 88 it 940/1704 loss 0.0152
[2026-04-29 12:36:21] INFO epoch 88 it 960/1704 loss 0.0160
[2026-04-29 12:36:22] INFO epoch 88 it 980/1704 loss 0.0155
[2026-04-29 12:36:22] INFO epoch 88 it 1000/1704 loss 0.0159
[2026-04-29 12:36:22] INFO epoch 88 it 1020/1704 loss 0.0166
[2026-04-29 12:36:22] INFO epoch 88 it 1040/1704 loss 0.0163
[2026-04-29 12:36:22] INFO epoch 88 it 1060/1704 loss 0.0148
[2026-04-29 12:36:23] INFO epoch 88 it 1080/1704 loss 0.0156
[2026-04-29 12:36:23] INFO epoch 88 it 1100/1704 loss 0.0150
[2026-04-29 12:36:23] INFO epoch 88 it 1120/1704 loss 0.0147
[2026-04-29 12:36:23] INFO epoch 88 it 1140/1704 loss 0.0150
[2026-04-29 12:36:24] INFO epoch 88 it 1160/1704 loss 0.0155
[2026-04-29 12:36:24] INFO epoch 88 it 1180/1704 loss 0.0159
[2026-04-29 12:36:24] INFO epoch 88 it 1200/1704 loss 0.0162
[2026-04-29 12:36:24] INFO epoch 88 it 1220/1704 loss 0.0163
[2026-04-29 12:36:24] INFO epoch 88 it 1240/1704 loss 0.0162
[2026-04-29 12:36:25] INFO epoch 88 it 1260/1704 loss 0.0155
[2026-04-29 12:36:25] INFO epoch 88 it 1280/1704 loss 0.0152
[2026-04-29 12:36:25] INFO epoch 88 it 1300/1704 loss 0.0153
[2026-04-29 12:36:25] INFO epoch 88 it 1320/1704 loss 0.0166
[2026-04-29 12:36:26] INFO epoch 88 it 1340/1704 loss 0.0151
[2026-04-29 12:36:26] INFO epoch 88 it 1360/1704 loss 0.0148
[2026-04-29 12:36:26] INFO epoch 88 it 1380/1704 loss 0.0137
[2026-04-29 12:36:26] INFO epoch 88 it 1400/1704 loss 0.0160
[2026-04-29 12:36:26] INFO epoch 88 it 1420/1704 loss 0.0160
[2026-04-29 12:36:27] INFO epoch 88 it 1440/1704 loss 0.0146
[2026-04-29 12:36:27] INFO epoch 88 it 1460/1704 loss 0.0165
[2026-04-29 12:36:27] INFO epoch 88 it 1480/1704 loss 0.0161
[2026-04-29 12:36:27] INFO epoch 88 it 1500/1704 loss 0.0139
[2026-04-29 12:36:28] INFO epoch 88 it 1520/1704 loss 0.0155
[2026-04-29 12:36:28] INFO epoch 88 it 1540/1704 loss 0.0167
[2026-04-29 12:36:28] INFO epoch 88 it 1560/1704 loss 0.0161
[2026-04-29 12:36:28] INFO epoch 88 it 1580/1704 loss 0.0155
[2026-04-29 12:36:28] INFO epoch 88 it 1600/1704 loss 0.0151
[2026-04-29 12:36:29] INFO epoch 88 it 1620/1704 loss 0.0158
[2026-04-29 12:36:29] INFO epoch 88 it 1640/1704 loss 0.0151
[2026-04-29 12:36:29] INFO epoch 88 it 1660/1704 loss 0.0150
[2026-04-29 12:36:29] INFO epoch 88 it 1680/1704 loss 0.0166
[2026-04-29 12:36:30] INFO epoch 88 it 1700/1704 loss 0.0159
[2026-04-29 12:36:31] INFO epoch 88 done in 62.1s lr=5.86e-05
[2026-04-29 12:37:09] INFO epoch 88 val MAE(HU): 26.34
[2026-04-29 12:37:50] INFO epoch 89 it 20/1704 loss 0.0150
[2026-04-29 12:37:51] INFO epoch 89 it 40/1704 loss 0.0161
[2026-04-29 12:37:51] INFO epoch 89 it 60/1704 loss 0.0162
[2026-04-29 12:37:51] INFO epoch 89 it 80/1704 loss 0.0149
[2026-04-29 12:37:51] INFO epoch 89 it 100/1704 loss 0.0151
[2026-04-29 12:37:52] INFO epoch 89 it 120/1704 loss 0.0153
[2026-04-29 12:37:52] INFO epoch 89 it 140/1704 loss 0.0150
[2026-04-29 12:37:52] INFO epoch 89 it 160/1704 loss 0.0152
[2026-04-29 12:37:52] INFO epoch 89 it 180/1704 loss 0.0152
[2026-04-29 12:37:52] INFO epoch 89 it 200/1704 loss 0.0150
[2026-04-29 12:37:53] INFO epoch 89 it 220/1704 loss 0.0166
[2026-04-29 12:37:53] INFO epoch 89 it 240/1704 loss 0.0150
[2026-04-29 12:37:53] INFO epoch 89 it 260/1704 loss 0.0147
[2026-04-29 12:37:53] INFO epoch 89 it 280/1704 loss 0.0161
[2026-04-29 12:37:54] INFO epoch 89 it 300/1704 loss 0.0157
[2026-04-29 12:37:54] INFO epoch 89 it 320/1704 loss 0.0154
[2026-04-29 12:37:54] INFO epoch 89 it 340/1704 loss 0.0157
[2026-04-29 12:37:54] INFO epoch 89 it 360/1704 loss 0.0166
[2026-04-29 12:37:54] INFO epoch 89 it 380/1704 loss 0.0152
[2026-04-29 12:37:55] INFO epoch 89 it 400/1704 loss 0.0158
[2026-04-29 12:37:55] INFO epoch 89 it 420/1704 loss 0.0151
[2026-04-29 12:37:55] INFO epoch 89 it 440/1704 loss 0.0144
[2026-04-29 12:37:55] INFO epoch 89 it 460/1704 loss 0.0152
[2026-04-29 12:37:56] INFO epoch 89 it 480/1704 loss 0.0146
[2026-04-29 12:37:56] INFO epoch 89 it 500/1704 loss 0.0161
[2026-04-29 12:37:56] INFO epoch 89 it 520/1704 loss 0.0156
[2026-04-29 12:37:56] INFO epoch 89 it 540/1704 loss 0.0159
[2026-04-29 12:37:57] INFO epoch 89 it 560/1704 loss 0.0153
[2026-04-29 12:37:57] INFO epoch 89 it 580/1704 loss 0.0158
[2026-04-29 12:37:57] INFO epoch 89 it 600/1704 loss 0.0155
[2026-04-29 12:37:57] INFO epoch 89 it 620/1704 loss 0.0161
[2026-04-29 12:37:57] INFO epoch 89 it 640/1704 loss 0.0159
[2026-04-29 12:37:58] INFO epoch 89 it 660/1704 loss 0.0154
[2026-04-29 12:37:58] INFO epoch 89 it 680/1704 loss 0.0152
[2026-04-29 12:37:58] INFO epoch 89 it 700/1704 loss 0.0156
[2026-04-29 12:37:58] INFO epoch 89 it 720/1704 loss 0.0162
[2026-04-29 12:37:59] INFO epoch 89 it 740/1704 loss 0.0148
[2026-04-29 12:37:59] INFO epoch 89 it 760/1704 loss 0.0155
[2026-04-29 12:37:59] INFO epoch 89 it 780/1704 loss 0.0148
[2026-04-29 12:37:59] INFO epoch 89 it 800/1704 loss 0.0147
[2026-04-29 12:37:59] INFO epoch 89 it 820/1704 loss 0.0157
[2026-04-29 12:38:00] INFO epoch 89 it 840/1704 loss 0.0153
[2026-04-29 12:38:00] INFO epoch 89 it 860/1704 loss 0.0163
[2026-04-29 12:38:00] INFO epoch 89 it 880/1704 loss 0.0160
[2026-04-29 12:38:00] INFO epoch 89 it 900/1704 loss 0.0160
[2026-04-29 12:38:01] INFO epoch 89 it 920/1704 loss 0.0155
[2026-04-29 12:38:01] INFO epoch 89 it 940/1704 loss 0.0158
[2026-04-29 12:38:01] INFO epoch 89 it 960/1704 loss 0.0149
[2026-04-29 12:38:01] INFO epoch 89 it 980/1704 loss 0.0159
[2026-04-29 12:38:01] INFO epoch 89 it 1000/1704 loss 0.0159
[2026-04-29 12:38:02] INFO epoch 89 it 1020/1704 loss 0.0155
[2026-04-29 12:38:02] INFO epoch 89 it 1040/1704 loss 0.0147
[2026-04-29 12:38:02] INFO epoch 89 it 1060/1704 loss 0.0161
[2026-04-29 12:38:02] INFO epoch 89 it 1080/1704 loss 0.0156
[2026-04-29 12:38:03] INFO epoch 89 it 1100/1704 loss 0.0153
[2026-04-29 12:38:03] INFO epoch 89 it 1120/1704 loss 0.0146
[2026-04-29 12:38:03] INFO epoch 89 it 1140/1704 loss 0.0160
[2026-04-29 12:38:03] INFO epoch 89 it 1160/1704 loss 0.0147
[2026-04-29 12:38:04] INFO epoch 89 it 1180/1704 loss 0.0153
[2026-04-29 12:38:04] INFO epoch 89 it 1200/1704 loss 0.0162
[2026-04-29 12:38:04] INFO epoch 89 it 1220/1704 loss 0.0155
[2026-04-29 12:38:04] INFO epoch 89 it 1240/1704 loss 0.0149
[2026-04-29 12:38:04] INFO epoch 89 it 1260/1704 loss 0.0156
[2026-04-29 12:38:05] INFO epoch 89 it 1280/1704 loss 0.0157
[2026-04-29 12:38:05] INFO epoch 89 it 1300/1704 loss 0.0154
[2026-04-29 12:38:05] INFO epoch 89 it 1320/1704 loss 0.0153
[2026-04-29 12:38:05] INFO epoch 89 it 1340/1704 loss 0.0159
[2026-04-29 12:38:06] INFO epoch 89 it 1360/1704 loss 0.0160
[2026-04-29 12:38:06] INFO epoch 89 it 1380/1704 loss 0.0161
[2026-04-29 12:38:06] INFO epoch 89 it 1400/1704 loss 0.0156
[2026-04-29 12:38:06] INFO epoch 89 it 1420/1704 loss 0.0157
[2026-04-29 12:38:06] INFO epoch 89 it 1440/1704 loss 0.0157
[2026-04-29 12:38:07] INFO epoch 89 it 1460/1704 loss 0.0157
[2026-04-29 12:38:07] INFO epoch 89 it 1480/1704 loss 0.0145
[2026-04-29 12:38:07] INFO epoch 89 it 1500/1704 loss 0.0144
[2026-04-29 12:38:07] INFO epoch 89 it 1520/1704 loss 0.0161
[2026-04-29 12:38:08] INFO epoch 89 it 1540/1704 loss 0.0155
[2026-04-29 12:38:08] INFO epoch 89 it 1560/1704 loss 0.0149
[2026-04-29 12:38:08] INFO epoch 89 it 1580/1704 loss 0.0159
[2026-04-29 12:38:08] INFO epoch 89 it 1600/1704 loss 0.0157
[2026-04-29 12:38:08] INFO epoch 89 it 1620/1704 loss 0.0149
[2026-04-29 12:38:09] INFO epoch 89 it 1640/1704 loss 0.0142
[2026-04-29 12:38:09] INFO epoch 89 it 1660/1704 loss 0.0155
[2026-04-29 12:38:09] INFO epoch 89 it 1680/1704 loss 0.0156
[2026-04-29 12:38:09] INFO epoch 89 it 1700/1704 loss 0.0167
[2026-04-29 12:38:11] INFO epoch 89 done in 62.0s lr=5.78e-05
[2026-04-29 12:38:48] INFO epoch 89 val MAE(HU): 26.37
[2026-04-29 12:39:30] INFO epoch 90 it 20/1704 loss 0.0167
[2026-04-29 12:39:30] INFO epoch 90 it 40/1704 loss 0.0161
[2026-04-29 12:39:31] INFO epoch 90 it 60/1704 loss 0.0161
[2026-04-29 12:39:31] INFO epoch 90 it 80/1704 loss 0.0152
[2026-04-29 12:39:31] INFO epoch 90 it 100/1704 loss 0.0149
[2026-04-29 12:39:31] INFO epoch 90 it 120/1704 loss 0.0154
[2026-04-29 12:39:32] INFO epoch 90 it 140/1704 loss 0.0149
[2026-04-29 12:39:32] INFO epoch 90 it 160/1704 loss 0.0149
[2026-04-29 12:39:32] INFO epoch 90 it 180/1704 loss 0.0157
[2026-04-29 12:39:32] INFO epoch 90 it 200/1704 loss 0.0159
[2026-04-29 12:39:32] INFO epoch 90 it 220/1704 loss 0.0148
[2026-04-29 12:39:33] INFO epoch 90 it 240/1704 loss 0.0152
[2026-04-29 12:39:33] INFO epoch 90 it 260/1704 loss 0.0151
[2026-04-29 12:39:33] INFO epoch 90 it 280/1704 loss 0.0155
[2026-04-29 12:39:33] INFO epoch 90 it 300/1704 loss 0.0162
[2026-04-29 12:39:34] INFO epoch 90 it 320/1704 loss 0.0149
[2026-04-29 12:39:34] INFO epoch 90 it 340/1704 loss 0.0155
[2026-04-29 12:39:34] INFO epoch 90 it 360/1704 loss 0.0161
[2026-04-29 12:39:34] INFO epoch 90 it 380/1704 loss 0.0152
[2026-04-29 12:39:34] INFO epoch 90 it 400/1704 loss 0.0150
[2026-04-29 12:39:35] INFO epoch 90 it 420/1704 loss 0.0146
[2026-04-29 12:39:35] INFO epoch 90 it 440/1704 loss 0.0157
[2026-04-29 12:39:35] INFO epoch 90 it 460/1704 loss 0.0156
[2026-04-29 12:39:35] INFO epoch 90 it 480/1704 loss 0.0160
[2026-04-29 12:39:36] INFO epoch 90 it 500/1704 loss 0.0149
[2026-04-29 12:39:36] INFO epoch 90 it 520/1704 loss 0.0158
[2026-04-29 12:39:36] INFO epoch 90 it 540/1704 loss 0.0153
[2026-04-29 12:39:36] INFO epoch 90 it 560/1704 loss 0.0155
[2026-04-29 12:39:36] INFO epoch 90 it 580/1704 loss 0.0160
[2026-04-29 12:39:37] INFO epoch 90 it 600/1704 loss 0.0153
[2026-04-29 12:39:37] INFO epoch 90 it 620/1704 loss 0.0157
[2026-04-29 12:39:37] INFO epoch 90 it 640/1704 loss 0.0140
[2026-04-29 12:39:37] INFO epoch 90 it 660/1704 loss 0.0152
[2026-04-29 12:39:38] INFO epoch 90 it 680/1704 loss 0.0161
[2026-04-29 12:39:38] INFO epoch 90 it 700/1704 loss 0.0153
[2026-04-29 12:39:38] INFO epoch 90 it 720/1704 loss 0.0154
[2026-04-29 12:39:38] INFO epoch 90 it 740/1704 loss 0.0152
[2026-04-29 12:39:38] INFO epoch 90 it 760/1704 loss 0.0148
[2026-04-29 12:39:39] INFO epoch 90 it 780/1704 loss 0.0154
[2026-04-29 12:39:39] INFO epoch 90 it 800/1704 loss 0.0151
[2026-04-29 12:39:39] INFO epoch 90 it 820/1704 loss 0.0153
[2026-04-29 12:39:39] INFO epoch 90 it 840/1704 loss 0.0155
[2026-04-29 12:39:40] INFO epoch 90 it 860/1704 loss 0.0154
[2026-04-29 12:39:40] INFO epoch 90 it 880/1704 loss 0.0158
[2026-04-29 12:39:40] INFO epoch 90 it 900/1704 loss 0.0153
[2026-04-29 12:39:40] INFO epoch 90 it 920/1704 loss 0.0143
[2026-04-29 12:39:40] INFO epoch 90 it 940/1704 loss 0.0155
[2026-04-29 12:39:41] INFO epoch 90 it 960/1704 loss 0.0155
[2026-04-29 12:39:41] INFO epoch 90 it 980/1704 loss 0.0153
[2026-04-29 12:39:41] INFO epoch 90 it 1000/1704 loss 0.0162
[2026-04-29 12:39:41] INFO epoch 90 it 1020/1704 loss 0.0160
[2026-04-29 12:39:42] INFO epoch 90 it 1040/1704 loss 0.0155
[2026-04-29 12:39:42] INFO epoch 90 it 1060/1704 loss 0.0149
[2026-04-29 12:39:42] INFO epoch 90 it 1080/1704 loss 0.0159
[2026-04-29 12:39:42] INFO epoch 90 it 1100/1704 loss 0.0149
[2026-04-29 12:39:42] INFO epoch 90 it 1120/1704 loss 0.0155
[2026-04-29 12:39:43] INFO epoch 90 it 1140/1704 loss 0.0153
[2026-04-29 12:39:43] INFO epoch 90 it 1160/1704 loss 0.0156
[2026-04-29 12:39:43] INFO epoch 90 it 1180/1704 loss 0.0151
[2026-04-29 12:39:43] INFO epoch 90 it 1200/1704 loss 0.0147
[2026-04-29 12:39:44] INFO epoch 90 it 1220/1704 loss 0.0150
[2026-04-29 12:39:44] INFO epoch 90 it 1240/1704 loss 0.0160
[2026-04-29 12:39:44] INFO epoch 90 it 1260/1704 loss 0.0156
[2026-04-29 12:39:44] INFO epoch 90 it 1280/1704 loss 0.0154
[2026-04-29 12:39:44] INFO epoch 90 it 1300/1704 loss 0.0156
[2026-04-29 12:39:45] INFO epoch 90 it 1320/1704 loss 0.0147
[2026-04-29 12:39:45] INFO epoch 90 it 1340/1704 loss 0.0148
[2026-04-29 12:39:45] INFO epoch 90 it 1360/1704 loss 0.0152
[2026-04-29 12:39:45] INFO epoch 90 it 1380/1704 loss 0.0150
[2026-04-29 12:39:46] INFO epoch 90 it 1400/1704 loss 0.0151
[2026-04-29 12:39:46] INFO epoch 90 it 1420/1704 loss 0.0148
[2026-04-29 12:39:46] INFO epoch 90 it 1440/1704 loss 0.0160
[2026-04-29 12:39:46] INFO epoch 90 it 1460/1704 loss 0.0159
[2026-04-29 12:39:46] INFO epoch 90 it 1480/1704 loss 0.0159
[2026-04-29 12:39:47] INFO epoch 90 it 1500/1704 loss 0.0160
[2026-04-29 12:39:47] INFO epoch 90 it 1520/1704 loss 0.0161
[2026-04-29 12:39:47] INFO epoch 90 it 1540/1704 loss 0.0153
[2026-04-29 12:39:47] INFO epoch 90 it 1560/1704 loss 0.0154
[2026-04-29 12:39:47] INFO epoch 90 it 1580/1704 loss 0.0147
[2026-04-29 12:39:48] INFO epoch 90 it 1600/1704 loss 0.0147
[2026-04-29 12:39:48] INFO epoch 90 it 1620/1704 loss 0.0153
[2026-04-29 12:39:48] INFO epoch 90 it 1640/1704 loss 0.0161
[2026-04-29 12:39:48] INFO epoch 90 it 1660/1704 loss 0.0152
[2026-04-29 12:39:49] INFO epoch 90 it 1680/1704 loss 0.0156
[2026-04-29 12:39:49] INFO epoch 90 it 1700/1704 loss 0.0162
[2026-04-29 12:39:50] INFO epoch 90 done in 61.8s lr=5.70e-05
[2026-04-29 12:40:28] INFO epoch 90 val MAE(HU): 26.34
[2026-04-29 12:41:10] INFO epoch 91 it 20/1704 loss 0.0150
[2026-04-29 12:41:10] INFO epoch 91 it 40/1704 loss 0.0156
[2026-04-29 12:41:10] INFO epoch 91 it 60/1704 loss 0.0150
[2026-04-29 12:41:10] INFO epoch 91 it 80/1704 loss 0.0148
[2026-04-29 12:41:11] INFO epoch 91 it 100/1704 loss 0.0155
[2026-04-29 12:41:11] INFO epoch 91 it 120/1704 loss 0.0159
[2026-04-29 12:41:11] INFO epoch 91 it 140/1704 loss 0.0160
[2026-04-29 12:41:11] INFO epoch 91 it 160/1704 loss 0.0150
[2026-04-29 12:41:12] INFO epoch 91 it 180/1704 loss 0.0147
[2026-04-29 12:41:12] INFO epoch 91 it 200/1704 loss 0.0150
[2026-04-29 12:41:12] INFO epoch 91 it 220/1704 loss 0.0165
[2026-04-29 12:41:12] INFO epoch 91 it 240/1704 loss 0.0168
[2026-04-29 12:41:12] INFO epoch 91 it 260/1704 loss 0.0144
[2026-04-29 12:41:13] INFO epoch 91 it 280/1704 loss 0.0153
[2026-04-29 12:41:13] INFO epoch 91 it 300/1704 loss 0.0148
[2026-04-29 12:41:13] INFO epoch 91 it 320/1704 loss 0.0151
[2026-04-29 12:41:13] INFO epoch 91 it 340/1704 loss 0.0150
[2026-04-29 12:41:14] INFO epoch 91 it 360/1704 loss 0.0152
[2026-04-29 12:41:14] INFO epoch 91 it 380/1704 loss 0.0150
[2026-04-29 12:41:14] INFO epoch 91 it 400/1704 loss 0.0160
[2026-04-29 12:41:14] INFO epoch 91 it 420/1704 loss 0.0153
[2026-04-29 12:41:14] INFO epoch 91 it 440/1704 loss 0.0152
[2026-04-29 12:41:15] INFO epoch 91 it 460/1704 loss 0.0153
[2026-04-29 12:41:15] INFO epoch 91 it 480/1704 loss 0.0148
[2026-04-29 12:41:15] INFO epoch 91 it 500/1704 loss 0.0157
[2026-04-29 12:41:15] INFO epoch 91 it 520/1704 loss 0.0144
[2026-04-29 12:41:16] INFO epoch 91 it 540/1704 loss 0.0149
[2026-04-29 12:41:16] INFO epoch 91 it 560/1704 loss 0.0143
[2026-04-29 12:41:16] INFO epoch 91 it 580/1704 loss 0.0155
[2026-04-29 12:41:16] INFO epoch 91 it 600/1704 loss 0.0159
[2026-04-29 12:41:16] INFO epoch 91 it 620/1704 loss 0.0155
[2026-04-29 12:41:17] INFO epoch 91 it 640/1704 loss 0.0150
[2026-04-29 12:41:17] INFO epoch 91 it 660/1704 loss 0.0151
[2026-04-29 12:41:17] INFO epoch 91 it 680/1704 loss 0.0153
[2026-04-29 12:41:17] INFO epoch 91 it 700/1704 loss 0.0156
[2026-04-29 12:41:18] INFO epoch 91 it 720/1704 loss 0.0163
[2026-04-29 12:41:18] INFO epoch 91 it 740/1704 loss 0.0157
[2026-04-29 12:41:18] INFO epoch 91 it 760/1704 loss 0.0151
[2026-04-29 12:41:18] INFO epoch 91 it 780/1704 loss 0.0147
[2026-04-29 12:41:18] INFO epoch 91 it 800/1704 loss 0.0150
[2026-04-29 12:41:19] INFO epoch 91 it 820/1704 loss 0.0144
[2026-04-29 12:41:19] INFO epoch 91 it 840/1704 loss 0.0152
[2026-04-29 12:41:19] INFO epoch 91 it 860/1704 loss 0.0167
[2026-04-29 12:41:19] INFO epoch 91 it 880/1704 loss 0.0158
[2026-04-29 12:41:20] INFO epoch 91 it 900/1704 loss 0.0161
[2026-04-29 12:41:20] INFO epoch 91 it 920/1704 loss 0.0146
[2026-04-29 12:41:20] INFO epoch 91 it 940/1704 loss 0.0148
[2026-04-29 12:41:20] INFO epoch 91 it 960/1704 loss 0.0143
[2026-04-29 12:41:20] INFO epoch 91 it 980/1704 loss 0.0170
[2026-04-29 12:41:21] INFO epoch 91 it 1000/1704 loss 0.0153
[2026-04-29 12:41:21] INFO epoch 91 it 1020/1704 loss 0.0151
[2026-04-29 12:41:21] INFO epoch 91 it 1040/1704 loss 0.0149
[2026-04-29 12:41:21] INFO epoch 91 it 1060/1704 loss 0.0149
[2026-04-29 12:41:22] INFO epoch 91 it 1080/1704 loss 0.0148
[2026-04-29 12:41:22] INFO epoch 91 it 1100/1704 loss 0.0150
[2026-04-29 12:41:22] INFO epoch 91 it 1120/1704 loss 0.0162
[2026-04-29 12:41:22] INFO epoch 91 it 1140/1704 loss 0.0148
[2026-04-29 12:41:22] INFO epoch 91 it 1160/1704 loss 0.0163
[2026-04-29 12:41:23] INFO epoch 91 it 1180/1704 loss 0.0163
[2026-04-29 12:41:23] INFO epoch 91 it 1200/1704 loss 0.0153
[2026-04-29 12:41:23] INFO epoch 91 it 1220/1704 loss 0.0157
[2026-04-29 12:41:23] INFO epoch 91 it 1240/1704 loss 0.0155
[2026-04-29 12:41:24] INFO epoch 91 it 1260/1704 loss 0.0159
[2026-04-29 12:41:24] INFO epoch 91 it 1280/1704 loss 0.0157
[2026-04-29 12:41:24] INFO epoch 91 it 1300/1704 loss 0.0153
[2026-04-29 12:41:24] INFO epoch 91 it 1320/1704 loss 0.0154
[2026-04-29 12:41:24] INFO epoch 91 it 1340/1704 loss 0.0153
[2026-04-29 12:41:25] INFO epoch 91 it 1360/1704 loss 0.0157
[2026-04-29 12:41:25] INFO epoch 91 it 1380/1704 loss 0.0158
[2026-04-29 12:41:25] INFO epoch 91 it 1400/1704 loss 0.0161
[2026-04-29 12:41:25] INFO epoch 91 it 1420/1704 loss 0.0161
[2026-04-29 12:41:26] INFO epoch 91 it 1440/1704 loss 0.0151
[2026-04-29 12:41:26] INFO epoch 91 it 1460/1704 loss 0.0149
[2026-04-29 12:41:26] INFO epoch 91 it 1480/1704 loss 0.0149
[2026-04-29 12:41:26] INFO epoch 91 it 1500/1704 loss 0.0156
[2026-04-29 12:41:26] INFO epoch 91 it 1520/1704 loss 0.0147
[2026-04-29 12:41:27] INFO epoch 91 it 1540/1704 loss 0.0154
[2026-04-29 12:41:27] INFO epoch 91 it 1560/1704 loss 0.0159
[2026-04-29 12:41:27] INFO epoch 91 it 1580/1704 loss 0.0154
[2026-04-29 12:41:27] INFO epoch 91 it 1600/1704 loss 0.0165
[2026-04-29 12:41:28] INFO epoch 91 it 1620/1704 loss 0.0154
[2026-04-29 12:41:28] INFO epoch 91 it 1640/1704 loss 0.0155
[2026-04-29 12:41:28] INFO epoch 91 it 1660/1704 loss 0.0150
[2026-04-29 12:41:28] INFO epoch 91 it 1680/1704 loss 0.0153
[2026-04-29 12:41:29] INFO epoch 91 it 1700/1704 loss 0.0150
[2026-04-29 12:41:30] INFO epoch 91 done in 62.2s lr=5.63e-05
[2026-04-29 12:42:08] INFO epoch 91 val MAE(HU): 26.37
[2026-04-29 12:42:50] INFO epoch 92 it 20/1704 loss 0.0152
[2026-04-29 12:42:50] INFO epoch 92 it 40/1704 loss 0.0162
[2026-04-29 12:42:50] INFO epoch 92 it 60/1704 loss 0.0158
[2026-04-29 12:42:50] INFO epoch 92 it 80/1704 loss 0.0153
[2026-04-29 12:42:51] INFO epoch 92 it 100/1704 loss 0.0153
[2026-04-29 12:42:51] INFO epoch 92 it 120/1704 loss 0.0153
[2026-04-29 12:42:51] INFO epoch 92 it 140/1704 loss 0.0144
[2026-04-29 12:42:51] INFO epoch 92 it 160/1704 loss 0.0154
[2026-04-29 12:42:52] INFO epoch 92 it 180/1704 loss 0.0156
[2026-04-29 12:42:52] INFO epoch 92 it 200/1704 loss 0.0145
[2026-04-29 12:42:52] INFO epoch 92 it 220/1704 loss 0.0150
[2026-04-29 12:42:52] INFO epoch 92 it 240/1704 loss 0.0153
[2026-04-29 12:42:53] INFO epoch 92 it 260/1704 loss 0.0154
[2026-04-29 12:42:53] INFO epoch 92 it 280/1704 loss 0.0138
[2026-04-29 12:42:53] INFO epoch 92 it 300/1704 loss 0.0147
[2026-04-29 12:42:53] INFO epoch 92 it 320/1704 loss 0.0150
[2026-04-29 12:42:53] INFO epoch 92 it 340/1704 loss 0.0154
[2026-04-29 12:42:54] INFO epoch 92 it 360/1704 loss 0.0159
[2026-04-29 12:42:54] INFO epoch 92 it 380/1704 loss 0.0154
[2026-04-29 12:42:54] INFO epoch 92 it 400/1704 loss 0.0152
[2026-04-29 12:42:54] INFO epoch 92 it 420/1704 loss 0.0165
[2026-04-29 12:42:55] INFO epoch 92 it 440/1704 loss 0.0164
[2026-04-29 12:42:55] INFO epoch 92 it 460/1704 loss 0.0159
[2026-04-29 12:42:55] INFO epoch 92 it 480/1704 loss 0.0149
[2026-04-29 12:42:55] INFO epoch 92 it 500/1704 loss 0.0160
[2026-04-29 12:42:55] INFO epoch 92 it 520/1704 loss 0.0148
[2026-04-29 12:42:56] INFO epoch 92 it 540/1704 loss 0.0150
[2026-04-29 12:42:56] INFO epoch 92 it 560/1704 loss 0.0162
[2026-04-29 12:42:56] INFO epoch 92 it 580/1704 loss 0.0134
[2026-04-29 12:42:56] INFO epoch 92 it 600/1704 loss 0.0150
[2026-04-29 12:42:57] INFO epoch 92 it 620/1704 loss 0.0159
[2026-04-29 12:42:57] INFO epoch 92 it 640/1704 loss 0.0153
[2026-04-29 12:42:57] INFO epoch 92 it 660/1704 loss 0.0158
[2026-04-29 12:42:57] INFO epoch 92 it 680/1704 loss 0.0152
[2026-04-29 12:42:57] INFO epoch 92 it 700/1704 loss 0.0153
[2026-04-29 12:42:58] INFO epoch 92 it 720/1704 loss 0.0157
[2026-04-29 12:42:58] INFO epoch 92 it 740/1704 loss 0.0153
[2026-04-29 12:42:58] INFO epoch 92 it 760/1704 loss 0.0152
[2026-04-29 12:42:58] INFO epoch 92 it 780/1704 loss 0.0165
[2026-04-29 12:42:59] INFO epoch 92 it 800/1704 loss 0.0153
[2026-04-29 12:42:59] INFO epoch 92 it 820/1704 loss 0.0146
[2026-04-29 12:42:59] INFO epoch 92 it 840/1704 loss 0.0157
[2026-04-29 12:42:59] INFO epoch 92 it 860/1704 loss 0.0158
[2026-04-29 12:42:59] INFO epoch 92 it 880/1704 loss 0.0158
[2026-04-29 12:43:00] INFO epoch 92 it 900/1704 loss 0.0147
[2026-04-29 12:43:00] INFO epoch 92 it 920/1704 loss 0.0157
[2026-04-29 12:43:00] INFO epoch 92 it 940/1704 loss 0.0145
[2026-04-29 12:43:00] INFO epoch 92 it 960/1704 loss 0.0152
[2026-04-29 12:43:01] INFO epoch 92 it 980/1704 loss 0.0159
[2026-04-29 12:43:01] INFO epoch 92 it 1000/1704 loss 0.0153
[2026-04-29 12:43:01] INFO epoch 92 it 1020/1704 loss 0.0143
[2026-04-29 12:43:01] INFO epoch 92 it 1040/1704 loss 0.0148
[2026-04-29 12:43:01] INFO epoch 92 it 1060/1704 loss 0.0150
[2026-04-29 12:43:02] INFO epoch 92 it 1080/1704 loss 0.0147
[2026-04-29 12:43:02] INFO epoch 92 it 1100/1704 loss 0.0161
[2026-04-29 12:43:02] INFO epoch 92 it 1120/1704 loss 0.0150
[2026-04-29 12:43:02] INFO epoch 92 it 1140/1704 loss 0.0160
[2026-04-29 12:43:03] INFO epoch 92 it 1160/1704 loss 0.0154
[2026-04-29 12:43:03] INFO epoch 92 it 1180/1704 loss 0.0152
[2026-04-29 12:43:03] INFO epoch 92 it 1200/1704 loss 0.0155
[2026-04-29 12:43:03] INFO epoch 92 it 1220/1704 loss 0.0147
[2026-04-29 12:43:03] INFO epoch 92 it 1240/1704 loss 0.0143
[2026-04-29 12:43:04] INFO epoch 92 it 1260/1704 loss 0.0148
[2026-04-29 12:43:04] INFO epoch 92 it 1280/1704 loss 0.0167
[2026-04-29 12:43:04] INFO epoch 92 it 1300/1704 loss 0.0153
[2026-04-29 12:43:04] INFO epoch 92 it 1320/1704 loss 0.0167
[2026-04-29 12:43:05] INFO epoch 92 it 1340/1704 loss 0.0145
[2026-04-29 12:43:05] INFO epoch 92 it 1360/1704 loss 0.0151
[2026-04-29 12:43:05] INFO epoch 92 it 1380/1704 loss 0.0158
[2026-04-29 12:43:05] INFO epoch 92 it 1400/1704 loss 0.0154
[2026-04-29 12:43:05] INFO epoch 92 it 1420/1704 loss 0.0147
[2026-04-29 12:43:06] INFO epoch 92 it 1440/1704 loss 0.0155
[2026-04-29 12:43:06] INFO epoch 92 it 1460/1704 loss 0.0142
[2026-04-29 12:43:06] INFO epoch 92 it 1480/1704 loss 0.0155
[2026-04-29 12:43:06] INFO epoch 92 it 1500/1704 loss 0.0149
[2026-04-29 12:43:07] INFO epoch 92 it 1520/1704 loss 0.0152
[2026-04-29 12:43:07] INFO epoch 92 it 1540/1704 loss 0.0155
[2026-04-29 12:43:07] INFO epoch 92 it 1560/1704 loss 0.0145
[2026-04-29 12:43:07] INFO epoch 92 it 1580/1704 loss 0.0169
[2026-04-29 12:43:07] INFO epoch 92 it 1600/1704 loss 0.0146
[2026-04-29 12:43:08] INFO epoch 92 it 1620/1704 loss 0.0157
[2026-04-29 12:43:08] INFO epoch 92 it 1640/1704 loss 0.0155
[2026-04-29 12:43:08] INFO epoch 92 it 1660/1704 loss 0.0155
[2026-04-29 12:43:08] INFO epoch 92 it 1680/1704 loss 0.0151
[2026-04-29 12:43:09] INFO epoch 92 it 1700/1704 loss 0.0155
[2026-04-29 12:43:10] INFO epoch 92 done in 62.0s lr=5.55e-05
[2026-04-29 12:43:48] INFO epoch 92 val MAE(HU): 26.30
[2026-04-29 12:44:30] INFO epoch 93 it 20/1704 loss 0.0154
[2026-04-29 12:44:30] INFO epoch 93 it 40/1704 loss 0.0161
[2026-04-29 12:44:30] INFO epoch 93 it 60/1704 loss 0.0154
[2026-04-29 12:44:30] INFO epoch 93 it 80/1704 loss 0.0151
[2026-04-29 12:44:31] INFO epoch 93 it 100/1704 loss 0.0161
[2026-04-29 12:44:31] INFO epoch 93 it 120/1704 loss 0.0151
[2026-04-29 12:44:31] INFO epoch 93 it 140/1704 loss 0.0160
[2026-04-29 12:44:31] INFO epoch 93 it 160/1704 loss 0.0142
[2026-04-29 12:44:31] INFO epoch 93 it 180/1704 loss 0.0150
[2026-04-29 12:44:32] INFO epoch 93 it 200/1704 loss 0.0153
[2026-04-29 12:44:32] INFO epoch 93 it 220/1704 loss 0.0157
[2026-04-29 12:44:32] INFO epoch 93 it 240/1704 loss 0.0143
[2026-04-29 12:44:32] INFO epoch 93 it 260/1704 loss 0.0154
[2026-04-29 12:44:33] INFO epoch 93 it 280/1704 loss 0.0160
[2026-04-29 12:44:33] INFO epoch 93 it 300/1704 loss 0.0151
[2026-04-29 12:44:33] INFO epoch 93 it 320/1704 loss 0.0147
[2026-04-29 12:44:33] INFO epoch 93 it 340/1704 loss 0.0151
[2026-04-29 12:44:33] INFO epoch 93 it 360/1704 loss 0.0150
[2026-04-29 12:44:34] INFO epoch 93 it 380/1704 loss 0.0155
[2026-04-29 12:44:34] INFO epoch 93 it 400/1704 loss 0.0154
[2026-04-29 12:44:34] INFO epoch 93 it 420/1704 loss 0.0154
[2026-04-29 12:44:34] INFO epoch 93 it 440/1704 loss 0.0144
[2026-04-29 12:44:35] INFO epoch 93 it 460/1704 loss 0.0151
[2026-04-29 12:44:35] INFO epoch 93 it 480/1704 loss 0.0150
[2026-04-29 12:44:35] INFO epoch 93 it 500/1704 loss 0.0146
[2026-04-29 12:44:35] INFO epoch 93 it 520/1704 loss 0.0153
[2026-04-29 12:44:35] INFO epoch 93 it 540/1704 loss 0.0155
[2026-04-29 12:44:36] INFO epoch 93 it 560/1704 loss 0.0152
[2026-04-29 12:44:36] INFO epoch 93 it 580/1704 loss 0.0146
[2026-04-29 12:44:36] INFO epoch 93 it 600/1704 loss 0.0167
[2026-04-29 12:44:36] INFO epoch 93 it 620/1704 loss 0.0148
[2026-04-29 12:44:37] INFO epoch 93 it 640/1704 loss 0.0158
[2026-04-29 12:44:37] INFO epoch 93 it 660/1704 loss 0.0153
[2026-04-29 12:44:37] INFO epoch 93 it 680/1704 loss 0.0165
[2026-04-29 12:44:37] INFO epoch 93 it 700/1704 loss 0.0164
[2026-04-29 12:44:37] INFO epoch 93 it 720/1704 loss 0.0162
[2026-04-29 12:44:38] INFO epoch 93 it 740/1704 loss 0.0152
[2026-04-29 12:44:38] INFO epoch 93 it 760/1704 loss 0.0150
[2026-04-29 12:44:38] INFO epoch 93 it 780/1704 loss 0.0156
[2026-04-29 12:44:38] INFO epoch 93 it 800/1704 loss 0.0143
[2026-04-29 12:44:39] INFO epoch 93 it 820/1704 loss 0.0158
[2026-04-29 12:44:39] INFO epoch 93 it 840/1704 loss 0.0151
[2026-04-29 12:44:39] INFO epoch 93 it 860/1704 loss 0.0151
[2026-04-29 12:44:39] INFO epoch 93 it 880/1704 loss 0.0158
[2026-04-29 12:44:39] INFO epoch 93 it 900/1704 loss 0.0160
[2026-04-29 12:44:40] INFO epoch 93 it 920/1704 loss 0.0140
[2026-04-29 12:44:40] INFO epoch 93 it 940/1704 loss 0.0148
[2026-04-29 12:44:40] INFO epoch 93 it 960/1704 loss 0.0156
[2026-04-29 12:44:40] INFO epoch 93 it 980/1704 loss 0.0147
[2026-04-29 12:44:40] INFO epoch 93 it 1000/1704 loss 0.0156
[2026-04-29 12:44:41] INFO epoch 93 it 1020/1704 loss 0.0160
[2026-04-29 12:44:41] INFO epoch 93 it 1040/1704 loss 0.0159
[2026-04-29 12:44:41] INFO epoch 93 it 1060/1704 loss 0.0149
[2026-04-29 12:44:41] INFO epoch 93 it 1080/1704 loss 0.0153
[2026-04-29 12:44:42] INFO epoch 93 it 1100/1704 loss 0.0147
[2026-04-29 12:44:42] INFO epoch 93 it 1120/1704 loss 0.0145
[2026-04-29 12:44:42] INFO epoch 93 it 1140/1704 loss 0.0149
[2026-04-29 12:44:42] INFO epoch 93 it 1160/1704 loss 0.0149
[2026-04-29 12:44:42] INFO epoch 93 it 1180/1704 loss 0.0146
[2026-04-29 12:44:43] INFO epoch 93 it 1200/1704 loss 0.0167
[2026-04-29 12:44:43] INFO epoch 93 it 1220/1704 loss 0.0147
[2026-04-29 12:44:43] INFO epoch 93 it 1240/1704 loss 0.0148
[2026-04-29 12:44:43] INFO epoch 93 it 1260/1704 loss 0.0158
[2026-04-29 12:44:44] INFO epoch 93 it 1280/1704 loss 0.0159
[2026-04-29 12:44:44] INFO epoch 93 it 1300/1704 loss 0.0161
[2026-04-29 12:44:44] INFO epoch 93 it 1320/1704 loss 0.0148
[2026-04-29 12:44:44] INFO epoch 93 it 1340/1704 loss 0.0145
[2026-04-29 12:44:44] INFO epoch 93 it 1360/1704 loss 0.0152
[2026-04-29 12:44:45] INFO epoch 93 it 1380/1704 loss 0.0159
[2026-04-29 12:44:45] INFO epoch 93 it 1400/1704 loss 0.0150
[2026-04-29 12:44:45] INFO epoch 93 it 1420/1704 loss 0.0155
[2026-04-29 12:44:45] INFO epoch 93 it 1440/1704 loss 0.0155
[2026-04-29 12:44:46] INFO epoch 93 it 1460/1704 loss 0.0154
[2026-04-29 12:44:46] INFO epoch 93 it 1480/1704 loss 0.0149
[2026-04-29 12:44:46] INFO epoch 93 it 1500/1704 loss 0.0149
[2026-04-29 12:44:46] INFO epoch 93 it 1520/1704 loss 0.0146
[2026-04-29 12:44:46] INFO epoch 93 it 1540/1704 loss 0.0162
[2026-04-29 12:44:47] INFO epoch 93 it 1560/1704 loss 0.0146
[2026-04-29 12:44:47] INFO epoch 93 it 1580/1704 loss 0.0162
[2026-04-29 12:44:47] INFO epoch 93 it 1600/1704 loss 0.0145
[2026-04-29 12:44:47] INFO epoch 93 it 1620/1704 loss 0.0153
[2026-04-29 12:44:48] INFO epoch 93 it 1640/1704 loss 0.0158
[2026-04-29 12:44:48] INFO epoch 93 it 1660/1704 loss 0.0162
[2026-04-29 12:44:48] INFO epoch 93 it 1680/1704 loss 0.0153
[2026-04-29 12:44:48] INFO epoch 93 it 1700/1704 loss 0.0154
[2026-04-29 12:44:50] INFO epoch 93 done in 61.9s lr=5.47e-05
[2026-04-29 12:45:27] INFO epoch 93 val MAE(HU): 26.36
[2026-04-29 12:46:09] INFO epoch 94 it 20/1704 loss 0.0151
[2026-04-29 12:46:09] INFO epoch 94 it 40/1704 loss 0.0146
[2026-04-29 12:46:10] INFO epoch 94 it 60/1704 loss 0.0151
[2026-04-29 12:46:10] INFO epoch 94 it 80/1704 loss 0.0150
[2026-04-29 12:46:10] INFO epoch 94 it 100/1704 loss 0.0149
[2026-04-29 12:46:10] INFO epoch 94 it 120/1704 loss 0.0159
[2026-04-29 12:46:11] INFO epoch 94 it 140/1704 loss 0.0154
[2026-04-29 12:46:11] INFO epoch 94 it 160/1704 loss 0.0156
[2026-04-29 12:46:11] INFO epoch 94 it 180/1704 loss 0.0153
[2026-04-29 12:46:11] INFO epoch 94 it 200/1704 loss 0.0155
[2026-04-29 12:46:11] INFO epoch 94 it 220/1704 loss 0.0150
[2026-04-29 12:46:12] INFO epoch 94 it 240/1704 loss 0.0144
[2026-04-29 12:46:12] INFO epoch 94 it 260/1704 loss 0.0157
[2026-04-29 12:46:12] INFO epoch 94 it 280/1704 loss 0.0147
[2026-04-29 12:46:12] INFO epoch 94 it 300/1704 loss 0.0156
[2026-04-29 12:46:13] INFO epoch 94 it 320/1704 loss 0.0156
[2026-04-29 12:46:13] INFO epoch 94 it 340/1704 loss 0.0148
[2026-04-29 12:46:13] INFO epoch 94 it 360/1704 loss 0.0158
[2026-04-29 12:46:13] INFO epoch 94 it 380/1704 loss 0.0147
[2026-04-29 12:46:13] INFO epoch 94 it 400/1704 loss 0.0156
[2026-04-29 12:46:14] INFO epoch 94 it 420/1704 loss 0.0150
[2026-04-29 12:46:14] INFO epoch 94 it 440/1704 loss 0.0139
[2026-04-29 12:46:14] INFO epoch 94 it 460/1704 loss 0.0153
[2026-04-29 12:46:14] INFO epoch 94 it 480/1704 loss 0.0142
[2026-04-29 12:46:15] INFO epoch 94 it 500/1704 loss 0.0156
[2026-04-29 12:46:15] INFO epoch 94 it 520/1704 loss 0.0153
[2026-04-29 12:46:15] INFO epoch 94 it 540/1704 loss 0.0138
[2026-04-29 12:46:15] INFO epoch 94 it 560/1704 loss 0.0160
[2026-04-29 12:46:16] INFO epoch 94 it 580/1704 loss 0.0154
[2026-04-29 12:46:16] INFO epoch 94 it 600/1704 loss 0.0143
[2026-04-29 12:46:16] INFO epoch 94 it 620/1704 loss 0.0165
[2026-04-29 12:46:16] INFO epoch 94 it 640/1704 loss 0.0152
[2026-04-29 12:46:16] INFO epoch 94 it 660/1704 loss 0.0152
[2026-04-29 12:46:17] INFO epoch 94 it 680/1704 loss 0.0149
[2026-04-29 12:46:17] INFO epoch 94 it 700/1704 loss 0.0150
[2026-04-29 12:46:17] INFO epoch 94 it 720/1704 loss 0.0144
[2026-04-29 12:46:17] INFO epoch 94 it 740/1704 loss 0.0148
[2026-04-29 12:46:18] INFO epoch 94 it 760/1704 loss 0.0155
[2026-04-29 12:46:18] INFO epoch 94 it 780/1704 loss 0.0146
[2026-04-29 12:46:18] INFO epoch 94 it 800/1704 loss 0.0160
[2026-04-29 12:46:18] INFO epoch 94 it 820/1704 loss 0.0152
[2026-04-29 12:46:18] INFO epoch 94 it 840/1704 loss 0.0152
[2026-04-29 12:46:19] INFO epoch 94 it 860/1704 loss 0.0154
[2026-04-29 12:46:19] INFO epoch 94 it 880/1704 loss 0.0150
[2026-04-29 12:46:19] INFO epoch 94 it 900/1704 loss 0.0154
[2026-04-29 12:46:19] INFO epoch 94 it 920/1704 loss 0.0160
[2026-04-29 12:46:20] INFO epoch 94 it 940/1704 loss 0.0153
[2026-04-29 12:46:20] INFO epoch 94 it 960/1704 loss 0.0154
[2026-04-29 12:46:20] INFO epoch 94 it 980/1704 loss 0.0154
[2026-04-29 12:46:20] INFO epoch 94 it 1000/1704 loss 0.0163
[2026-04-29 12:46:20] INFO epoch 94 it 1020/1704 loss 0.0158
[2026-04-29 12:46:21] INFO epoch 94 it 1040/1704 loss 0.0153
[2026-04-29 12:46:21] INFO epoch 94 it 1060/1704 loss 0.0146
[2026-04-29 12:46:21] INFO epoch 94 it 1080/1704 loss 0.0146
[2026-04-29 12:46:21] INFO epoch 94 it 1100/1704 loss 0.0158
[2026-04-29 12:46:22] INFO epoch 94 it 1120/1704 loss 0.0152
[2026-04-29 12:46:22] INFO epoch 94 it 1140/1704 loss 0.0156
[2026-04-29 12:46:22] INFO epoch 94 it 1160/1704 loss 0.0159
[2026-04-29 12:46:22] INFO epoch 94 it 1180/1704 loss 0.0147
[2026-04-29 12:46:22] INFO epoch 94 it 1200/1704 loss 0.0156
[2026-04-29 12:46:23] INFO epoch 94 it 1220/1704 loss 0.0149
[2026-04-29 12:46:23] INFO epoch 94 it 1240/1704 loss 0.0148
[2026-04-29 12:46:23] INFO epoch 94 it 1260/1704 loss 0.0151
[2026-04-29 12:46:23] INFO epoch 94 it 1280/1704 loss 0.0150
[2026-04-29 12:46:24] INFO epoch 94 it 1300/1704 loss 0.0160
[2026-04-29 12:46:24] INFO epoch 94 it 1320/1704 loss 0.0159
[2026-04-29 12:46:24] INFO epoch 94 it 1340/1704 loss 0.0149
[2026-04-29 12:46:24] INFO epoch 94 it 1360/1704 loss 0.0141
[2026-04-29 12:46:25] INFO epoch 94 it 1380/1704 loss 0.0162
[2026-04-29 12:46:25] INFO epoch 94 it 1400/1704 loss 0.0158
[2026-04-29 12:46:25] INFO epoch 94 it 1420/1704 loss 0.0150
[2026-04-29 12:46:25] INFO epoch 94 it 1440/1704 loss 0.0151
[2026-04-29 12:46:25] INFO epoch 94 it 1460/1704 loss 0.0161
[2026-04-29 12:46:26] INFO epoch 94 it 1480/1704 loss 0.0149
[2026-04-29 12:46:26] INFO epoch 94 it 1500/1704 loss 0.0147
[2026-04-29 12:46:26] INFO epoch 94 it 1520/1704 loss 0.0157
[2026-04-29 12:46:26] INFO epoch 94 it 1540/1704 loss 0.0157
[2026-04-29 12:46:27] INFO epoch 94 it 1560/1704 loss 0.0154
[2026-04-29 12:46:27] INFO epoch 94 it 1580/1704 loss 0.0145
[2026-04-29 12:46:27] INFO epoch 94 it 1600/1704 loss 0.0157
[2026-04-29 12:46:27] INFO epoch 94 it 1620/1704 loss 0.0148
[2026-04-29 12:46:27] INFO epoch 94 it 1640/1704 loss 0.0158
[2026-04-29 12:46:28] INFO epoch 94 it 1660/1704 loss 0.0156
[2026-04-29 12:46:28] INFO epoch 94 it 1680/1704 loss 0.0146
[2026-04-29 12:46:28] INFO epoch 94 it 1700/1704 loss 0.0160
[2026-04-29 12:46:29] INFO epoch 94 done in 62.0s lr=5.39e-05
[2026-04-29 12:47:07] INFO epoch 94 val MAE(HU): 26.28
[2026-04-29 12:47:49] INFO epoch 95 it 20/1704 loss 0.0148
[2026-04-29 12:47:49] INFO epoch 95 it 40/1704 loss 0.0153
[2026-04-29 12:47:49] INFO epoch 95 it 60/1704 loss 0.0147
[2026-04-29 12:47:50] INFO epoch 95 it 80/1704 loss 0.0156
[2026-04-29 12:47:50] INFO epoch 95 it 100/1704 loss 0.0149
[2026-04-29 12:47:50] INFO epoch 95 it 120/1704 loss 0.0146
[2026-04-29 12:47:50] INFO epoch 95 it 140/1704 loss 0.0140
[2026-04-29 12:47:51] INFO epoch 95 it 160/1704 loss 0.0150
[2026-04-29 12:47:51] INFO epoch 95 it 180/1704 loss 0.0151
[2026-04-29 12:47:51] INFO epoch 95 it 200/1704 loss 0.0146
[2026-04-29 12:47:51] INFO epoch 95 it 220/1704 loss 0.0156
[2026-04-29 12:47:52] INFO epoch 95 it 240/1704 loss 0.0151
[2026-04-29 12:47:52] INFO epoch 95 it 260/1704 loss 0.0156
[2026-04-29 12:47:52] INFO epoch 95 it 280/1704 loss 0.0162
[2026-04-29 12:47:52] INFO epoch 95 it 300/1704 loss 0.0143
[2026-04-29 12:47:52] INFO epoch 95 it 320/1704 loss 0.0145
[2026-04-29 12:47:53] INFO epoch 95 it 340/1704 loss 0.0151
[2026-04-29 12:47:53] INFO epoch 95 it 360/1704 loss 0.0151
[2026-04-29 12:47:53] INFO epoch 95 it 380/1704 loss 0.0156
[2026-04-29 12:47:53] INFO epoch 95 it 400/1704 loss 0.0147
[2026-04-29 12:47:54] INFO epoch 95 it 420/1704 loss 0.0141
[2026-04-29 12:47:54] INFO epoch 95 it 440/1704 loss 0.0158
[2026-04-29 12:47:54] INFO epoch 95 it 460/1704 loss 0.0155
[2026-04-29 12:47:54] INFO epoch 95 it 480/1704 loss 0.0150
[2026-04-29 12:47:54] INFO epoch 95 it 500/1704 loss 0.0153
[2026-04-29 12:47:55] INFO epoch 95 it 520/1704 loss 0.0155
[2026-04-29 12:47:55] INFO epoch 95 it 540/1704 loss 0.0158
[2026-04-29 12:47:55] INFO epoch 95 it 560/1704 loss 0.0151
[2026-04-29 12:47:55] INFO epoch 95 it 580/1704 loss 0.0149
[2026-04-29 12:47:56] INFO epoch 95 it 600/1704 loss 0.0154
[2026-04-29 12:47:56] INFO epoch 95 it 620/1704 loss 0.0148
[2026-04-29 12:47:56] INFO epoch 95 it 640/1704 loss 0.0155
[2026-04-29 12:47:56] INFO epoch 95 it 660/1704 loss 0.0153
[2026-04-29 12:47:57] INFO epoch 95 it 680/1704 loss 0.0156
[2026-04-29 12:47:57] INFO epoch 95 it 700/1704 loss 0.0153
[2026-04-29 12:47:57] INFO epoch 95 it 720/1704 loss 0.0155
[2026-04-29 12:47:57] INFO epoch 95 it 740/1704 loss 0.0154
[2026-04-29 12:47:57] INFO epoch 95 it 760/1704 loss 0.0158
[2026-04-29 12:47:58] INFO epoch 95 it 780/1704 loss 0.0148
[2026-04-29 12:47:58] INFO epoch 95 it 800/1704 loss 0.0145
[2026-04-29 12:47:58] INFO epoch 95 it 820/1704 loss 0.0152
[2026-04-29 12:47:58] INFO epoch 95 it 840/1704 loss 0.0148
[2026-04-29 12:47:59] INFO epoch 95 it 860/1704 loss 0.0161
[2026-04-29 12:47:59] INFO epoch 95 it 880/1704 loss 0.0150
[2026-04-29 12:47:59] INFO epoch 95 it 900/1704 loss 0.0151
[2026-04-29 12:47:59] INFO epoch 95 it 920/1704 loss 0.0142
[2026-04-29 12:48:00] INFO epoch 95 it 940/1704 loss 0.0160
[2026-04-29 12:48:00] INFO epoch 95 it 960/1704 loss 0.0138
[2026-04-29 12:48:00] INFO epoch 95 it 980/1704 loss 0.0148
[2026-04-29 12:48:00] INFO epoch 95 it 1000/1704 loss 0.0144
[2026-04-29 12:48:00] INFO epoch 95 it 1020/1704 loss 0.0159
[2026-04-29 12:48:01] INFO epoch 95 it 1040/1704 loss 0.0149
[2026-04-29 12:48:01] INFO epoch 95 it 1060/1704 loss 0.0157
[2026-04-29 12:48:01] INFO epoch 95 it 1080/1704 loss 0.0152
[2026-04-29 12:48:01] INFO epoch 95 it 1100/1704 loss 0.0149
[2026-04-29 12:48:02] INFO epoch 95 it 1120/1704 loss 0.0152
[2026-04-29 12:48:02] INFO epoch 95 it 1140/1704 loss 0.0165
[2026-04-29 12:48:02] INFO epoch 95 it 1160/1704 loss 0.0152
[2026-04-29 12:48:02] INFO epoch 95 it 1180/1704 loss 0.0155
[2026-04-29 12:48:02] INFO epoch 95 it 1200/1704 loss 0.0150
[2026-04-29 12:48:03] INFO epoch 95 it 1220/1704 loss 0.0158
[2026-04-29 12:48:03] INFO epoch 95 it 1240/1704 loss 0.0154
[2026-04-29 12:48:03] INFO epoch 95 it 1260/1704 loss 0.0157
[2026-04-29 12:48:03] INFO epoch 95 it 1280/1704 loss 0.0162
[2026-04-29 12:48:04] INFO epoch 95 it 1300/1704 loss 0.0152
[2026-04-29 12:48:04] INFO epoch 95 it 1320/1704 loss 0.0152
[2026-04-29 12:48:04] INFO epoch 95 it 1340/1704 loss 0.0156
[2026-04-29 12:48:04] INFO epoch 95 it 1360/1704 loss 0.0158
[2026-04-29 12:48:04] INFO epoch 95 it 1380/1704 loss 0.0167
[2026-04-29 12:48:05] INFO epoch 95 it 1400/1704 loss 0.0144
[2026-04-29 12:48:05] INFO epoch 95 it 1420/1704 loss 0.0148
[2026-04-29 12:48:05] INFO epoch 95 it 1440/1704 loss 0.0153
[2026-04-29 12:48:05] INFO epoch 95 it 1460/1704 loss 0.0148
[2026-04-29 12:48:06] INFO epoch 95 it 1480/1704 loss 0.0145
[2026-04-29 12:48:06] INFO epoch 95 it 1500/1704 loss 0.0152
[2026-04-29 12:48:06] INFO epoch 95 it 1520/1704 loss 0.0149
[2026-04-29 12:48:06] INFO epoch 95 it 1540/1704 loss 0.0161
[2026-04-29 12:48:06] INFO epoch 95 it 1560/1704 loss 0.0155
[2026-04-29 12:48:07] INFO epoch 95 it 1580/1704 loss 0.0150
[2026-04-29 12:48:07] INFO epoch 95 it 1600/1704 loss 0.0150
[2026-04-29 12:48:07] INFO epoch 95 it 1620/1704 loss 0.0153
[2026-04-29 12:48:07] INFO epoch 95 it 1640/1704 loss 0.0145
[2026-04-29 12:48:08] INFO epoch 95 it 1660/1704 loss 0.0145
[2026-04-29 12:48:08] INFO epoch 95 it 1680/1704 loss 0.0147
[2026-04-29 12:48:08] INFO epoch 95 it 1700/1704 loss 0.0155
[2026-04-29 12:48:09] INFO epoch 95 done in 62.2s lr=5.31e-05
[2026-04-29 12:48:47] INFO epoch 95 val MAE(HU): 26.34
[2026-04-29 12:49:29] INFO epoch 96 it 20/1704 loss 0.0144
[2026-04-29 12:49:29] INFO epoch 96 it 40/1704 loss 0.0158
[2026-04-29 12:49:29] INFO epoch 96 it 60/1704 loss 0.0141
[2026-04-29 12:49:30] INFO epoch 96 it 80/1704 loss 0.0150
[2026-04-29 12:49:30] INFO epoch 96 it 100/1704 loss 0.0152
[2026-04-29 12:49:30] INFO epoch 96 it 120/1704 loss 0.0147
[2026-04-29 12:49:30] INFO epoch 96 it 140/1704 loss 0.0150
[2026-04-29 12:49:31] INFO epoch 96 it 160/1704 loss 0.0154
[2026-04-29 12:49:31] INFO epoch 96 it 180/1704 loss 0.0158
[2026-04-29 12:49:31] INFO epoch 96 it 200/1704 loss 0.0156
[2026-04-29 12:49:31] INFO epoch 96 it 220/1704 loss 0.0147
[2026-04-29 12:49:31] INFO epoch 96 it 240/1704 loss 0.0153
[2026-04-29 12:49:32] INFO epoch 96 it 260/1704 loss 0.0154
[2026-04-29 12:49:32] INFO epoch 96 it 280/1704 loss 0.0149
[2026-04-29 12:49:32] INFO epoch 96 it 300/1704 loss 0.0140
[2026-04-29 12:49:32] INFO epoch 96 it 320/1704 loss 0.0151
[2026-04-29 12:49:33] INFO epoch 96 it 340/1704 loss 0.0156
[2026-04-29 12:49:33] INFO epoch 96 it 360/1704 loss 0.0144
[2026-04-29 12:49:33] INFO epoch 96 it 380/1704 loss 0.0151
[2026-04-29 12:49:33] INFO epoch 96 it 400/1704 loss 0.0158
[2026-04-29 12:49:33] INFO epoch 96 it 420/1704 loss 0.0157
[2026-04-29 12:49:34] INFO epoch 96 it 440/1704 loss 0.0148
[2026-04-29 12:49:34] INFO epoch 96 it 460/1704 loss 0.0150
[2026-04-29 12:49:34] INFO epoch 96 it 480/1704 loss 0.0150
[2026-04-29 12:49:34] INFO epoch 96 it 500/1704 loss 0.0141
[2026-04-29 12:49:35] INFO epoch 96 it 520/1704 loss 0.0152
[2026-04-29 12:49:35] INFO epoch 96 it 540/1704 loss 0.0159
[2026-04-29 12:49:35] INFO epoch 96 it 560/1704 loss 0.0140
[2026-04-29 12:49:35] INFO epoch 96 it 580/1704 loss 0.0142
[2026-04-29 12:49:36] INFO epoch 96 it 600/1704 loss 0.0159
[2026-04-29 12:49:36] INFO epoch 96 it 620/1704 loss 0.0157
[2026-04-29 12:49:36] INFO epoch 96 it 640/1704 loss 0.0148
[2026-04-29 12:49:36] INFO epoch 96 it 660/1704 loss 0.0153
[2026-04-29 12:49:36] INFO epoch 96 it 680/1704 loss 0.0142
[2026-04-29 12:49:37] INFO epoch 96 it 700/1704 loss 0.0151
[2026-04-29 12:49:37] INFO epoch 96 it 720/1704 loss 0.0151
[2026-04-29 12:49:37] INFO epoch 96 it 740/1704 loss 0.0149
[2026-04-29 12:49:37] INFO epoch 96 it 760/1704 loss 0.0154
[2026-04-29 12:49:38] INFO epoch 96 it 780/1704 loss 0.0147
[2026-04-29 12:49:38] INFO epoch 96 it 800/1704 loss 0.0157
[2026-04-29 12:49:38] INFO epoch 96 it 820/1704 loss 0.0159
[2026-04-29 12:49:38] INFO epoch 96 it 840/1704 loss 0.0148
[2026-04-29 12:49:38] INFO epoch 96 it 860/1704 loss 0.0153
[2026-04-29 12:49:39] INFO epoch 96 it 880/1704 loss 0.0150
[2026-04-29 12:49:39] INFO epoch 96 it 900/1704 loss 0.0147
[2026-04-29 12:49:39] INFO epoch 96 it 920/1704 loss 0.0154
[2026-04-29 12:49:39] INFO epoch 96 it 940/1704 loss 0.0145
[2026-04-29 12:49:40] INFO epoch 96 it 960/1704 loss 0.0158
[2026-04-29 12:49:40] INFO epoch 96 it 980/1704 loss 0.0141
[2026-04-29 12:49:40] INFO epoch 96 it 1000/1704 loss 0.0144
[2026-04-29 12:49:40] INFO epoch 96 it 1020/1704 loss 0.0160
[2026-04-29 12:49:40] INFO epoch 96 it 1040/1704 loss 0.0163
[2026-04-29 12:49:41] INFO epoch 96 it 1060/1704 loss 0.0151
[2026-04-29 12:49:41] INFO epoch 96 it 1080/1704 loss 0.0158
[2026-04-29 12:49:41] INFO epoch 96 it 1100/1704 loss 0.0151
[2026-04-29 12:49:41] INFO epoch 96 it 1120/1704 loss 0.0147
[2026-04-29 12:49:42] INFO epoch 96 it 1140/1704 loss 0.0143
[2026-04-29 12:49:42] INFO epoch 96 it 1160/1704 loss 0.0157
[2026-04-29 12:49:42] INFO epoch 96 it 1180/1704 loss 0.0166
[2026-04-29 12:49:42] INFO epoch 96 it 1200/1704 loss 0.0148
[2026-04-29 12:49:42] INFO epoch 96 it 1220/1704 loss 0.0151
[2026-04-29 12:49:43] INFO epoch 96 it 1240/1704 loss 0.0151
[2026-04-29 12:49:43] INFO epoch 96 it 1260/1704 loss 0.0154
[2026-04-29 12:49:43] INFO epoch 96 it 1280/1704 loss 0.0150
[2026-04-29 12:49:43] INFO epoch 96 it 1300/1704 loss 0.0146
[2026-04-29 12:49:44] INFO epoch 96 it 1320/1704 loss 0.0156
[2026-04-29 12:49:44] INFO epoch 96 it 1340/1704 loss 0.0152
[2026-04-29 12:49:44] INFO epoch 96 it 1360/1704 loss 0.0147
[2026-04-29 12:49:44] INFO epoch 96 it 1380/1704 loss 0.0151
[2026-04-29 12:49:44] INFO epoch 96 it 1400/1704 loss 0.0163
[2026-04-29 12:49:45] INFO epoch 96 it 1420/1704 loss 0.0140
[2026-04-29 12:49:45] INFO epoch 96 it 1440/1704 loss 0.0141
[2026-04-29 12:49:45] INFO epoch 96 it 1460/1704 loss 0.0160
[2026-04-29 12:49:45] INFO epoch 96 it 1480/1704 loss 0.0137
[2026-04-29 12:49:46] INFO epoch 96 it 1500/1704 loss 0.0159
[2026-04-29 12:49:46] INFO epoch 96 it 1520/1704 loss 0.0151
[2026-04-29 12:49:46] INFO epoch 96 it 1540/1704 loss 0.0157
[2026-04-29 12:49:46] INFO epoch 96 it 1560/1704 loss 0.0150
[2026-04-29 12:49:46] INFO epoch 96 it 1580/1704 loss 0.0159
[2026-04-29 12:49:47] INFO epoch 96 it 1600/1704 loss 0.0155
[2026-04-29 12:49:47] INFO epoch 96 it 1620/1704 loss 0.0161
[2026-04-29 12:49:47] INFO epoch 96 it 1640/1704 loss 0.0152
[2026-04-29 12:49:47] INFO epoch 96 it 1660/1704 loss 0.0162
[2026-04-29 12:49:48] INFO epoch 96 it 1680/1704 loss 0.0157
[2026-04-29 12:49:48] INFO epoch 96 it 1700/1704 loss 0.0157
[2026-04-29 12:49:49] INFO epoch 96 done in 62.0s lr=5.24e-05
[2026-04-29 12:50:27] INFO epoch 96 val MAE(HU): 26.45
[2026-04-29 12:51:09] INFO epoch 97 it 20/1704 loss 0.0145
[2026-04-29 12:51:09] INFO epoch 97 it 40/1704 loss 0.0152
[2026-04-29 12:51:09] INFO epoch 97 it 60/1704 loss 0.0147
[2026-04-29 12:51:09] INFO epoch 97 it 80/1704 loss 0.0147
[2026-04-29 12:51:10] INFO epoch 97 it 100/1704 loss 0.0156
[2026-04-29 12:51:10] INFO epoch 97 it 120/1704 loss 0.0152
[2026-04-29 12:51:10] INFO epoch 97 it 140/1704 loss 0.0151
[2026-04-29 12:51:10] INFO epoch 97 it 160/1704 loss 0.0144
[2026-04-29 12:51:10] INFO epoch 97 it 180/1704 loss 0.0161
[2026-04-29 12:51:11] INFO epoch 97 it 200/1704 loss 0.0146
[2026-04-29 12:51:11] INFO epoch 97 it 220/1704 loss 0.0151
[2026-04-29 12:51:11] INFO epoch 97 it 240/1704 loss 0.0155
[2026-04-29 12:51:11] INFO epoch 97 it 260/1704 loss 0.0148
[2026-04-29 12:51:12] INFO epoch 97 it 280/1704 loss 0.0146
[2026-04-29 12:51:12] INFO epoch 97 it 300/1704 loss 0.0147
[2026-04-29 12:51:12] INFO epoch 97 it 320/1704 loss 0.0161
[2026-04-29 12:51:12] INFO epoch 97 it 340/1704 loss 0.0159
[2026-04-29 12:51:12] INFO epoch 97 it 360/1704 loss 0.0146
[2026-04-29 12:51:13] INFO epoch 97 it 380/1704 loss 0.0152
[2026-04-29 12:51:13] INFO epoch 97 it 400/1704 loss 0.0148
[2026-04-29 12:51:13] INFO epoch 97 it 420/1704 loss 0.0150
[2026-04-29 12:51:13] INFO epoch 97 it 440/1704 loss 0.0152
[2026-04-29 12:51:14] INFO epoch 97 it 460/1704 loss 0.0154
[2026-04-29 12:51:14] INFO epoch 97 it 480/1704 loss 0.0148
[2026-04-29 12:51:14] INFO epoch 97 it 500/1704 loss 0.0148
[2026-04-29 12:51:14] INFO epoch 97 it 520/1704 loss 0.0154
[2026-04-29 12:51:14] INFO epoch 97 it 540/1704 loss 0.0147
[2026-04-29 12:51:15] INFO epoch 97 it 560/1704 loss 0.0151
[2026-04-29 12:51:15] INFO epoch 97 it 580/1704 loss 0.0157
[2026-04-29 12:51:15] INFO epoch 97 it 600/1704 loss 0.0149
[2026-04-29 12:51:15] INFO epoch 97 it 620/1704 loss 0.0151
[2026-04-29 12:51:16] INFO epoch 97 it 640/1704 loss 0.0148
[2026-04-29 12:51:16] INFO epoch 97 it 660/1704 loss 0.0159
[2026-04-29 12:51:16] INFO epoch 97 it 680/1704 loss 0.0142
[2026-04-29 12:51:16] INFO epoch 97 it 700/1704 loss 0.0149
[2026-04-29 12:51:16] INFO epoch 97 it 720/1704 loss 0.0159
[2026-04-29 12:51:17] INFO epoch 97 it 740/1704 loss 0.0135
[2026-04-29 12:51:17] INFO epoch 97 it 760/1704 loss 0.0151
[2026-04-29 12:51:17] INFO epoch 97 it 780/1704 loss 0.0150
[2026-04-29 12:51:17] INFO epoch 97 it 800/1704 loss 0.0151
[2026-04-29 12:51:18] INFO epoch 97 it 820/1704 loss 0.0146
[2026-04-29 12:51:18] INFO epoch 97 it 840/1704 loss 0.0150
[2026-04-29 12:51:18] INFO epoch 97 it 860/1704 loss 0.0145
[2026-04-29 12:51:18] INFO epoch 97 it 880/1704 loss 0.0149
[2026-04-29 12:51:18] INFO epoch 97 it 900/1704 loss 0.0151
[2026-04-29 12:51:19] INFO epoch 97 it 920/1704 loss 0.0159
[2026-04-29 12:51:19] INFO epoch 97 it 940/1704 loss 0.0154
[2026-04-29 12:51:19] INFO epoch 97 it 960/1704 loss 0.0154
[2026-04-29 12:51:19] INFO epoch 97 it 980/1704 loss 0.0165
[2026-04-29 12:51:20] INFO epoch 97 it 1000/1704 loss 0.0147
[2026-04-29 12:51:20] INFO epoch 97 it 1020/1704 loss 0.0146
[2026-04-29 12:51:20] INFO epoch 97 it 1040/1704 loss 0.0156
[2026-04-29 12:51:20] INFO epoch 97 it 1060/1704 loss 0.0159
[2026-04-29 12:51:20] INFO epoch 97 it 1080/1704 loss 0.0151
[2026-04-29 12:51:21] INFO epoch 97 it 1100/1704 loss 0.0148
[2026-04-29 12:51:21] INFO epoch 97 it 1120/1704 loss 0.0153
[2026-04-29 12:51:21] INFO epoch 97 it 1140/1704 loss 0.0156
[2026-04-29 12:51:21] INFO epoch 97 it 1160/1704 loss 0.0149
[2026-04-29 12:51:22] INFO epoch 97 it 1180/1704 loss 0.0153
[2026-04-29 12:51:22] INFO epoch 97 it 1200/1704 loss 0.0152
[2026-04-29 12:51:22] INFO epoch 97 it 1220/1704 loss 0.0150
[2026-04-29 12:51:22] INFO epoch 97 it 1240/1704 loss 0.0153
[2026-04-29 12:51:23] INFO epoch 97 it 1260/1704 loss 0.0148
[2026-04-29 12:51:23] INFO epoch 97 it 1280/1704 loss 0.0147
[2026-04-29 12:51:23] INFO epoch 97 it 1300/1704 loss 0.0150
[2026-04-29 12:51:23] INFO epoch 97 it 1320/1704 loss 0.0176
[2026-04-29 12:51:23] INFO epoch 97 it 1340/1704 loss 0.0155
[2026-04-29 12:51:24] INFO epoch 97 it 1360/1704 loss 0.0142
[2026-04-29 12:51:24] INFO epoch 97 it 1380/1704 loss 0.0153
[2026-04-29 12:51:24] INFO epoch 97 it 1400/1704 loss 0.0149
[2026-04-29 12:51:24] INFO epoch 97 it 1420/1704 loss 0.0149
[2026-04-29 12:51:25] INFO epoch 97 it 1440/1704 loss 0.0146
[2026-04-29 12:51:25] INFO epoch 97 it 1460/1704 loss 0.0157
[2026-04-29 12:51:25] INFO epoch 97 it 1480/1704 loss 0.0154
[2026-04-29 12:51:25] INFO epoch 97 it 1500/1704 loss 0.0163
[2026-04-29 12:51:25] INFO epoch 97 it 1520/1704 loss 0.0149
[2026-04-29 12:51:26] INFO epoch 97 it 1540/1704 loss 0.0147
[2026-04-29 12:51:26] INFO epoch 97 it 1560/1704 loss 0.0152
[2026-04-29 12:51:26] INFO epoch 97 it 1580/1704 loss 0.0143
[2026-04-29 12:51:26] INFO epoch 97 it 1600/1704 loss 0.0155
[2026-04-29 12:51:27] INFO epoch 97 it 1620/1704 loss 0.0145
[2026-04-29 12:51:27] INFO epoch 97 it 1640/1704 loss 0.0134
[2026-04-29 12:51:27] INFO epoch 97 it 1660/1704 loss 0.0148
[2026-04-29 12:51:27] INFO epoch 97 it 1680/1704 loss 0.0149
[2026-04-29 12:51:27] INFO epoch 97 it 1700/1704 loss 0.0156
[2026-04-29 12:51:29] INFO epoch 97 done in 62.1s lr=5.16e-05
[2026-04-29 12:52:06] INFO epoch 97 val MAE(HU): 26.42
[2026-04-29 12:52:48] INFO epoch 98 it 20/1704 loss 0.0154
[2026-04-29 12:52:49] INFO epoch 98 it 40/1704 loss 0.0147
[2026-04-29 12:52:49] INFO epoch 98 it 60/1704 loss 0.0146
[2026-04-29 12:52:49] INFO epoch 98 it 80/1704 loss 0.0142
[2026-04-29 12:52:49] INFO epoch 98 it 100/1704 loss 0.0148
[2026-04-29 12:52:50] INFO epoch 98 it 120/1704 loss 0.0151
[2026-04-29 12:52:50] INFO epoch 98 it 140/1704 loss 0.0144
[2026-04-29 12:52:50] INFO epoch 98 it 160/1704 loss 0.0145
[2026-04-29 12:52:50] INFO epoch 98 it 180/1704 loss 0.0148
[2026-04-29 12:52:50] INFO epoch 98 it 200/1704 loss 0.0156
[2026-04-29 12:52:51] INFO epoch 98 it 220/1704 loss 0.0151
[2026-04-29 12:52:51] INFO epoch 98 it 240/1704 loss 0.0163
[2026-04-29 12:52:51] INFO epoch 98 it 260/1704 loss 0.0150
[2026-04-29 12:52:51] INFO epoch 98 it 280/1704 loss 0.0151
[2026-04-29 12:52:52] INFO epoch 98 it 300/1704 loss 0.0150
[2026-04-29 12:52:52] INFO epoch 98 it 320/1704 loss 0.0155
[2026-04-29 12:52:52] INFO epoch 98 it 340/1704 loss 0.0148
[2026-04-29 12:52:52] INFO epoch 98 it 360/1704 loss 0.0160
[2026-04-29 12:52:52] INFO epoch 98 it 380/1704 loss 0.0143
[2026-04-29 12:52:53] INFO epoch 98 it 400/1704 loss 0.0152
[2026-04-29 12:52:53] INFO epoch 98 it 420/1704 loss 0.0146
[2026-04-29 12:52:53] INFO epoch 98 it 440/1704 loss 0.0148
[2026-04-29 12:52:53] INFO epoch 98 it 460/1704 loss 0.0153
[2026-04-29 12:52:54] INFO epoch 98 it 480/1704 loss 0.0144
[2026-04-29 12:52:54] INFO epoch 98 it 500/1704 loss 0.0141
[2026-04-29 12:52:54] INFO epoch 98 it 520/1704 loss 0.0158
[2026-04-29 12:52:54] INFO epoch 98 it 540/1704 loss 0.0162
[2026-04-29 12:52:54] INFO epoch 98 it 560/1704 loss 0.0141
[2026-04-29 12:52:55] INFO epoch 98 it 580/1704 loss 0.0150
[2026-04-29 12:52:55] INFO epoch 98 it 600/1704 loss 0.0150
[2026-04-29 12:52:55] INFO epoch 98 it 620/1704 loss 0.0157
[2026-04-29 12:52:55] INFO epoch 98 it 640/1704 loss 0.0146
[2026-04-29 12:52:56] INFO epoch 98 it 660/1704 loss 0.0159
[2026-04-29 12:52:56] INFO epoch 98 it 680/1704 loss 0.0150
[2026-04-29 12:52:56] INFO epoch 98 it 700/1704 loss 0.0156
[2026-04-29 12:52:56] INFO epoch 98 it 720/1704 loss 0.0158
[2026-04-29 12:52:56] INFO epoch 98 it 740/1704 loss 0.0150
[2026-04-29 12:52:57] INFO epoch 98 it 760/1704 loss 0.0149
[2026-04-29 12:52:57] INFO epoch 98 it 780/1704 loss 0.0153
[2026-04-29 12:52:57] INFO epoch 98 it 800/1704 loss 0.0148
[2026-04-29 12:52:57] INFO epoch 98 it 820/1704 loss 0.0157
[2026-04-29 12:52:58] INFO epoch 98 it 840/1704 loss 0.0149
[2026-04-29 12:52:58] INFO epoch 98 it 860/1704 loss 0.0146
[2026-04-29 12:52:58] INFO epoch 98 it 880/1704 loss 0.0160
[2026-04-29 12:52:58] INFO epoch 98 it 900/1704 loss 0.0153
[2026-04-29 12:52:58] INFO epoch 98 it 920/1704 loss 0.0157
[2026-04-29 12:52:59] INFO epoch 98 it 940/1704 loss 0.0151
[2026-04-29 12:52:59] INFO epoch 98 it 960/1704 loss 0.0148
[2026-04-29 12:52:59] INFO epoch 98 it 980/1704 loss 0.0144
[2026-04-29 12:52:59] INFO epoch 98 it 1000/1704 loss 0.0142
[2026-04-29 12:53:00] INFO epoch 98 it 1020/1704 loss 0.0147
[2026-04-29 12:53:00] INFO epoch 98 it 1040/1704 loss 0.0147
[2026-04-29 12:53:00] INFO epoch 98 it 1060/1704 loss 0.0146
[2026-04-29 12:53:00] INFO epoch 98 it 1080/1704 loss 0.0147
[2026-04-29 12:53:00] INFO epoch 98 it 1100/1704 loss 0.0147
[2026-04-29 12:53:01] INFO epoch 98 it 1120/1704 loss 0.0154
[2026-04-29 12:53:01] INFO epoch 98 it 1140/1704 loss 0.0155
[2026-04-29 12:53:01] INFO epoch 98 it 1160/1704 loss 0.0152
[2026-04-29 12:53:01] INFO epoch 98 it 1180/1704 loss 0.0149
[2026-04-29 12:53:02] INFO epoch 98 it 1200/1704 loss 0.0144
[2026-04-29 12:53:02] INFO epoch 98 it 1220/1704 loss 0.0148
[2026-04-29 12:53:02] INFO epoch 98 it 1240/1704 loss 0.0158
[2026-04-29 12:53:02] INFO epoch 98 it 1260/1704 loss 0.0153
[2026-04-29 12:53:02] INFO epoch 98 it 1280/1704 loss 0.0148
[2026-04-29 12:53:03] INFO epoch 98 it 1300/1704 loss 0.0147
[2026-04-29 12:53:03] INFO epoch 98 it 1320/1704 loss 0.0147
[2026-04-29 12:53:03] INFO epoch 98 it 1340/1704 loss 0.0149
[2026-04-29 12:53:03] INFO epoch 98 it 1360/1704 loss 0.0155
[2026-04-29 12:53:04] INFO epoch 98 it 1380/1704 loss 0.0152
[2026-04-29 12:53:04] INFO epoch 98 it 1400/1704 loss 0.0147
[2026-04-29 12:53:04] INFO epoch 98 it 1420/1704 loss 0.0158
[2026-04-29 12:53:04] INFO epoch 98 it 1440/1704 loss 0.0157
[2026-04-29 12:53:04] INFO epoch 98 it 1460/1704 loss 0.0153
[2026-04-29 12:53:05] INFO epoch 98 it 1480/1704 loss 0.0157
[2026-04-29 12:53:05] INFO epoch 98 it 1500/1704 loss 0.0146
[2026-04-29 12:53:05] INFO epoch 98 it 1520/1704 loss 0.0152
[2026-04-29 12:53:05] INFO epoch 98 it 1540/1704 loss 0.0159
[2026-04-29 12:53:06] INFO epoch 98 it 1560/1704 loss 0.0153
[2026-04-29 12:53:06] INFO epoch 98 it 1580/1704 loss 0.0144
[2026-04-29 12:53:06] INFO epoch 98 it 1600/1704 loss 0.0144
[2026-04-29 12:53:06] INFO epoch 98 it 1620/1704 loss 0.0151
[2026-04-29 12:53:06] INFO epoch 98 it 1640/1704 loss 0.0138
[2026-04-29 12:53:07] INFO epoch 98 it 1660/1704 loss 0.0155
[2026-04-29 12:53:07] INFO epoch 98 it 1680/1704 loss 0.0141
[2026-04-29 12:53:07] INFO epoch 98 it 1700/1704 loss 0.0163
[2026-04-29 12:53:09] INFO epoch 98 done in 62.0s lr=5.08e-05
[2026-04-29 12:53:46] INFO epoch 98 val MAE(HU): 26.21
[2026-04-29 12:53:46] INFO new best MAE: 26.21 ¡æ saved best.pth
[2026-04-29 12:54:28] INFO epoch 99 it 20/1704 loss 0.0144
[2026-04-29 12:54:28] INFO epoch 99 it 40/1704 loss 0.0154
[2026-04-29 12:54:29] INFO epoch 99 it 60/1704 loss 0.0149
[2026-04-29 12:54:29] INFO epoch 99 it 80/1704 loss 0.0147
[2026-04-29 12:54:29] INFO epoch 99 it 100/1704 loss 0.0161
[2026-04-29 12:54:29] INFO epoch 99 it 120/1704 loss 0.0155
[2026-04-29 12:54:30] INFO epoch 99 it 140/1704 loss 0.0148
[2026-04-29 12:54:30] INFO epoch 99 it 160/1704 loss 0.0147
[2026-04-29 12:54:30] INFO epoch 99 it 180/1704 loss 0.0156
[2026-04-29 12:54:30] INFO epoch 99 it 200/1704 loss 0.0158
[2026-04-29 12:54:30] INFO epoch 99 it 220/1704 loss 0.0149
[2026-04-29 12:54:31] INFO epoch 99 it 240/1704 loss 0.0149
[2026-04-29 12:54:31] INFO epoch 99 it 260/1704 loss 0.0156
[2026-04-29 12:54:31] INFO epoch 99 it 280/1704 loss 0.0155
[2026-04-29 12:54:31] INFO epoch 99 it 300/1704 loss 0.0159
[2026-04-29 12:54:32] INFO epoch 99 it 320/1704 loss 0.0140
[2026-04-29 12:54:32] INFO epoch 99 it 340/1704 loss 0.0146
[2026-04-29 12:54:32] INFO epoch 99 it 360/1704 loss 0.0142
[2026-04-29 12:54:32] INFO epoch 99 it 380/1704 loss 0.0150
[2026-04-29 12:54:32] INFO epoch 99 it 400/1704 loss 0.0149
[2026-04-29 12:54:33] INFO epoch 99 it 420/1704 loss 0.0148
[2026-04-29 12:54:33] INFO epoch 99 it 440/1704 loss 0.0153
[2026-04-29 12:54:33] INFO epoch 99 it 460/1704 loss 0.0138
[2026-04-29 12:54:33] INFO epoch 99 it 480/1704 loss 0.0154
[2026-04-29 12:54:34] INFO epoch 99 it 500/1704 loss 0.0153
[2026-04-29 12:54:34] INFO epoch 99 it 520/1704 loss 0.0157
[2026-04-29 12:54:34] INFO epoch 99 it 540/1704 loss 0.0149
[2026-04-29 12:54:34] INFO epoch 99 it 560/1704 loss 0.0153
[2026-04-29 12:54:34] INFO epoch 99 it 580/1704 loss 0.0160
[2026-04-29 12:54:35] INFO epoch 99 it 600/1704 loss 0.0146
[2026-04-29 12:54:35] INFO epoch 99 it 620/1704 loss 0.0151
[2026-04-29 12:54:35] INFO epoch 99 it 640/1704 loss 0.0155
[2026-04-29 12:54:35] INFO epoch 99 it 660/1704 loss 0.0157
[2026-04-29 12:54:36] INFO epoch 99 it 680/1704 loss 0.0141
[2026-04-29 12:54:36] INFO epoch 99 it 700/1704 loss 0.0146
[2026-04-29 12:54:36] INFO epoch 99 it 720/1704 loss 0.0149
[2026-04-29 12:54:36] INFO epoch 99 it 740/1704 loss 0.0149
[2026-04-29 12:54:36] INFO epoch 99 it 760/1704 loss 0.0143
[2026-04-29 12:54:37] INFO epoch 99 it 780/1704 loss 0.0150
[2026-04-29 12:54:37] INFO epoch 99 it 800/1704 loss 0.0132
[2026-04-29 12:54:37] INFO epoch 99 it 820/1704 loss 0.0142
[2026-04-29 12:54:37] INFO epoch 99 it 840/1704 loss 0.0144
[2026-04-29 12:54:38] INFO epoch 99 it 860/1704 loss 0.0160
[2026-04-29 12:54:38] INFO epoch 99 it 880/1704 loss 0.0145
[2026-04-29 12:54:38] INFO epoch 99 it 900/1704 loss 0.0156
[2026-04-29 12:54:38] INFO epoch 99 it 920/1704 loss 0.0148
[2026-04-29 12:54:38] INFO epoch 99 it 940/1704 loss 0.0154
[2026-04-29 12:54:39] INFO epoch 99 it 960/1704 loss 0.0150
[2026-04-29 12:54:39] INFO epoch 99 it 980/1704 loss 0.0155
[2026-04-29 12:54:39] INFO epoch 99 it 1000/1704 loss 0.0151
[2026-04-29 12:54:39] INFO epoch 99 it 1020/1704 loss 0.0155
[2026-04-29 12:54:40] INFO epoch 99 it 1040/1704 loss 0.0160
[2026-04-29 12:54:40] INFO epoch 99 it 1060/1704 loss 0.0148
[2026-04-29 12:54:40] INFO epoch 99 it 1080/1704 loss 0.0152
[2026-04-29 12:54:40] INFO epoch 99 it 1100/1704 loss 0.0151
[2026-04-29 12:54:40] INFO epoch 99 it 1120/1704 loss 0.0145
[2026-04-29 12:54:41] INFO epoch 99 it 1140/1704 loss 0.0151
[2026-04-29 12:54:41] INFO epoch 99 it 1160/1704 loss 0.0148
[2026-04-29 12:54:41] INFO epoch 99 it 1180/1704 loss 0.0153
[2026-04-29 12:54:41] INFO epoch 99 it 1200/1704 loss 0.0145
[2026-04-29 12:54:42] INFO epoch 99 it 1220/1704 loss 0.0154
[2026-04-29 12:54:42] INFO epoch 99 it 1240/1704 loss 0.0151
[2026-04-29 12:54:42] INFO epoch 99 it 1260/1704 loss 0.0141
[2026-04-29 12:54:42] INFO epoch 99 it 1280/1704 loss 0.0159
[2026-04-29 12:54:42] INFO epoch 99 it 1300/1704 loss 0.0143
[2026-04-29 12:54:43] INFO epoch 99 it 1320/1704 loss 0.0150
[2026-04-29 12:54:43] INFO epoch 99 it 1340/1704 loss 0.0147
[2026-04-29 12:54:43] INFO epoch 99 it 1360/1704 loss 0.0154
[2026-04-29 12:54:43] INFO epoch 99 it 1380/1704 loss 0.0137
[2026-04-29 12:54:44] INFO epoch 99 it 1400/1704 loss 0.0143
[2026-04-29 12:54:44] INFO epoch 99 it 1420/1704 loss 0.0142
[2026-04-29 12:54:44] INFO epoch 99 it 1440/1704 loss 0.0146
[2026-04-29 12:54:44] INFO epoch 99 it 1460/1704 loss 0.0146
[2026-04-29 12:54:44] INFO epoch 99 it 1480/1704 loss 0.0147
[2026-04-29 12:54:45] INFO epoch 99 it 1500/1704 loss 0.0134
[2026-04-29 12:54:45] INFO epoch 99 it 1520/1704 loss 0.0159
[2026-04-29 12:54:45] INFO epoch 99 it 1540/1704 loss 0.0149
[2026-04-29 12:54:45] INFO epoch 99 it 1560/1704 loss 0.0141
[2026-04-29 12:54:46] INFO epoch 99 it 1580/1704 loss 0.0153
[2026-04-29 12:54:46] INFO epoch 99 it 1600/1704 loss 0.0149
[2026-04-29 12:54:46] INFO epoch 99 it 1620/1704 loss 0.0143
[2026-04-29 12:54:46] INFO epoch 99 it 1640/1704 loss 0.0146
[2026-04-29 12:54:47] INFO epoch 99 it 1660/1704 loss 0.0159
[2026-04-29 12:54:47] INFO epoch 99 it 1680/1704 loss 0.0152
[2026-04-29 12:54:47] INFO epoch 99 it 1700/1704 loss 0.0151
[2026-04-29 12:54:48] INFO epoch 99 done in 62.0s lr=5.00e-05
[2026-04-29 12:55:26] INFO epoch 99 val MAE(HU): 26.35
[2026-04-29 12:56:08] INFO epoch 100 it 20/1704 loss 0.0139
[2026-04-29 12:56:08] INFO epoch 100 it 40/1704 loss 0.0146
[2026-04-29 12:56:08] INFO epoch 100 it 60/1704 loss 0.0142
[2026-04-29 12:56:09] INFO epoch 100 it 80/1704 loss 0.0147
[2026-04-29 12:56:09] INFO epoch 100 it 100/1704 loss 0.0159
[2026-04-29 12:56:09] INFO epoch 100 it 120/1704 loss 0.0155
[2026-04-29 12:56:09] INFO epoch 100 it 140/1704 loss 0.0147
[2026-04-29 12:56:09] INFO epoch 100 it 160/1704 loss 0.0154
[2026-04-29 12:56:10] INFO epoch 100 it 180/1704 loss 0.0154
[2026-04-29 12:56:10] INFO epoch 100 it 200/1704 loss 0.0134
[2026-04-29 12:56:10] INFO epoch 100 it 220/1704 loss 0.0148
[2026-04-29 12:56:10] INFO epoch 100 it 240/1704 loss 0.0152
[2026-04-29 12:56:11] INFO epoch 100 it 260/1704 loss 0.0146
[2026-04-29 12:56:11] INFO epoch 100 it 280/1704 loss 0.0142
[2026-04-29 12:56:11] INFO epoch 100 it 300/1704 loss 0.0153
[2026-04-29 12:56:11] INFO epoch 100 it 320/1704 loss 0.0152
[2026-04-29 12:56:11] INFO epoch 100 it 340/1704 loss 0.0152
[2026-04-29 12:56:12] INFO epoch 100 it 360/1704 loss 0.0141
[2026-04-29 12:56:12] INFO epoch 100 it 380/1704 loss 0.0141
[2026-04-29 12:56:12] INFO epoch 100 it 400/1704 loss 0.0144
[2026-04-29 12:56:12] INFO epoch 100 it 420/1704 loss 0.0149
[2026-04-29 12:56:13] INFO epoch 100 it 440/1704 loss 0.0158
[2026-04-29 12:56:13] INFO epoch 100 it 460/1704 loss 0.0149
[2026-04-29 12:56:13] INFO epoch 100 it 480/1704 loss 0.0150
[2026-04-29 12:56:13] INFO epoch 100 it 500/1704 loss 0.0151
[2026-04-29 12:56:13] INFO epoch 100 it 520/1704 loss 0.0140
[2026-04-29 12:56:14] INFO epoch 100 it 540/1704 loss 0.0161
[2026-04-29 12:56:14] INFO epoch 100 it 560/1704 loss 0.0156
[2026-04-29 12:56:14] INFO epoch 100 it 580/1704 loss 0.0148
[2026-04-29 12:56:14] INFO epoch 100 it 600/1704 loss 0.0152
[2026-04-29 12:56:15] INFO epoch 100 it 620/1704 loss 0.0143
[2026-04-29 12:56:15] INFO epoch 100 it 640/1704 loss 0.0150
[2026-04-29 12:56:15] INFO epoch 100 it 660/1704 loss 0.0147
[2026-04-29 12:56:15] INFO epoch 100 it 680/1704 loss 0.0136
[2026-04-29 12:56:15] INFO epoch 100 it 700/1704 loss 0.0151
[2026-04-29 12:56:16] INFO epoch 100 it 720/1704 loss 0.0150
[2026-04-29 12:56:16] INFO epoch 100 it 740/1704 loss 0.0156
[2026-04-29 12:56:16] INFO epoch 100 it 760/1704 loss 0.0147
[2026-04-29 12:56:16] INFO epoch 100 it 780/1704 loss 0.0159
[2026-04-29 12:56:17] INFO epoch 100 it 800/1704 loss 0.0160
[2026-04-29 12:56:17] INFO epoch 100 it 820/1704 loss 0.0154
[2026-04-29 12:56:17] INFO epoch 100 it 840/1704 loss 0.0146
[2026-04-29 12:56:17] INFO epoch 100 it 860/1704 loss 0.0146
[2026-04-29 12:56:17] INFO epoch 100 it 880/1704 loss 0.0147
[2026-04-29 12:56:18] INFO epoch 100 it 900/1704 loss 0.0147
[2026-04-29 12:56:18] INFO epoch 100 it 920/1704 loss 0.0153
[2026-04-29 12:56:18] INFO epoch 100 it 940/1704 loss 0.0156
[2026-04-29 12:56:18] INFO epoch 100 it 960/1704 loss 0.0151
[2026-04-29 12:56:19] INFO epoch 100 it 980/1704 loss 0.0144
[2026-04-29 12:56:19] INFO epoch 100 it 1000/1704 loss 0.0147
[2026-04-29 12:56:19] INFO epoch 100 it 1020/1704 loss 0.0150
[2026-04-29 12:56:19] INFO epoch 100 it 1040/1704 loss 0.0159
[2026-04-29 12:56:19] INFO epoch 100 it 1060/1704 loss 0.0149
[2026-04-29 12:56:20] INFO epoch 100 it 1080/1704 loss 0.0151
[2026-04-29 12:56:20] INFO epoch 100 it 1100/1704 loss 0.0146
[2026-04-29 12:56:20] INFO epoch 100 it 1120/1704 loss 0.0160
[2026-04-29 12:56:20] INFO epoch 100 it 1140/1704 loss 0.0151
[2026-04-29 12:56:21] INFO epoch 100 it 1160/1704 loss 0.0152
[2026-04-29 12:56:21] INFO epoch 100 it 1180/1704 loss 0.0159
[2026-04-29 12:56:21] INFO epoch 100 it 1200/1704 loss 0.0135
[2026-04-29 12:56:21] INFO epoch 100 it 1220/1704 loss 0.0150
[2026-04-29 12:56:21] INFO epoch 100 it 1240/1704 loss 0.0154
[2026-04-29 12:56:22] INFO epoch 100 it 1260/1704 loss 0.0149
[2026-04-29 12:56:22] INFO epoch 100 it 1280/1704 loss 0.0144
[2026-04-29 12:56:22] INFO epoch 100 it 1300/1704 loss 0.0154
[2026-04-29 12:56:22] INFO epoch 100 it 1320/1704 loss 0.0150
[2026-04-29 12:56:23] INFO epoch 100 it 1340/1704 loss 0.0149
[2026-04-29 12:56:23] INFO epoch 100 it 1360/1704 loss 0.0143
[2026-04-29 12:56:23] INFO epoch 100 it 1380/1704 loss 0.0150
[2026-04-29 12:56:23] INFO epoch 100 it 1400/1704 loss 0.0149
[2026-04-29 12:56:23] INFO epoch 100 it 1420/1704 loss 0.0160
[2026-04-29 12:56:24] INFO epoch 100 it 1440/1704 loss 0.0156
[2026-04-29 12:56:24] INFO epoch 100 it 1460/1704 loss 0.0148
[2026-04-29 12:56:24] INFO epoch 100 it 1480/1704 loss 0.0143
[2026-04-29 12:56:24] INFO epoch 100 it 1500/1704 loss 0.0154
[2026-04-29 12:56:25] INFO epoch 100 it 1520/1704 loss 0.0146
[2026-04-29 12:56:25] INFO epoch 100 it 1540/1704 loss 0.0143
[2026-04-29 12:56:25] INFO epoch 100 it 1560/1704 loss 0.0149
[2026-04-29 12:56:25] INFO epoch 100 it 1580/1704 loss 0.0159
[2026-04-29 12:56:25] INFO epoch 100 it 1600/1704 loss 0.0155
[2026-04-29 12:56:26] INFO epoch 100 it 1620/1704 loss 0.0152
[2026-04-29 12:56:26] INFO epoch 100 it 1640/1704 loss 0.0141
[2026-04-29 12:56:26] INFO epoch 100 it 1660/1704 loss 0.0147
[2026-04-29 12:56:26] INFO epoch 100 it 1680/1704 loss 0.0149
[2026-04-29 12:56:27] INFO epoch 100 it 1700/1704 loss 0.0160
[2026-04-29 12:56:28] INFO epoch 100 done in 61.9s lr=4.92e-05
[2026-04-29 12:57:05] INFO epoch 100 val MAE(HU): 26.24
[2026-04-29 12:57:47] INFO epoch 101 it 20/1704 loss 0.0146
[2026-04-29 12:57:48] INFO epoch 101 it 40/1704 loss 0.0151
[2026-04-29 12:57:48] INFO epoch 101 it 60/1704 loss 0.0151
[2026-04-29 12:57:48] INFO epoch 101 it 80/1704 loss 0.0148
[2026-04-29 12:57:48] INFO epoch 101 it 100/1704 loss 0.0147
[2026-04-29 12:57:49] INFO epoch 101 it 120/1704 loss 0.0155
[2026-04-29 12:57:49] INFO epoch 101 it 140/1704 loss 0.0150
[2026-04-29 12:57:49] INFO epoch 101 it 160/1704 loss 0.0149
[2026-04-29 12:57:49] INFO epoch 101 it 180/1704 loss 0.0144
[2026-04-29 12:57:49] INFO epoch 101 it 200/1704 loss 0.0158
[2026-04-29 12:57:50] INFO epoch 101 it 220/1704 loss 0.0150
[2026-04-29 12:57:50] INFO epoch 101 it 240/1704 loss 0.0144
[2026-04-29 12:57:50] INFO epoch 101 it 260/1704 loss 0.0144
[2026-04-29 12:57:50] INFO epoch 101 it 280/1704 loss 0.0148
[2026-04-29 12:57:51] INFO epoch 101 it 300/1704 loss 0.0143
[2026-04-29 12:57:51] INFO epoch 101 it 320/1704 loss 0.0154
[2026-04-29 12:57:51] INFO epoch 101 it 340/1704 loss 0.0139
[2026-04-29 12:57:51] INFO epoch 101 it 360/1704 loss 0.0151
[2026-04-29 12:57:51] INFO epoch 101 it 380/1704 loss 0.0148
[2026-04-29 12:57:52] INFO epoch 101 it 400/1704 loss 0.0142
[2026-04-29 12:57:52] INFO epoch 101 it 420/1704 loss 0.0154
[2026-04-29 12:57:52] INFO epoch 101 it 440/1704 loss 0.0146
[2026-04-29 12:57:52] INFO epoch 101 it 460/1704 loss 0.0158
[2026-04-29 12:57:53] INFO epoch 101 it 480/1704 loss 0.0148
[2026-04-29 12:57:53] INFO epoch 101 it 500/1704 loss 0.0156
[2026-04-29 12:57:53] INFO epoch 101 it 520/1704 loss 0.0141
[2026-04-29 12:57:53] INFO epoch 101 it 540/1704 loss 0.0148
[2026-04-29 12:57:53] INFO epoch 101 it 560/1704 loss 0.0144
[2026-04-29 12:57:54] INFO epoch 101 it 580/1704 loss 0.0153
[2026-04-29 12:57:54] INFO epoch 101 it 600/1704 loss 0.0151
[2026-04-29 12:57:54] INFO epoch 101 it 620/1704 loss 0.0153
[2026-04-29 12:57:54] INFO epoch 101 it 640/1704 loss 0.0159
[2026-04-29 12:57:55] INFO epoch 101 it 660/1704 loss 0.0151
[2026-04-29 12:57:55] INFO epoch 101 it 680/1704 loss 0.0155
[2026-04-29 12:57:55] INFO epoch 101 it 700/1704 loss 0.0150
[2026-04-29 12:57:55] INFO epoch 101 it 720/1704 loss 0.0146
[2026-04-29 12:57:55] INFO epoch 101 it 740/1704 loss 0.0151
[2026-04-29 12:57:56] INFO epoch 101 it 760/1704 loss 0.0147
[2026-04-29 12:57:56] INFO epoch 101 it 780/1704 loss 0.0149
[2026-04-29 12:57:56] INFO epoch 101 it 800/1704 loss 0.0153
[2026-04-29 12:57:56] INFO epoch 101 it 820/1704 loss 0.0143
[2026-04-29 12:57:57] INFO epoch 101 it 840/1704 loss 0.0145
[2026-04-29 12:57:57] INFO epoch 101 it 860/1704 loss 0.0155
[2026-04-29 12:57:57] INFO epoch 101 it 880/1704 loss 0.0147
[2026-04-29 12:57:57] INFO epoch 101 it 900/1704 loss 0.0150
[2026-04-29 12:57:57] INFO epoch 101 it 920/1704 loss 0.0152
[2026-04-29 12:57:58] INFO epoch 101 it 940/1704 loss 0.0144
[2026-04-29 12:57:58] INFO epoch 101 it 960/1704 loss 0.0150
[2026-04-29 12:57:58] INFO epoch 101 it 980/1704 loss 0.0145
[2026-04-29 12:57:58] INFO epoch 101 it 1000/1704 loss 0.0145
[2026-04-29 12:57:59] INFO epoch 101 it 1020/1704 loss 0.0147
[2026-04-29 12:57:59] INFO epoch 101 it 1040/1704 loss 0.0147
[2026-04-29 12:57:59] INFO epoch 101 it 1060/1704 loss 0.0141
[2026-04-29 12:57:59] INFO epoch 101 it 1080/1704 loss 0.0150
[2026-04-29 12:57:59] INFO epoch 101 it 1100/1704 loss 0.0154
[2026-04-29 12:58:00] INFO epoch 101 it 1120/1704 loss 0.0150
[2026-04-29 12:58:00] INFO epoch 101 it 1140/1704 loss 0.0154
[2026-04-29 12:58:00] INFO epoch 101 it 1160/1704 loss 0.0153
[2026-04-29 12:58:00] INFO epoch 101 it 1180/1704 loss 0.0145
[2026-04-29 12:58:01] INFO epoch 101 it 1200/1704 loss 0.0151
[2026-04-29 12:58:01] INFO epoch 101 it 1220/1704 loss 0.0156
[2026-04-29 12:58:01] INFO epoch 101 it 1240/1704 loss 0.0155
[2026-04-29 12:58:01] INFO epoch 101 it 1260/1704 loss 0.0142
[2026-04-29 12:58:01] INFO epoch 101 it 1280/1704 loss 0.0154
[2026-04-29 12:58:02] INFO epoch 101 it 1300/1704 loss 0.0150
[2026-04-29 12:58:02] INFO epoch 101 it 1320/1704 loss 0.0150
[2026-04-29 12:58:02] INFO epoch 101 it 1340/1704 loss 0.0158
[2026-04-29 12:58:02] INFO epoch 101 it 1360/1704 loss 0.0150
[2026-04-29 12:58:03] INFO epoch 101 it 1380/1704 loss 0.0150
[2026-04-29 12:58:03] INFO epoch 101 it 1400/1704 loss 0.0150
[2026-04-29 12:58:03] INFO epoch 101 it 1420/1704 loss 0.0154
[2026-04-29 12:58:03] INFO epoch 101 it 1440/1704 loss 0.0142
[2026-04-29 12:58:03] INFO epoch 101 it 1460/1704 loss 0.0146
[2026-04-29 12:58:04] INFO epoch 101 it 1480/1704 loss 0.0142
[2026-04-29 12:58:04] INFO epoch 101 it 1500/1704 loss 0.0140
[2026-04-29 12:58:04] INFO epoch 101 it 1520/1704 loss 0.0134
[2026-04-29 12:58:04] INFO epoch 101 it 1540/1704 loss 0.0143
[2026-04-29 12:58:05] INFO epoch 101 it 1560/1704 loss 0.0142
[2026-04-29 12:58:05] INFO epoch 101 it 1580/1704 loss 0.0157
[2026-04-29 12:58:05] INFO epoch 101 it 1600/1704 loss 0.0149
[2026-04-29 12:58:05] INFO epoch 101 it 1620/1704 loss 0.0153
[2026-04-29 12:58:05] INFO epoch 101 it 1640/1704 loss 0.0150
[2026-04-29 12:58:06] INFO epoch 101 it 1660/1704 loss 0.0150
[2026-04-29 12:58:06] INFO epoch 101 it 1680/1704 loss 0.0154
[2026-04-29 12:58:06] INFO epoch 101 it 1700/1704 loss 0.0158
[2026-04-29 12:58:07] INFO epoch 101 done in 62.0s lr=4.84e-05
[2026-04-29 12:58:45] INFO epoch 101 val MAE(HU): 26.47
[2026-04-29 12:59:27] INFO epoch 102 it 20/1704 loss 0.0145
[2026-04-29 12:59:27] INFO epoch 102 it 40/1704 loss 0.0141
[2026-04-29 12:59:28] INFO epoch 102 it 60/1704 loss 0.0154
[2026-04-29 12:59:28] INFO epoch 102 it 80/1704 loss 0.0133
[2026-04-29 12:59:28] INFO epoch 102 it 100/1704 loss 0.0149
[2026-04-29 12:59:28] INFO epoch 102 it 120/1704 loss 0.0140
[2026-04-29 12:59:28] INFO epoch 102 it 140/1704 loss 0.0151
[2026-04-29 12:59:29] INFO epoch 102 it 160/1704 loss 0.0156
[2026-04-29 12:59:29] INFO epoch 102 it 180/1704 loss 0.0145
[2026-04-29 12:59:29] INFO epoch 102 it 200/1704 loss 0.0149
[2026-04-29 12:59:29] INFO epoch 102 it 220/1704 loss 0.0142
[2026-04-29 12:59:30] INFO epoch 102 it 240/1704 loss 0.0151
[2026-04-29 12:59:30] INFO epoch 102 it 260/1704 loss 0.0148
[2026-04-29 12:59:30] INFO epoch 102 it 280/1704 loss 0.0153
[2026-04-29 12:59:30] INFO epoch 102 it 300/1704 loss 0.0149
[2026-04-29 12:59:30] INFO epoch 102 it 320/1704 loss 0.0156
[2026-04-29 12:59:31] INFO epoch 102 it 340/1704 loss 0.0164
[2026-04-29 12:59:31] INFO epoch 102 it 360/1704 loss 0.0147
[2026-04-29 12:59:31] INFO epoch 102 it 380/1704 loss 0.0147
[2026-04-29 12:59:31] INFO epoch 102 it 400/1704 loss 0.0146
[2026-04-29 12:59:32] INFO epoch 102 it 420/1704 loss 0.0153
[2026-04-29 12:59:32] INFO epoch 102 it 440/1704 loss 0.0143
[2026-04-29 12:59:32] INFO epoch 102 it 460/1704 loss 0.0144
[2026-04-29 12:59:32] INFO epoch 102 it 480/1704 loss 0.0144
[2026-04-29 12:59:32] INFO epoch 102 it 500/1704 loss 0.0152
[2026-04-29 12:59:33] INFO epoch 102 it 520/1704 loss 0.0146
[2026-04-29 12:59:33] INFO epoch 102 it 540/1704 loss 0.0143
[2026-04-29 12:59:33] INFO epoch 102 it 560/1704 loss 0.0137
[2026-04-29 12:59:33] INFO epoch 102 it 580/1704 loss 0.0151
[2026-04-29 12:59:34] INFO epoch 102 it 600/1704 loss 0.0151
[2026-04-29 12:59:34] INFO epoch 102 it 620/1704 loss 0.0146
[2026-04-29 12:59:34] INFO epoch 102 it 640/1704 loss 0.0140
[2026-04-29 12:59:34] INFO epoch 102 it 660/1704 loss 0.0151
[2026-04-29 12:59:35] INFO epoch 102 it 680/1704 loss 0.0151
[2026-04-29 12:59:35] INFO epoch 102 it 700/1704 loss 0.0139
[2026-04-29 12:59:35] INFO epoch 102 it 720/1704 loss 0.0154
[2026-04-29 12:59:35] INFO epoch 102 it 740/1704 loss 0.0151
[2026-04-29 12:59:35] INFO epoch 102 it 760/1704 loss 0.0152
[2026-04-29 12:59:36] INFO epoch 102 it 780/1704 loss 0.0153
[2026-04-29 12:59:36] INFO epoch 102 it 800/1704 loss 0.0146
[2026-04-29 12:59:36] INFO epoch 102 it 820/1704 loss 0.0151
[2026-04-29 12:59:36] INFO epoch 102 it 840/1704 loss 0.0152
[2026-04-29 12:59:37] INFO epoch 102 it 860/1704 loss 0.0158
[2026-04-29 12:59:37] INFO epoch 102 it 880/1704 loss 0.0142
[2026-04-29 12:59:37] INFO epoch 102 it 900/1704 loss 0.0150
[2026-04-29 12:59:37] INFO epoch 102 it 920/1704 loss 0.0154
[2026-04-29 12:59:37] INFO epoch 102 it 940/1704 loss 0.0142
[2026-04-29 12:59:38] INFO epoch 102 it 960/1704 loss 0.0152
[2026-04-29 12:59:38] INFO epoch 102 it 980/1704 loss 0.0153
[2026-04-29 12:59:38] INFO epoch 102 it 1000/1704 loss 0.0147
[2026-04-29 12:59:38] INFO epoch 102 it 1020/1704 loss 0.0152
[2026-04-29 12:59:39] INFO epoch 102 it 1040/1704 loss 0.0144
[2026-04-29 12:59:39] INFO epoch 102 it 1060/1704 loss 0.0138
[2026-04-29 12:59:39] INFO epoch 102 it 1080/1704 loss 0.0139
[2026-04-29 12:59:39] INFO epoch 102 it 1100/1704 loss 0.0160
[2026-04-29 12:59:39] INFO epoch 102 it 1120/1704 loss 0.0157
[2026-04-29 12:59:40] INFO epoch 102 it 1140/1704 loss 0.0150
[2026-04-29 12:59:40] INFO epoch 102 it 1160/1704 loss 0.0154
[2026-04-29 12:59:40] INFO epoch 102 it 1180/1704 loss 0.0152
[2026-04-29 12:59:40] INFO epoch 102 it 1200/1704 loss 0.0147
[2026-04-29 12:59:41] INFO epoch 102 it 1220/1704 loss 0.0144
[2026-04-29 12:59:41] INFO epoch 102 it 1240/1704 loss 0.0150
[2026-04-29 12:59:41] INFO epoch 102 it 1260/1704 loss 0.0149
[2026-04-29 12:59:41] INFO epoch 102 it 1280/1704 loss 0.0150
[2026-04-29 12:59:41] INFO epoch 102 it 1300/1704 loss 0.0150
[2026-04-29 12:59:42] INFO epoch 102 it 1320/1704 loss 0.0147
[2026-04-29 12:59:42] INFO epoch 102 it 1340/1704 loss 0.0149
[2026-04-29 12:59:42] INFO epoch 102 it 1360/1704 loss 0.0151
[2026-04-29 12:59:42] INFO epoch 102 it 1380/1704 loss 0.0146
[2026-04-29 12:59:43] INFO epoch 102 it 1400/1704 loss 0.0158
[2026-04-29 12:59:43] INFO epoch 102 it 1420/1704 loss 0.0143
[2026-04-29 12:59:43] INFO epoch 102 it 1440/1704 loss 0.0161
[2026-04-29 12:59:43] INFO epoch 102 it 1460/1704 loss 0.0153
[2026-04-29 12:59:43] INFO epoch 102 it 1480/1704 loss 0.0144
[2026-04-29 12:59:44] INFO epoch 102 it 1500/1704 loss 0.0155
[2026-04-29 12:59:44] INFO epoch 102 it 1520/1704 loss 0.0146
[2026-04-29 12:59:44] INFO epoch 102 it 1540/1704 loss 0.0147
[2026-04-29 12:59:44] INFO epoch 102 it 1560/1704 loss 0.0148
[2026-04-29 12:59:45] INFO epoch 102 it 1580/1704 loss 0.0147
[2026-04-29 12:59:45] INFO epoch 102 it 1600/1704 loss 0.0154
[2026-04-29 12:59:45] INFO epoch 102 it 1620/1704 loss 0.0158
[2026-04-29 12:59:45] INFO epoch 102 it 1640/1704 loss 0.0148
[2026-04-29 12:59:45] INFO epoch 102 it 1660/1704 loss 0.0144
[2026-04-29 12:59:46] INFO epoch 102 it 1680/1704 loss 0.0146
[2026-04-29 12:59:46] INFO epoch 102 it 1700/1704 loss 0.0155
[2026-04-29 12:59:47] INFO epoch 102 done in 62.1s lr=4.76e-05
[2026-04-29 13:00:25] INFO epoch 102 val MAE(HU): 26.17
[2026-04-29 13:00:25] INFO new best MAE: 26.17 ¡æ saved best.pth
[2026-04-29 13:01:07] INFO epoch 103 it 20/1704 loss 0.0147
[2026-04-29 13:01:07] INFO epoch 103 it 40/1704 loss 0.0154
[2026-04-29 13:01:07] INFO epoch 103 it 60/1704 loss 0.0151
[2026-04-29 13:01:08] INFO epoch 103 it 80/1704 loss 0.0149
[2026-04-29 13:01:08] INFO epoch 103 it 100/1704 loss 0.0145
[2026-04-29 13:01:08] INFO epoch 103 it 120/1704 loss 0.0149
[2026-04-29 13:01:08] INFO epoch 103 it 140/1704 loss 0.0145
[2026-04-29 13:01:08] INFO epoch 103 it 160/1704 loss 0.0148
[2026-04-29 13:01:09] INFO epoch 103 it 180/1704 loss 0.0144
[2026-04-29 13:01:09] INFO epoch 103 it 200/1704 loss 0.0150
[2026-04-29 13:01:09] INFO epoch 103 it 220/1704 loss 0.0152
[2026-04-29 13:01:09] INFO epoch 103 it 240/1704 loss 0.0145
[2026-04-29 13:01:10] INFO epoch 103 it 260/1704 loss 0.0144
[2026-04-29 13:01:10] INFO epoch 103 it 280/1704 loss 0.0152
[2026-04-29 13:01:10] INFO epoch 103 it 300/1704 loss 0.0149
[2026-04-29 13:01:10] INFO epoch 103 it 320/1704 loss 0.0159
[2026-04-29 13:01:10] INFO epoch 103 it 340/1704 loss 0.0145
[2026-04-29 13:01:11] INFO epoch 103 it 360/1704 loss 0.0151
[2026-04-29 13:01:11] INFO epoch 103 it 380/1704 loss 0.0153
[2026-04-29 13:01:11] INFO epoch 103 it 400/1704 loss 0.0148
[2026-04-29 13:01:11] INFO epoch 103 it 420/1704 loss 0.0146
[2026-04-29 13:01:12] INFO epoch 103 it 440/1704 loss 0.0151
[2026-04-29 13:01:12] INFO epoch 103 it 460/1704 loss 0.0147
[2026-04-29 13:01:12] INFO epoch 103 it 480/1704 loss 0.0152
[2026-04-29 13:01:12] INFO epoch 103 it 500/1704 loss 0.0148
[2026-04-29 13:01:12] INFO epoch 103 it 520/1704 loss 0.0152
[2026-04-29 13:01:13] INFO epoch 103 it 540/1704 loss 0.0133
[2026-04-29 13:01:13] INFO epoch 103 it 560/1704 loss 0.0142
[2026-04-29 13:01:13] INFO epoch 103 it 580/1704 loss 0.0152
[2026-04-29 13:01:13] INFO epoch 103 it 600/1704 loss 0.0150
[2026-04-29 13:01:14] INFO epoch 103 it 620/1704 loss 0.0135
[2026-04-29 13:01:14] INFO epoch 103 it 640/1704 loss 0.0148
[2026-04-29 13:01:14] INFO epoch 103 it 660/1704 loss 0.0148
[2026-04-29 13:01:14] INFO epoch 103 it 680/1704 loss 0.0144
[2026-04-29 13:01:14] INFO epoch 103 it 700/1704 loss 0.0143
[2026-04-29 13:01:15] INFO epoch 103 it 720/1704 loss 0.0149
[2026-04-29 13:01:15] INFO epoch 103 it 740/1704 loss 0.0137
[2026-04-29 13:01:15] INFO epoch 103 it 760/1704 loss 0.0151
[2026-04-29 13:01:15] INFO epoch 103 it 780/1704 loss 0.0149
[2026-04-29 13:01:16] INFO epoch 103 it 800/1704 loss 0.0149
[2026-04-29 13:01:16] INFO epoch 103 it 820/1704 loss 0.0141
[2026-04-29 13:01:16] INFO epoch 103 it 840/1704 loss 0.0158
[2026-04-29 13:01:16] INFO epoch 103 it 860/1704 loss 0.0144
[2026-04-29 13:01:16] INFO epoch 103 it 880/1704 loss 0.0137
[2026-04-29 13:01:17] INFO epoch 103 it 900/1704 loss 0.0152
[2026-04-29 13:01:17] INFO epoch 103 it 920/1704 loss 0.0156
[2026-04-29 13:01:17] INFO epoch 103 it 940/1704 loss 0.0146
[2026-04-29 13:01:17] INFO epoch 103 it 960/1704 loss 0.0159
[2026-04-29 13:01:18] INFO epoch 103 it 980/1704 loss 0.0147
[2026-04-29 13:01:18] INFO epoch 103 it 1000/1704 loss 0.0157
[2026-04-29 13:01:18] INFO epoch 103 it 1020/1704 loss 0.0149
[2026-04-29 13:01:18] INFO epoch 103 it 1040/1704 loss 0.0150
[2026-04-29 13:01:18] INFO epoch 103 it 1060/1704 loss 0.0151
[2026-04-29 13:01:19] INFO epoch 103 it 1080/1704 loss 0.0161
[2026-04-29 13:01:19] INFO epoch 103 it 1100/1704 loss 0.0142
[2026-04-29 13:01:19] INFO epoch 103 it 1120/1704 loss 0.0156
[2026-04-29 13:01:19] INFO epoch 103 it 1140/1704 loss 0.0146
[2026-04-29 13:01:20] INFO epoch 103 it 1160/1704 loss 0.0141
[2026-04-29 13:01:20] INFO epoch 103 it 1180/1704 loss 0.0144
[2026-04-29 13:01:20] INFO epoch 103 it 1200/1704 loss 0.0141
[2026-04-29 13:01:20] INFO epoch 103 it 1220/1704 loss 0.0147
[2026-04-29 13:01:20] INFO epoch 103 it 1240/1704 loss 0.0154
[2026-04-29 13:01:21] INFO epoch 103 it 1260/1704 loss 0.0144
[2026-04-29 13:01:21] INFO epoch 103 it 1280/1704 loss 0.0145
[2026-04-29 13:01:21] INFO epoch 103 it 1300/1704 loss 0.0150
[2026-04-29 13:01:21] INFO epoch 103 it 1320/1704 loss 0.0146
[2026-04-29 13:01:22] INFO epoch 103 it 1340/1704 loss 0.0158
[2026-04-29 13:01:22] INFO epoch 103 it 1360/1704 loss 0.0138
[2026-04-29 13:01:22] INFO epoch 103 it 1380/1704 loss 0.0149
[2026-04-29 13:01:22] INFO epoch 103 it 1400/1704 loss 0.0147
[2026-04-29 13:01:22] INFO epoch 103 it 1420/1704 loss 0.0151
[2026-04-29 13:01:23] INFO epoch 103 it 1440/1704 loss 0.0149
[2026-04-29 13:01:23] INFO epoch 103 it 1460/1704 loss 0.0143
[2026-04-29 13:01:23] INFO epoch 103 it 1480/1704 loss 0.0145
[2026-04-29 13:01:23] INFO epoch 103 it 1500/1704 loss 0.0151
[2026-04-29 13:01:24] INFO epoch 103 it 1520/1704 loss 0.0155
[2026-04-29 13:01:24] INFO epoch 103 it 1540/1704 loss 0.0151
[2026-04-29 13:01:24] INFO epoch 103 it 1560/1704 loss 0.0146
[2026-04-29 13:01:24] INFO epoch 103 it 1580/1704 loss 0.0149
[2026-04-29 13:01:24] INFO epoch 103 it 1600/1704 loss 0.0145
[2026-04-29 13:01:25] INFO epoch 103 it 1620/1704 loss 0.0153
[2026-04-29 13:01:25] INFO epoch 103 it 1640/1704 loss 0.0147
[2026-04-29 13:01:25] INFO epoch 103 it 1660/1704 loss 0.0145
[2026-04-29 13:01:25] INFO epoch 103 it 1680/1704 loss 0.0149
[2026-04-29 13:01:26] INFO epoch 103 it 1700/1704 loss 0.0149
[2026-04-29 13:01:27] INFO epoch 103 done in 62.0s lr=4.69e-05
[2026-04-29 13:02:05] INFO epoch 103 val MAE(HU): 26.25
[2026-04-29 13:02:47] INFO epoch 104 it 20/1704 loss 0.0152
[2026-04-29 13:02:47] INFO epoch 104 it 40/1704 loss 0.0156
[2026-04-29 13:02:47] INFO epoch 104 it 60/1704 loss 0.0157
[2026-04-29 13:02:47] INFO epoch 104 it 80/1704 loss 0.0135
[2026-04-29 13:02:47] INFO epoch 104 it 100/1704 loss 0.0138
[2026-04-29 13:02:48] INFO epoch 104 it 120/1704 loss 0.0140
[2026-04-29 13:02:48] INFO epoch 104 it 140/1704 loss 0.0156
[2026-04-29 13:02:48] INFO epoch 104 it 160/1704 loss 0.0147
[2026-04-29 13:02:48] INFO epoch 104 it 180/1704 loss 0.0144
[2026-04-29 13:02:49] INFO epoch 104 it 200/1704 loss 0.0154
[2026-04-29 13:02:49] INFO epoch 104 it 220/1704 loss 0.0152
[2026-04-29 13:02:49] INFO epoch 104 it 240/1704 loss 0.0143
[2026-04-29 13:02:49] INFO epoch 104 it 260/1704 loss 0.0143
[2026-04-29 13:02:50] INFO epoch 104 it 280/1704 loss 0.0134
[2026-04-29 13:02:50] INFO epoch 104 it 300/1704 loss 0.0158
[2026-04-29 13:02:50] INFO epoch 104 it 320/1704 loss 0.0148
[2026-04-29 13:02:50] INFO epoch 104 it 340/1704 loss 0.0149
[2026-04-29 13:02:50] INFO epoch 104 it 360/1704 loss 0.0152
[2026-04-29 13:02:51] INFO epoch 104 it 380/1704 loss 0.0151
[2026-04-29 13:02:51] INFO epoch 104 it 400/1704 loss 0.0144
[2026-04-29 13:02:51] INFO epoch 104 it 420/1704 loss 0.0145
[2026-04-29 13:02:51] INFO epoch 104 it 440/1704 loss 0.0148
[2026-04-29 13:02:52] INFO epoch 104 it 460/1704 loss 0.0149
[2026-04-29 13:02:52] INFO epoch 104 it 480/1704 loss 0.0151
[2026-04-29 13:02:52] INFO epoch 104 it 500/1704 loss 0.0152
[2026-04-29 13:02:52] INFO epoch 104 it 520/1704 loss 0.0144
[2026-04-29 13:02:52] INFO epoch 104 it 540/1704 loss 0.0145
[2026-04-29 13:02:53] INFO epoch 104 it 560/1704 loss 0.0137
[2026-04-29 13:02:53] INFO epoch 104 it 580/1704 loss 0.0153
[2026-04-29 13:02:53] INFO epoch 104 it 600/1704 loss 0.0147
[2026-04-29 13:02:53] INFO epoch 104 it 620/1704 loss 0.0158
[2026-04-29 13:02:54] INFO epoch 104 it 640/1704 loss 0.0147
[2026-04-29 13:02:54] INFO epoch 104 it 660/1704 loss 0.0143
[2026-04-29 13:02:54] INFO epoch 104 it 680/1704 loss 0.0150
[2026-04-29 13:02:54] INFO epoch 104 it 700/1704 loss 0.0150
[2026-04-29 13:02:54] INFO epoch 104 it 720/1704 loss 0.0145
[2026-04-29 13:02:55] INFO epoch 104 it 740/1704 loss 0.0149
[2026-04-29 13:02:55] INFO epoch 104 it 760/1704 loss 0.0144
[2026-04-29 13:02:55] INFO epoch 104 it 780/1704 loss 0.0153
[2026-04-29 13:02:55] INFO epoch 104 it 800/1704 loss 0.0145
[2026-04-29 13:02:56] INFO epoch 104 it 820/1704 loss 0.0140
[2026-04-29 13:02:56] INFO epoch 104 it 840/1704 loss 0.0148
[2026-04-29 13:02:56] INFO epoch 104 it 860/1704 loss 0.0142
[2026-04-29 13:02:56] INFO epoch 104 it 880/1704 loss 0.0150
[2026-04-29 13:02:56] INFO epoch 104 it 900/1704 loss 0.0145
[2026-04-29 13:02:57] INFO epoch 104 it 920/1704 loss 0.0151
[2026-04-29 13:02:57] INFO epoch 104 it 940/1704 loss 0.0155
[2026-04-29 13:02:57] INFO epoch 104 it 960/1704 loss 0.0155
[2026-04-29 13:02:57] INFO epoch 104 it 980/1704 loss 0.0140
[2026-04-29 13:02:57] INFO epoch 104 it 1000/1704 loss 0.0148
[2026-04-29 13:02:58] INFO epoch 104 it 1020/1704 loss 0.0148
[2026-04-29 13:02:58] INFO epoch 104 it 1040/1704 loss 0.0152
[2026-04-29 13:02:58] INFO epoch 104 it 1060/1704 loss 0.0143
[2026-04-29 13:02:58] INFO epoch 104 it 1080/1704 loss 0.0146
[2026-04-29 13:02:59] INFO epoch 104 it 1100/1704 loss 0.0153
[2026-04-29 13:02:59] INFO epoch 104 it 1120/1704 loss 0.0148
[2026-04-29 13:02:59] INFO epoch 104 it 1140/1704 loss 0.0153
[2026-04-29 13:02:59] INFO epoch 104 it 1160/1704 loss 0.0139
[2026-04-29 13:02:59] INFO epoch 104 it 1180/1704 loss 0.0150
[2026-04-29 13:03:00] INFO epoch 104 it 1200/1704 loss 0.0143
[2026-04-29 13:03:00] INFO epoch 104 it 1220/1704 loss 0.0151
[2026-04-29 13:03:00] INFO epoch 104 it 1240/1704 loss 0.0148
[2026-04-29 13:03:00] INFO epoch 104 it 1260/1704 loss 0.0144
[2026-04-29 13:03:01] INFO epoch 104 it 1280/1704 loss 0.0147
[2026-04-29 13:03:01] INFO epoch 104 it 1300/1704 loss 0.0150
[2026-04-29 13:03:01] INFO epoch 104 it 1320/1704 loss 0.0148
[2026-04-29 13:03:01] INFO epoch 104 it 1340/1704 loss 0.0139
[2026-04-29 13:03:02] INFO epoch 104 it 1360/1704 loss 0.0152
[2026-04-29 13:03:02] INFO epoch 104 it 1380/1704 loss 0.0150
[2026-04-29 13:03:02] INFO epoch 104 it 1400/1704 loss 0.0146
[2026-04-29 13:03:02] INFO epoch 104 it 1420/1704 loss 0.0148
[2026-04-29 13:03:02] INFO epoch 104 it 1440/1704 loss 0.0159
[2026-04-29 13:03:03] INFO epoch 104 it 1460/1704 loss 0.0151
[2026-04-29 13:03:03] INFO epoch 104 it 1480/1704 loss 0.0147
[2026-04-29 13:03:03] INFO epoch 104 it 1500/1704 loss 0.0145
[2026-04-29 13:03:03] INFO epoch 104 it 1520/1704 loss 0.0154
[2026-04-29 13:03:04] INFO epoch 104 it 1540/1704 loss 0.0139
[2026-04-29 13:03:04] INFO epoch 104 it 1560/1704 loss 0.0144
[2026-04-29 13:03:04] INFO epoch 104 it 1580/1704 loss 0.0143
[2026-04-29 13:03:04] INFO epoch 104 it 1600/1704 loss 0.0149
[2026-04-29 13:03:04] INFO epoch 104 it 1620/1704 loss 0.0145
[2026-04-29 13:03:05] INFO epoch 104 it 1640/1704 loss 0.0141
[2026-04-29 13:03:05] INFO epoch 104 it 1660/1704 loss 0.0149
[2026-04-29 13:03:05] INFO epoch 104 it 1680/1704 loss 0.0145
[2026-04-29 13:03:05] INFO epoch 104 it 1700/1704 loss 0.0156
[2026-04-29 13:03:07] INFO epoch 104 done in 62.1s lr=4.61e-05
[2026-04-29 13:03:44] INFO epoch 104 val MAE(HU): 26.39
[2026-04-29 13:04:26] INFO epoch 105 it 20/1704 loss 0.0144
[2026-04-29 13:04:26] INFO epoch 105 it 40/1704 loss 0.0137
[2026-04-29 13:04:27] INFO epoch 105 it 60/1704 loss 0.0156
[2026-04-29 13:04:27] INFO epoch 105 it 80/1704 loss 0.0151
[2026-04-29 13:04:27] INFO epoch 105 it 100/1704 loss 0.0137
[2026-04-29 13:04:27] INFO epoch 105 it 120/1704 loss 0.0145
[2026-04-29 13:04:28] INFO epoch 105 it 140/1704 loss 0.0137
[2026-04-29 13:04:28] INFO epoch 105 it 160/1704 loss 0.0154
[2026-04-29 13:04:28] INFO epoch 105 it 180/1704 loss 0.0155
[2026-04-29 13:04:28] INFO epoch 105 it 200/1704 loss 0.0145
[2026-04-29 13:04:29] INFO epoch 105 it 220/1704 loss 0.0142
[2026-04-29 13:04:29] INFO epoch 105 it 240/1704 loss 0.0150
[2026-04-29 13:04:29] INFO epoch 105 it 260/1704 loss 0.0150
[2026-04-29 13:04:29] INFO epoch 105 it 280/1704 loss 0.0149
[2026-04-29 13:04:29] INFO epoch 105 it 300/1704 loss 0.0132
[2026-04-29 13:04:30] INFO epoch 105 it 320/1704 loss 0.0135
[2026-04-29 13:04:30] INFO epoch 105 it 340/1704 loss 0.0150
[2026-04-29 13:04:30] INFO epoch 105 it 360/1704 loss 0.0146
[2026-04-29 13:04:30] INFO epoch 105 it 380/1704 loss 0.0154
[2026-04-29 13:04:31] INFO epoch 105 it 400/1704 loss 0.0155
[2026-04-29 13:04:31] INFO epoch 105 it 420/1704 loss 0.0147
[2026-04-29 13:04:31] INFO epoch 105 it 440/1704 loss 0.0145
[2026-04-29 13:04:31] INFO epoch 105 it 460/1704 loss 0.0142
[2026-04-29 13:04:32] INFO epoch 105 it 480/1704 loss 0.0158
[2026-04-29 13:04:32] INFO epoch 105 it 500/1704 loss 0.0160
[2026-04-29 13:04:32] INFO epoch 105 it 520/1704 loss 0.0144
[2026-04-29 13:04:32] INFO epoch 105 it 540/1704 loss 0.0146
[2026-04-29 13:04:32] INFO epoch 105 it 560/1704 loss 0.0134
[2026-04-29 13:04:33] INFO epoch 105 it 580/1704 loss 0.0146
[2026-04-29 13:04:33] INFO epoch 105 it 600/1704 loss 0.0143
[2026-04-29 13:04:33] INFO epoch 105 it 620/1704 loss 0.0155
[2026-04-29 13:04:33] INFO epoch 105 it 640/1704 loss 0.0136
[2026-04-29 13:04:34] INFO epoch 105 it 660/1704 loss 0.0156
[2026-04-29 13:04:34] INFO epoch 105 it 680/1704 loss 0.0148
[2026-04-29 13:04:34] INFO epoch 105 it 700/1704 loss 0.0159
[2026-04-29 13:04:34] INFO epoch 105 it 720/1704 loss 0.0149
[2026-04-29 13:04:34] INFO epoch 105 it 740/1704 loss 0.0154
[2026-04-29 13:04:35] INFO epoch 105 it 760/1704 loss 0.0143
[2026-04-29 13:04:35] INFO epoch 105 it 780/1704 loss 0.0150
[2026-04-29 13:04:35] INFO epoch 105 it 800/1704 loss 0.0154
[2026-04-29 13:04:35] INFO epoch 105 it 820/1704 loss 0.0158
[2026-04-29 13:04:36] INFO epoch 105 it 840/1704 loss 0.0140
[2026-04-29 13:04:36] INFO epoch 105 it 860/1704 loss 0.0147
[2026-04-29 13:04:36] INFO epoch 105 it 880/1704 loss 0.0145
[2026-04-29 13:04:36] INFO epoch 105 it 900/1704 loss 0.0146
[2026-04-29 13:04:37] INFO epoch 105 it 920/1704 loss 0.0151
[2026-04-29 13:04:37] INFO epoch 105 it 940/1704 loss 0.0145
[2026-04-29 13:04:37] INFO epoch 105 it 960/1704 loss 0.0143
[2026-04-29 13:04:37] INFO epoch 105 it 980/1704 loss 0.0140
[2026-04-29 13:04:37] INFO epoch 105 it 1000/1704 loss 0.0143
[2026-04-29 13:04:38] INFO epoch 105 it 1020/1704 loss 0.0146
[2026-04-29 13:04:38] INFO epoch 105 it 1040/1704 loss 0.0147
[2026-04-29 13:04:38] INFO epoch 105 it 1060/1704 loss 0.0141
[2026-04-29 13:04:38] INFO epoch 105 it 1080/1704 loss 0.0149
[2026-04-29 13:04:39] INFO epoch 105 it 1100/1704 loss 0.0137
[2026-04-29 13:04:39] INFO epoch 105 it 1120/1704 loss 0.0141
[2026-04-29 13:04:39] INFO epoch 105 it 1140/1704 loss 0.0148
[2026-04-29 13:04:39] INFO epoch 105 it 1160/1704 loss 0.0132
[2026-04-29 13:04:39] INFO epoch 105 it 1180/1704 loss 0.0150
[2026-04-29 13:04:40] INFO epoch 105 it 1200/1704 loss 0.0147
[2026-04-29 13:04:40] INFO epoch 105 it 1220/1704 loss 0.0158
[2026-04-29 13:04:40] INFO epoch 105 it 1240/1704 loss 0.0143
[2026-04-29 13:04:40] INFO epoch 105 it 1260/1704 loss 0.0152
[2026-04-29 13:04:41] INFO epoch 105 it 1280/1704 loss 0.0158
[2026-04-29 13:04:41] INFO epoch 105 it 1300/1704 loss 0.0149
[2026-04-29 13:04:41] INFO epoch 105 it 1320/1704 loss 0.0140
[2026-04-29 13:04:41] INFO epoch 105 it 1340/1704 loss 0.0147
[2026-04-29 13:04:41] INFO epoch 105 it 1360/1704 loss 0.0147
[2026-04-29 13:04:42] INFO epoch 105 it 1380/1704 loss 0.0148
[2026-04-29 13:04:42] INFO epoch 105 it 1400/1704 loss 0.0152
[2026-04-29 13:04:42] INFO epoch 105 it 1420/1704 loss 0.0144
[2026-04-29 13:04:42] INFO epoch 105 it 1440/1704 loss 0.0142
[2026-04-29 13:04:43] INFO epoch 105 it 1460/1704 loss 0.0149
[2026-04-29 13:04:43] INFO epoch 105 it 1480/1704 loss 0.0147
[2026-04-29 13:04:43] INFO epoch 105 it 1500/1704 loss 0.0156
[2026-04-29 13:04:43] INFO epoch 105 it 1520/1704 loss 0.0147
[2026-04-29 13:04:43] INFO epoch 105 it 1540/1704 loss 0.0147
[2026-04-29 13:04:44] INFO epoch 105 it 1560/1704 loss 0.0147
[2026-04-29 13:04:44] INFO epoch 105 it 1580/1704 loss 0.0154
[2026-04-29 13:04:44] INFO epoch 105 it 1600/1704 loss 0.0149
[2026-04-29 13:04:44] INFO epoch 105 it 1620/1704 loss 0.0153
[2026-04-29 13:04:45] INFO epoch 105 it 1640/1704 loss 0.0144
[2026-04-29 13:04:45] INFO epoch 105 it 1660/1704 loss 0.0142
[2026-04-29 13:04:45] INFO epoch 105 it 1680/1704 loss 0.0155
[2026-04-29 13:04:45] INFO epoch 105 it 1700/1704 loss 0.0155
[2026-04-29 13:04:47] INFO epoch 105 done in 62.1s lr=4.53e-05
[2026-04-29 13:05:24] INFO epoch 105 val MAE(HU): 26.19
[2026-04-29 13:06:06] INFO epoch 106 it 20/1704 loss 0.0142
[2026-04-29 13:06:06] INFO epoch 106 it 40/1704 loss 0.0155
[2026-04-29 13:06:07] INFO epoch 106 it 60/1704 loss 0.0150
[2026-04-29 13:06:07] INFO epoch 106 it 80/1704 loss 0.0149
[2026-04-29 13:06:07] INFO epoch 106 it 100/1704 loss 0.0142
[2026-04-29 13:06:07] INFO epoch 106 it 120/1704 loss 0.0127
[2026-04-29 13:06:08] INFO epoch 106 it 140/1704 loss 0.0147
[2026-04-29 13:06:08] INFO epoch 106 it 160/1704 loss 0.0150
[2026-04-29 13:06:08] INFO epoch 106 it 180/1704 loss 0.0149
[2026-04-29 13:06:08] INFO epoch 106 it 200/1704 loss 0.0151
[2026-04-29 13:06:08] INFO epoch 106 it 220/1704 loss 0.0143
[2026-04-29 13:06:09] INFO epoch 106 it 240/1704 loss 0.0145
[2026-04-29 13:06:09] INFO epoch 106 it 260/1704 loss 0.0156
[2026-04-29 13:06:09] INFO epoch 106 it 280/1704 loss 0.0144
[2026-04-29 13:06:09] INFO epoch 106 it 300/1704 loss 0.0141
[2026-04-29 13:06:10] INFO epoch 106 it 320/1704 loss 0.0134
[2026-04-29 13:06:10] INFO epoch 106 it 340/1704 loss 0.0135
[2026-04-29 13:06:10] INFO epoch 106 it 360/1704 loss 0.0154
[2026-04-29 13:06:10] INFO epoch 106 it 380/1704 loss 0.0147
[2026-04-29 13:06:10] INFO epoch 106 it 400/1704 loss 0.0134
[2026-04-29 13:06:11] INFO epoch 106 it 420/1704 loss 0.0146
[2026-04-29 13:06:11] INFO epoch 106 it 440/1704 loss 0.0142
[2026-04-29 13:06:11] INFO epoch 106 it 460/1704 loss 0.0141
[2026-04-29 13:06:11] INFO epoch 106 it 480/1704 loss 0.0144
[2026-04-29 13:06:12] INFO epoch 106 it 500/1704 loss 0.0154
[2026-04-29 13:06:12] INFO epoch 106 it 520/1704 loss 0.0149
[2026-04-29 13:06:12] INFO epoch 106 it 540/1704 loss 0.0148
[2026-04-29 13:06:12] INFO epoch 106 it 560/1704 loss 0.0142
[2026-04-29 13:06:13] INFO epoch 106 it 580/1704 loss 0.0145
[2026-04-29 13:06:13] INFO epoch 106 it 600/1704 loss 0.0144
[2026-04-29 13:06:13] INFO epoch 106 it 620/1704 loss 0.0150
[2026-04-29 13:06:13] INFO epoch 106 it 640/1704 loss 0.0145
[2026-04-29 13:06:13] INFO epoch 106 it 660/1704 loss 0.0154
[2026-04-29 13:06:14] INFO epoch 106 it 680/1704 loss 0.0143
[2026-04-29 13:06:14] INFO epoch 106 it 700/1704 loss 0.0148
[2026-04-29 13:06:14] INFO epoch 106 it 720/1704 loss 0.0139
[2026-04-29 13:06:14] INFO epoch 106 it 740/1704 loss 0.0147
[2026-04-29 13:06:15] INFO epoch 106 it 760/1704 loss 0.0153
[2026-04-29 13:06:15] INFO epoch 106 it 780/1704 loss 0.0155
[2026-04-29 13:06:15] INFO epoch 106 it 800/1704 loss 0.0160
[2026-04-29 13:06:15] INFO epoch 106 it 820/1704 loss 0.0142
[2026-04-29 13:06:15] INFO epoch 106 it 840/1704 loss 0.0138
[2026-04-29 13:06:16] INFO epoch 106 it 860/1704 loss 0.0141
[2026-04-29 13:06:16] INFO epoch 106 it 880/1704 loss 0.0153
[2026-04-29 13:06:16] INFO epoch 106 it 900/1704 loss 0.0146
[2026-04-29 13:06:16] INFO epoch 106 it 920/1704 loss 0.0148
[2026-04-29 13:06:17] INFO epoch 106 it 940/1704 loss 0.0149
[2026-04-29 13:06:17] INFO epoch 106 it 960/1704 loss 0.0139
[2026-04-29 13:06:17] INFO epoch 106 it 980/1704 loss 0.0153
[2026-04-29 13:06:17] INFO epoch 106 it 1000/1704 loss 0.0148
[2026-04-29 13:06:17] INFO epoch 106 it 1020/1704 loss 0.0138
[2026-04-29 13:06:18] INFO epoch 106 it 1040/1704 loss 0.0152
[2026-04-29 13:06:18] INFO epoch 106 it 1060/1704 loss 0.0150
[2026-04-29 13:06:18] INFO epoch 106 it 1080/1704 loss 0.0147
[2026-04-29 13:06:18] INFO epoch 106 it 1100/1704 loss 0.0150
[2026-04-29 13:06:19] INFO epoch 106 it 1120/1704 loss 0.0146
[2026-04-29 13:06:19] INFO epoch 106 it 1140/1704 loss 0.0143
[2026-04-29 13:06:19] INFO epoch 106 it 1160/1704 loss 0.0149
[2026-04-29 13:06:19] INFO epoch 106 it 1180/1704 loss 0.0143
[2026-04-29 13:06:19] INFO epoch 106 it 1200/1704 loss 0.0159
[2026-04-29 13:06:20] INFO epoch 106 it 1220/1704 loss 0.0141
[2026-04-29 13:06:20] INFO epoch 106 it 1240/1704 loss 0.0155
[2026-04-29 13:06:20] INFO epoch 106 it 1260/1704 loss 0.0151
[2026-04-29 13:06:20] INFO epoch 106 it 1280/1704 loss 0.0147
[2026-04-29 13:06:21] INFO epoch 106 it 1300/1704 loss 0.0143
[2026-04-29 13:06:21] INFO epoch 106 it 1320/1704 loss 0.0148
[2026-04-29 13:06:21] INFO epoch 106 it 1340/1704 loss 0.0145
[2026-04-29 13:06:21] INFO epoch 106 it 1360/1704 loss 0.0145
[2026-04-29 13:06:21] INFO epoch 106 it 1380/1704 loss 0.0150
[2026-04-29 13:06:22] INFO epoch 106 it 1400/1704 loss 0.0150
[2026-04-29 13:06:22] INFO epoch 106 it 1420/1704 loss 0.0145
[2026-04-29 13:06:22] INFO epoch 106 it 1440/1704 loss 0.0147
[2026-04-29 13:06:22] INFO epoch 106 it 1460/1704 loss 0.0149
[2026-04-29 13:06:23] INFO epoch 106 it 1480/1704 loss 0.0149
[2026-04-29 13:06:23] INFO epoch 106 it 1500/1704 loss 0.0163
[2026-04-29 13:06:23] INFO epoch 106 it 1520/1704 loss 0.0154
[2026-04-29 13:06:23] INFO epoch 106 it 1540/1704 loss 0.0153
[2026-04-29 13:06:23] INFO epoch 106 it 1560/1704 loss 0.0156
[2026-04-29 13:06:24] INFO epoch 106 it 1580/1704 loss 0.0137
[2026-04-29 13:06:24] INFO epoch 106 it 1600/1704 loss 0.0149
[2026-04-29 13:06:24] INFO epoch 106 it 1620/1704 loss 0.0144
[2026-04-29 13:06:24] INFO epoch 106 it 1640/1704 loss 0.0152
[2026-04-29 13:06:25] INFO epoch 106 it 1660/1704 loss 0.0141
[2026-04-29 13:06:25] INFO epoch 106 it 1680/1704 loss 0.0148
[2026-04-29 13:06:25] INFO epoch 106 it 1700/1704 loss 0.0139
[2026-04-29 13:06:26] INFO epoch 106 done in 62.1s lr=4.45e-05
[2026-04-29 13:07:04] INFO epoch 106 val MAE(HU): 26.29
[2026-04-29 13:07:46] INFO epoch 107 it 20/1704 loss 0.0141
[2026-04-29 13:07:46] INFO epoch 107 it 40/1704 loss 0.0144
[2026-04-29 13:07:46] INFO epoch 107 it 60/1704 loss 0.0147
[2026-04-29 13:07:47] INFO epoch 107 it 80/1704 loss 0.0138
[2026-04-29 13:07:47] INFO epoch 107 it 100/1704 loss 0.0146
[2026-04-29 13:07:47] INFO epoch 107 it 120/1704 loss 0.0146
[2026-04-29 13:07:47] INFO epoch 107 it 140/1704 loss 0.0134
[2026-04-29 13:07:47] INFO epoch 107 it 160/1704 loss 0.0138
[2026-04-29 13:07:48] INFO epoch 107 it 180/1704 loss 0.0147
[2026-04-29 13:07:48] INFO epoch 107 it 200/1704 loss 0.0137
[2026-04-29 13:07:48] INFO epoch 107 it 220/1704 loss 0.0152
[2026-04-29 13:07:48] INFO epoch 107 it 240/1704 loss 0.0142
[2026-04-29 13:07:49] INFO epoch 107 it 260/1704 loss 0.0147
[2026-04-29 13:07:49] INFO epoch 107 it 280/1704 loss 0.0148
[2026-04-29 13:07:49] INFO epoch 107 it 300/1704 loss 0.0147
[2026-04-29 13:07:49] INFO epoch 107 it 320/1704 loss 0.0147
[2026-04-29 13:07:49] INFO epoch 107 it 340/1704 loss 0.0150
[2026-04-29 13:07:50] INFO epoch 107 it 360/1704 loss 0.0145
[2026-04-29 13:07:50] INFO epoch 107 it 380/1704 loss 0.0153
[2026-04-29 13:07:50] INFO epoch 107 it 400/1704 loss 0.0148
[2026-04-29 13:07:50] INFO epoch 107 it 420/1704 loss 0.0143
[2026-04-29 13:07:51] INFO epoch 107 it 440/1704 loss 0.0155
[2026-04-29 13:07:51] INFO epoch 107 it 460/1704 loss 0.0152
[2026-04-29 13:07:51] INFO epoch 107 it 480/1704 loss 0.0154
[2026-04-29 13:07:51] INFO epoch 107 it 500/1704 loss 0.0153
[2026-04-29 13:07:51] INFO epoch 107 it 520/1704 loss 0.0155
[2026-04-29 13:07:52] INFO epoch 107 it 540/1704 loss 0.0131
[2026-04-29 13:07:52] INFO epoch 107 it 560/1704 loss 0.0138
[2026-04-29 13:07:52] INFO epoch 107 it 580/1704 loss 0.0143
[2026-04-29 13:07:52] INFO epoch 107 it 600/1704 loss 0.0147
[2026-04-29 13:07:53] INFO epoch 107 it 620/1704 loss 0.0139
[2026-04-29 13:07:53] INFO epoch 107 it 640/1704 loss 0.0143
[2026-04-29 13:07:53] INFO epoch 107 it 660/1704 loss 0.0148
[2026-04-29 13:07:53] INFO epoch 107 it 680/1704 loss 0.0144
[2026-04-29 13:07:53] INFO epoch 107 it 700/1704 loss 0.0148
[2026-04-29 13:07:54] INFO epoch 107 it 720/1704 loss 0.0152
[2026-04-29 13:07:54] INFO epoch 107 it 740/1704 loss 0.0140
[2026-04-29 13:07:54] INFO epoch 107 it 760/1704 loss 0.0148
[2026-04-29 13:07:54] INFO epoch 107 it 780/1704 loss 0.0151
[2026-04-29 13:07:55] INFO epoch 107 it 800/1704 loss 0.0144
[2026-04-29 13:07:55] INFO epoch 107 it 820/1704 loss 0.0144
[2026-04-29 13:07:55] INFO epoch 107 it 840/1704 loss 0.0155
[2026-04-29 13:07:55] INFO epoch 107 it 860/1704 loss 0.0148
[2026-04-29 13:07:56] INFO epoch 107 it 880/1704 loss 0.0130
[2026-04-29 13:07:56] INFO epoch 107 it 900/1704 loss 0.0145
[2026-04-29 13:07:56] INFO epoch 107 it 920/1704 loss 0.0147
[2026-04-29 13:07:56] INFO epoch 107 it 940/1704 loss 0.0151
[2026-04-29 13:07:56] INFO epoch 107 it 960/1704 loss 0.0159
[2026-04-29 13:07:57] INFO epoch 107 it 980/1704 loss 0.0144
[2026-04-29 13:07:57] INFO epoch 107 it 1000/1704 loss 0.0147
[2026-04-29 13:07:57] INFO epoch 107 it 1020/1704 loss 0.0144
[2026-04-29 13:07:57] INFO epoch 107 it 1040/1704 loss 0.0145
[2026-04-29 13:07:58] INFO epoch 107 it 1060/1704 loss 0.0149
[2026-04-29 13:07:58] INFO epoch 107 it 1080/1704 loss 0.0151
[2026-04-29 13:07:58] INFO epoch 107 it 1100/1704 loss 0.0147
[2026-04-29 13:07:58] INFO epoch 107 it 1120/1704 loss 0.0150
[2026-04-29 13:07:58] INFO epoch 107 it 1140/1704 loss 0.0151
[2026-04-29 13:07:59] INFO epoch 107 it 1160/1704 loss 0.0151
[2026-04-29 13:07:59] INFO epoch 107 it 1180/1704 loss 0.0143
[2026-04-29 13:07:59] INFO epoch 107 it 1200/1704 loss 0.0154
[2026-04-29 13:07:59] INFO epoch 107 it 1220/1704 loss 0.0147
[2026-04-29 13:08:00] INFO epoch 107 it 1240/1704 loss 0.0145
[2026-04-29 13:08:00] INFO epoch 107 it 1260/1704 loss 0.0155
[2026-04-29 13:08:00] INFO epoch 107 it 1280/1704 loss 0.0150
[2026-04-29 13:08:00] INFO epoch 107 it 1300/1704 loss 0.0138
[2026-04-29 13:08:00] INFO epoch 107 it 1320/1704 loss 0.0142
[2026-04-29 13:08:01] INFO epoch 107 it 1340/1704 loss 0.0142
[2026-04-29 13:08:01] INFO epoch 107 it 1360/1704 loss 0.0138
[2026-04-29 13:08:01] INFO epoch 107 it 1380/1704 loss 0.0141
[2026-04-29 13:08:01] INFO epoch 107 it 1400/1704 loss 0.0142
[2026-04-29 13:08:02] INFO epoch 107 it 1420/1704 loss 0.0145
[2026-04-29 13:08:02] INFO epoch 107 it 1440/1704 loss 0.0150
[2026-04-29 13:08:02] INFO epoch 107 it 1460/1704 loss 0.0153
[2026-04-29 13:08:02] INFO epoch 107 it 1480/1704 loss 0.0149
[2026-04-29 13:08:02] INFO epoch 107 it 1500/1704 loss 0.0149
[2026-04-29 13:08:03] INFO epoch 107 it 1520/1704 loss 0.0148
[2026-04-29 13:08:03] INFO epoch 107 it 1540/1704 loss 0.0151
[2026-04-29 13:08:03] INFO epoch 107 it 1560/1704 loss 0.0143
[2026-04-29 13:08:03] INFO epoch 107 it 1580/1704 loss 0.0146
[2026-04-29 13:08:04] INFO epoch 107 it 1600/1704 loss 0.0140
[2026-04-29 13:08:04] INFO epoch 107 it 1620/1704 loss 0.0142
[2026-04-29 13:08:04] INFO epoch 107 it 1640/1704 loss 0.0146
[2026-04-29 13:08:04] INFO epoch 107 it 1660/1704 loss 0.0144
[2026-04-29 13:08:04] INFO epoch 107 it 1680/1704 loss 0.0152
[2026-04-29 13:08:05] INFO epoch 107 it 1700/1704 loss 0.0152
[2026-04-29 13:08:06] INFO epoch 107 done in 62.1s lr=4.37e-05
[2026-04-29 13:08:44] INFO epoch 107 val MAE(HU): 26.32
[2026-04-29 13:09:25] INFO epoch 108 it 20/1704 loss 0.0149
[2026-04-29 13:09:26] INFO epoch 108 it 40/1704 loss 0.0149
[2026-04-29 13:09:26] INFO epoch 108 it 60/1704 loss 0.0142
[2026-04-29 13:09:26] INFO epoch 108 it 80/1704 loss 0.0135
[2026-04-29 13:09:26] INFO epoch 108 it 100/1704 loss 0.0150
[2026-04-29 13:09:27] INFO epoch 108 it 120/1704 loss 0.0146
[2026-04-29 13:09:27] INFO epoch 108 it 140/1704 loss 0.0145
[2026-04-29 13:09:27] INFO epoch 108 it 160/1704 loss 0.0139
[2026-04-29 13:09:27] INFO epoch 108 it 180/1704 loss 0.0150
[2026-04-29 13:09:28] INFO epoch 108 it 200/1704 loss 0.0141
[2026-04-29 13:09:28] INFO epoch 108 it 220/1704 loss 0.0142
[2026-04-29 13:09:28] INFO epoch 108 it 240/1704 loss 0.0144
[2026-04-29 13:09:28] INFO epoch 108 it 260/1704 loss 0.0147
[2026-04-29 13:09:28] INFO epoch 108 it 280/1704 loss 0.0143
[2026-04-29 13:09:29] INFO epoch 108 it 300/1704 loss 0.0146
[2026-04-29 13:09:29] INFO epoch 108 it 320/1704 loss 0.0137
[2026-04-29 13:09:29] INFO epoch 108 it 340/1704 loss 0.0138
[2026-04-29 13:09:29] INFO epoch 108 it 360/1704 loss 0.0160
[2026-04-29 13:09:30] INFO epoch 108 it 380/1704 loss 0.0139
[2026-04-29 13:09:30] INFO epoch 108 it 400/1704 loss 0.0148
[2026-04-29 13:09:30] INFO epoch 108 it 420/1704 loss 0.0152
[2026-04-29 13:09:30] INFO epoch 108 it 440/1704 loss 0.0142
[2026-04-29 13:09:30] INFO epoch 108 it 460/1704 loss 0.0143
[2026-04-29 13:09:31] INFO epoch 108 it 480/1704 loss 0.0136
[2026-04-29 13:09:31] INFO epoch 108 it 500/1704 loss 0.0152
[2026-04-29 13:09:31] INFO epoch 108 it 520/1704 loss 0.0139
[2026-04-29 13:09:31] INFO epoch 108 it 540/1704 loss 0.0141
[2026-04-29 13:09:32] INFO epoch 108 it 560/1704 loss 0.0140
[2026-04-29 13:09:32] INFO epoch 108 it 580/1704 loss 0.0149
[2026-04-29 13:09:32] INFO epoch 108 it 600/1704 loss 0.0139
[2026-04-29 13:09:32] INFO epoch 108 it 620/1704 loss 0.0148
[2026-04-29 13:09:32] INFO epoch 108 it 640/1704 loss 0.0149
[2026-04-29 13:09:33] INFO epoch 108 it 660/1704 loss 0.0151
[2026-04-29 13:09:33] INFO epoch 108 it 680/1704 loss 0.0147
[2026-04-29 13:09:33] INFO epoch 108 it 700/1704 loss 0.0138
[2026-04-29 13:09:33] INFO epoch 108 it 720/1704 loss 0.0145
[2026-04-29 13:09:34] INFO epoch 108 it 740/1704 loss 0.0143
[2026-04-29 13:09:34] INFO epoch 108 it 760/1704 loss 0.0150
[2026-04-29 13:09:34] INFO epoch 108 it 780/1704 loss 0.0145
[2026-04-29 13:09:34] INFO epoch 108 it 800/1704 loss 0.0138
[2026-04-29 13:09:35] INFO epoch 108 it 820/1704 loss 0.0156
[2026-04-29 13:09:35] INFO epoch 108 it 840/1704 loss 0.0153
[2026-04-29 13:09:35] INFO epoch 108 it 860/1704 loss 0.0151
[2026-04-29 13:09:35] INFO epoch 108 it 880/1704 loss 0.0147
[2026-04-29 13:09:35] INFO epoch 108 it 900/1704 loss 0.0139
[2026-04-29 13:09:36] INFO epoch 108 it 920/1704 loss 0.0155
[2026-04-29 13:09:36] INFO epoch 108 it 940/1704 loss 0.0160
[2026-04-29 13:09:36] INFO epoch 108 it 960/1704 loss 0.0134
[2026-04-29 13:09:36] INFO epoch 108 it 980/1704 loss 0.0142
[2026-04-29 13:09:37] INFO epoch 108 it 1000/1704 loss 0.0150
[2026-04-29 13:09:37] INFO epoch 108 it 1020/1704 loss 0.0148
[2026-04-29 13:09:37] INFO epoch 108 it 1040/1704 loss 0.0147
[2026-04-29 13:09:37] INFO epoch 108 it 1060/1704 loss 0.0147
[2026-04-29 13:09:37] INFO epoch 108 it 1080/1704 loss 0.0150
[2026-04-29 13:09:38] INFO epoch 108 it 1100/1704 loss 0.0159
[2026-04-29 13:09:38] INFO epoch 108 it 1120/1704 loss 0.0146
[2026-04-29 13:09:38] INFO epoch 108 it 1140/1704 loss 0.0141
[2026-04-29 13:09:38] INFO epoch 108 it 1160/1704 loss 0.0145
[2026-04-29 13:09:39] INFO epoch 108 it 1180/1704 loss 0.0133
[2026-04-29 13:09:39] INFO epoch 108 it 1200/1704 loss 0.0147
[2026-04-29 13:09:39] INFO epoch 108 it 1220/1704 loss 0.0139
[2026-04-29 13:09:39] INFO epoch 108 it 1240/1704 loss 0.0140
[2026-04-29 13:09:39] INFO epoch 108 it 1260/1704 loss 0.0136
[2026-04-29 13:09:40] INFO epoch 108 it 1280/1704 loss 0.0155
[2026-04-29 13:09:40] INFO epoch 108 it 1300/1704 loss 0.0157
[2026-04-29 13:09:40] INFO epoch 108 it 1320/1704 loss 0.0140
[2026-04-29 13:09:40] INFO epoch 108 it 1340/1704 loss 0.0151
[2026-04-29 13:09:41] INFO epoch 108 it 1360/1704 loss 0.0143
[2026-04-29 13:09:41] INFO epoch 108 it 1380/1704 loss 0.0149
[2026-04-29 13:09:41] INFO epoch 108 it 1400/1704 loss 0.0154
[2026-04-29 13:09:41] INFO epoch 108 it 1420/1704 loss 0.0137
[2026-04-29 13:09:41] INFO epoch 108 it 1440/1704 loss 0.0153
[2026-04-29 13:09:42] INFO epoch 108 it 1460/1704 loss 0.0143
[2026-04-29 13:09:42] INFO epoch 108 it 1480/1704 loss 0.0150
[2026-04-29 13:09:42] INFO epoch 108 it 1500/1704 loss 0.0156
[2026-04-29 13:09:42] INFO epoch 108 it 1520/1704 loss 0.0157
[2026-04-29 13:09:43] INFO epoch 108 it 1540/1704 loss 0.0144
[2026-04-29 13:09:43] INFO epoch 108 it 1560/1704 loss 0.0149
[2026-04-29 13:09:43] INFO epoch 108 it 1580/1704 loss 0.0143
[2026-04-29 13:09:43] INFO epoch 108 it 1600/1704 loss 0.0149
[2026-04-29 13:09:43] INFO epoch 108 it 1620/1704 loss 0.0148
[2026-04-29 13:09:44] INFO epoch 108 it 1640/1704 loss 0.0147
[2026-04-29 13:09:44] INFO epoch 108 it 1660/1704 loss 0.0147
[2026-04-29 13:09:44] INFO epoch 108 it 1680/1704 loss 0.0145
[2026-04-29 13:09:44] INFO epoch 108 it 1700/1704 loss 0.0141
[2026-04-29 13:09:46] INFO epoch 108 done in 62.1s lr=4.30e-05
[2026-04-29 13:10:23] INFO epoch 108 val MAE(HU): 26.47
[2026-04-29 13:11:05] INFO epoch 109 it 20/1704 loss 0.0130
[2026-04-29 13:11:05] INFO epoch 109 it 40/1704 loss 0.0144
[2026-04-29 13:11:06] INFO epoch 109 it 60/1704 loss 0.0140
[2026-04-29 13:11:06] INFO epoch 109 it 80/1704 loss 0.0146
[2026-04-29 13:11:06] INFO epoch 109 it 100/1704 loss 0.0139
[2026-04-29 13:11:06] INFO epoch 109 it 120/1704 loss 0.0153
[2026-04-29 13:11:07] INFO epoch 109 it 140/1704 loss 0.0146
[2026-04-29 13:11:07] INFO epoch 109 it 160/1704 loss 0.0135
[2026-04-29 13:11:07] INFO epoch 109 it 180/1704 loss 0.0146
[2026-04-29 13:11:07] INFO epoch 109 it 200/1704 loss 0.0147
[2026-04-29 13:11:08] INFO epoch 109 it 220/1704 loss 0.0150
[2026-04-29 13:11:08] INFO epoch 109 it 240/1704 loss 0.0147
[2026-04-29 13:11:08] INFO epoch 109 it 260/1704 loss 0.0143
[2026-04-29 13:11:08] INFO epoch 109 it 280/1704 loss 0.0149
[2026-04-29 13:11:08] INFO epoch 109 it 300/1704 loss 0.0136
[2026-04-29 13:11:09] INFO epoch 109 it 320/1704 loss 0.0146
[2026-04-29 13:11:09] INFO epoch 109 it 340/1704 loss 0.0147
[2026-04-29 13:11:09] INFO epoch 109 it 360/1704 loss 0.0151
[2026-04-29 13:11:09] INFO epoch 109 it 380/1704 loss 0.0144
[2026-04-29 13:11:10] INFO epoch 109 it 400/1704 loss 0.0151
[2026-04-29 13:11:10] INFO epoch 109 it 420/1704 loss 0.0149
[2026-04-29 13:11:10] INFO epoch 109 it 440/1704 loss 0.0151
[2026-04-29 13:11:10] INFO epoch 109 it 460/1704 loss 0.0142
[2026-04-29 13:11:10] INFO epoch 109 it 480/1704 loss 0.0154
[2026-04-29 13:11:11] INFO epoch 109 it 500/1704 loss 0.0143
[2026-04-29 13:11:11] INFO epoch 109 it 520/1704 loss 0.0150
[2026-04-29 13:11:11] INFO epoch 109 it 540/1704 loss 0.0145
[2026-04-29 13:11:11] INFO epoch 109 it 560/1704 loss 0.0138
[2026-04-29 13:11:12] INFO epoch 109 it 580/1704 loss 0.0152
[2026-04-29 13:11:12] INFO epoch 109 it 600/1704 loss 0.0143
[2026-04-29 13:11:12] INFO epoch 109 it 620/1704 loss 0.0142
[2026-04-29 13:11:12] INFO epoch 109 it 640/1704 loss 0.0145
[2026-04-29 13:11:12] INFO epoch 109 it 660/1704 loss 0.0147
[2026-04-29 13:11:13] INFO epoch 109 it 680/1704 loss 0.0144
[2026-04-29 13:11:13] INFO epoch 109 it 700/1704 loss 0.0151
[2026-04-29 13:11:13] INFO epoch 109 it 720/1704 loss 0.0147
[2026-04-29 13:11:13] INFO epoch 109 it 740/1704 loss 0.0145
[2026-04-29 13:11:13] INFO epoch 109 it 760/1704 loss 0.0148
[2026-04-29 13:11:14] INFO epoch 109 it 780/1704 loss 0.0150
[2026-04-29 13:11:14] INFO epoch 109 it 800/1704 loss 0.0150
[2026-04-29 13:11:14] INFO epoch 109 it 820/1704 loss 0.0152
[2026-04-29 13:11:14] INFO epoch 109 it 840/1704 loss 0.0148
[2026-04-29 13:11:15] INFO epoch 109 it 860/1704 loss 0.0139
[2026-04-29 13:11:15] INFO epoch 109 it 880/1704 loss 0.0145
[2026-04-29 13:11:15] INFO epoch 109 it 900/1704 loss 0.0153
[2026-04-29 13:11:15] INFO epoch 109 it 920/1704 loss 0.0140
[2026-04-29 13:11:15] INFO epoch 109 it 940/1704 loss 0.0158
[2026-04-29 13:11:16] INFO epoch 109 it 960/1704 loss 0.0139
[2026-04-29 13:11:16] INFO epoch 109 it 980/1704 loss 0.0140
[2026-04-29 13:11:16] INFO epoch 109 it 1000/1704 loss 0.0146
[2026-04-29 13:11:16] INFO epoch 109 it 1020/1704 loss 0.0132
[2026-04-29 13:11:17] INFO epoch 109 it 1040/1704 loss 0.0139
[2026-04-29 13:11:17] INFO epoch 109 it 1060/1704 loss 0.0146
[2026-04-29 13:11:17] INFO epoch 109 it 1080/1704 loss 0.0147
[2026-04-29 13:11:17] INFO epoch 109 it 1100/1704 loss 0.0139
[2026-04-29 13:11:17] INFO epoch 109 it 1120/1704 loss 0.0152
[2026-04-29 13:11:18] INFO epoch 109 it 1140/1704 loss 0.0147
[2026-04-29 13:11:18] INFO epoch 109 it 1160/1704 loss 0.0149
[2026-04-29 13:11:18] INFO epoch 109 it 1180/1704 loss 0.0141
[2026-04-29 13:11:18] INFO epoch 109 it 1200/1704 loss 0.0144
[2026-04-29 13:11:19] INFO epoch 109 it 1220/1704 loss 0.0138
[2026-04-29 13:11:19] INFO epoch 109 it 1240/1704 loss 0.0146
[2026-04-29 13:11:19] INFO epoch 109 it 1260/1704 loss 0.0144
[2026-04-29 13:11:19] INFO epoch 109 it 1280/1704 loss 0.0149
[2026-04-29 13:11:19] INFO epoch 109 it 1300/1704 loss 0.0150
[2026-04-29 13:11:20] INFO epoch 109 it 1320/1704 loss 0.0146
[2026-04-29 13:11:20] INFO epoch 109 it 1340/1704 loss 0.0155
[2026-04-29 13:11:20] INFO epoch 109 it 1360/1704 loss 0.0148
[2026-04-29 13:11:20] INFO epoch 109 it 1380/1704 loss 0.0143
[2026-04-29 13:11:21] INFO epoch 109 it 1400/1704 loss 0.0142
[2026-04-29 13:11:21] INFO epoch 109 it 1420/1704 loss 0.0148
[2026-04-29 13:11:21] INFO epoch 109 it 1440/1704 loss 0.0147
[2026-04-29 13:11:21] INFO epoch 109 it 1460/1704 loss 0.0144
[2026-04-29 13:11:21] INFO epoch 109 it 1480/1704 loss 0.0151
[2026-04-29 13:11:22] INFO epoch 109 it 1500/1704 loss 0.0143
[2026-04-29 13:11:22] INFO epoch 109 it 1520/1704 loss 0.0143
[2026-04-29 13:11:22] INFO epoch 109 it 1540/1704 loss 0.0143
[2026-04-29 13:11:22] INFO epoch 109 it 1560/1704 loss 0.0148
[2026-04-29 13:11:23] INFO epoch 109 it 1580/1704 loss 0.0150
[2026-04-29 13:11:23] INFO epoch 109 it 1600/1704 loss 0.0140
[2026-04-29 13:11:23] INFO epoch 109 it 1620/1704 loss 0.0142
[2026-04-29 13:11:23] INFO epoch 109 it 1640/1704 loss 0.0148
[2026-04-29 13:11:23] INFO epoch 109 it 1660/1704 loss 0.0147
[2026-04-29 13:11:24] INFO epoch 109 it 1680/1704 loss 0.0145
[2026-04-29 13:11:24] INFO epoch 109 it 1700/1704 loss 0.0135
[2026-04-29 13:11:25] INFO epoch 109 done in 62.0s lr=4.22e-05
[2026-04-29 13:12:03] INFO epoch 109 val MAE(HU): 26.27
[2026-04-29 13:12:45] INFO epoch 110 it 20/1704 loss 0.0144
[2026-04-29 13:12:45] INFO epoch 110 it 40/1704 loss 0.0146
[2026-04-29 13:12:45] INFO epoch 110 it 60/1704 loss 0.0145
[2026-04-29 13:12:46] INFO epoch 110 it 80/1704 loss 0.0149
[2026-04-29 13:12:46] INFO epoch 110 it 100/1704 loss 0.0147
[2026-04-29 13:12:46] INFO epoch 110 it 120/1704 loss 0.0149
[2026-04-29 13:12:46] INFO epoch 110 it 140/1704 loss 0.0142
[2026-04-29 13:12:46] INFO epoch 110 it 160/1704 loss 0.0148
[2026-04-29 13:12:47] INFO epoch 110 it 180/1704 loss 0.0157
[2026-04-29 13:12:47] INFO epoch 110 it 200/1704 loss 0.0145
[2026-04-29 13:12:47] INFO epoch 110 it 220/1704 loss 0.0138
[2026-04-29 13:12:47] INFO epoch 110 it 240/1704 loss 0.0147
[2026-04-29 13:12:48] INFO epoch 110 it 260/1704 loss 0.0145
[2026-04-29 13:12:48] INFO epoch 110 it 280/1704 loss 0.0141
[2026-04-29 13:12:48] INFO epoch 110 it 300/1704 loss 0.0145
[2026-04-29 13:12:48] INFO epoch 110 it 320/1704 loss 0.0143
[2026-04-29 13:12:48] INFO epoch 110 it 340/1704 loss 0.0145
[2026-04-29 13:12:49] INFO epoch 110 it 360/1704 loss 0.0155
[2026-04-29 13:12:49] INFO epoch 110 it 380/1704 loss 0.0133
[2026-04-29 13:12:49] INFO epoch 110 it 400/1704 loss 0.0148
[2026-04-29 13:12:49] INFO epoch 110 it 420/1704 loss 0.0140
[2026-04-29 13:12:50] INFO epoch 110 it 440/1704 loss 0.0146
[2026-04-29 13:12:50] INFO epoch 110 it 460/1704 loss 0.0155
[2026-04-29 13:12:50] INFO epoch 110 it 480/1704 loss 0.0145
[2026-04-29 13:12:50] INFO epoch 110 it 500/1704 loss 0.0142
[2026-04-29 13:12:50] INFO epoch 110 it 520/1704 loss 0.0144
[2026-04-29 13:12:51] INFO epoch 110 it 540/1704 loss 0.0150
[2026-04-29 13:12:51] INFO epoch 110 it 560/1704 loss 0.0148
[2026-04-29 13:12:51] INFO epoch 110 it 580/1704 loss 0.0145
[2026-04-29 13:12:51] INFO epoch 110 it 600/1704 loss 0.0147
[2026-04-29 13:12:52] INFO epoch 110 it 620/1704 loss 0.0146
[2026-04-29 13:12:52] INFO epoch 110 it 640/1704 loss 0.0148
[2026-04-29 13:12:52] INFO epoch 110 it 660/1704 loss 0.0142
[2026-04-29 13:12:52] INFO epoch 110 it 680/1704 loss 0.0148
[2026-04-29 13:12:52] INFO epoch 110 it 700/1704 loss 0.0156
[2026-04-29 13:12:53] INFO epoch 110 it 720/1704 loss 0.0143
[2026-04-29 13:12:53] INFO epoch 110 it 740/1704 loss 0.0141
[2026-04-29 13:12:53] INFO epoch 110 it 760/1704 loss 0.0149
[2026-04-29 13:12:53] INFO epoch 110 it 780/1704 loss 0.0153
[2026-04-29 13:12:54] INFO epoch 110 it 800/1704 loss 0.0148
[2026-04-29 13:12:54] INFO epoch 110 it 820/1704 loss 0.0132
[2026-04-29 13:12:54] INFO epoch 110 it 840/1704 loss 0.0145
[2026-04-29 13:12:54] INFO epoch 110 it 860/1704 loss 0.0146
[2026-04-29 13:12:54] INFO epoch 110 it 880/1704 loss 0.0145
[2026-04-29 13:12:55] INFO epoch 110 it 900/1704 loss 0.0145
[2026-04-29 13:12:55] INFO epoch 110 it 920/1704 loss 0.0145
[2026-04-29 13:12:55] INFO epoch 110 it 940/1704 loss 0.0134
[2026-04-29 13:12:55] INFO epoch 110 it 960/1704 loss 0.0141
[2026-04-29 13:12:56] INFO epoch 110 it 980/1704 loss 0.0147
[2026-04-29 13:12:56] INFO epoch 110 it 1000/1704 loss 0.0143
[2026-04-29 13:12:56] INFO epoch 110 it 1020/1704 loss 0.0144
[2026-04-29 13:12:56] INFO epoch 110 it 1040/1704 loss 0.0141
[2026-04-29 13:12:56] INFO epoch 110 it 1060/1704 loss 0.0141
[2026-04-29 13:12:57] INFO epoch 110 it 1080/1704 loss 0.0141
[2026-04-29 13:12:57] INFO epoch 110 it 1100/1704 loss 0.0139
[2026-04-29 13:12:57] INFO epoch 110 it 1120/1704 loss 0.0144
[2026-04-29 13:12:57] INFO epoch 110 it 1140/1704 loss 0.0151
[2026-04-29 13:12:58] INFO epoch 110 it 1160/1704 loss 0.0144
[2026-04-29 13:12:58] INFO epoch 110 it 1180/1704 loss 0.0140
[2026-04-29 13:12:58] INFO epoch 110 it 1200/1704 loss 0.0147
[2026-04-29 13:12:58] INFO epoch 110 it 1220/1704 loss 0.0148
[2026-04-29 13:12:58] INFO epoch 110 it 1240/1704 loss 0.0142
[2026-04-29 13:12:59] INFO epoch 110 it 1260/1704 loss 0.0132
[2026-04-29 13:12:59] INFO epoch 110 it 1280/1704 loss 0.0143
[2026-04-29 13:12:59] INFO epoch 110 it 1300/1704 loss 0.0152
[2026-04-29 13:12:59] INFO epoch 110 it 1320/1704 loss 0.0136
[2026-04-29 13:13:00] INFO epoch 110 it 1340/1704 loss 0.0145
[2026-04-29 13:13:00] INFO epoch 110 it 1360/1704 loss 0.0145
[2026-04-29 13:13:00] INFO epoch 110 it 1380/1704 loss 0.0145
[2026-04-29 13:13:00] INFO epoch 110 it 1400/1704 loss 0.0143
[2026-04-29 13:13:00] INFO epoch 110 it 1420/1704 loss 0.0154
[2026-04-29 13:13:01] INFO epoch 110 it 1440/1704 loss 0.0146
[2026-04-29 13:13:01] INFO epoch 110 it 1460/1704 loss 0.0139
[2026-04-29 13:13:01] INFO epoch 110 it 1480/1704 loss 0.0147
[2026-04-29 13:13:01] INFO epoch 110 it 1500/1704 loss 0.0144
[2026-04-29 13:13:02] INFO epoch 110 it 1520/1704 loss 0.0155
[2026-04-29 13:13:02] INFO epoch 110 it 1540/1704 loss 0.0150
[2026-04-29 13:13:02] INFO epoch 110 it 1560/1704 loss 0.0134
[2026-04-29 13:13:02] INFO epoch 110 it 1580/1704 loss 0.0140
[2026-04-29 13:13:02] INFO epoch 110 it 1600/1704 loss 0.0148
[2026-04-29 13:13:03] INFO epoch 110 it 1620/1704 loss 0.0146
[2026-04-29 13:13:03] INFO epoch 110 it 1640/1704 loss 0.0152
[2026-04-29 13:13:03] INFO epoch 110 it 1660/1704 loss 0.0147
[2026-04-29 13:13:03] INFO epoch 110 it 1680/1704 loss 0.0143
[2026-04-29 13:13:04] INFO epoch 110 it 1700/1704 loss 0.0148
[2026-04-29 13:13:05] INFO epoch 110 done in 62.0s lr=4.14e-05
[2026-04-29 13:13:43] INFO epoch 110 val MAE(HU): 26.36
[2026-04-29 13:14:24] INFO epoch 111 it 20/1704 loss 0.0142
[2026-04-29 13:14:25] INFO epoch 111 it 40/1704 loss 0.0137
[2026-04-29 13:14:25] INFO epoch 111 it 60/1704 loss 0.0145
[2026-04-29 13:14:25] INFO epoch 111 it 80/1704 loss 0.0148
[2026-04-29 13:14:25] INFO epoch 111 it 100/1704 loss 0.0150
[2026-04-29 13:14:26] INFO epoch 111 it 120/1704 loss 0.0138
[2026-04-29 13:14:26] INFO epoch 111 it 140/1704 loss 0.0144
[2026-04-29 13:14:26] INFO epoch 111 it 160/1704 loss 0.0139
[2026-04-29 13:14:26] INFO epoch 111 it 180/1704 loss 0.0145
[2026-04-29 13:14:27] INFO epoch 111 it 200/1704 loss 0.0139
[2026-04-29 13:14:27] INFO epoch 111 it 220/1704 loss 0.0142
[2026-04-29 13:14:27] INFO epoch 111 it 240/1704 loss 0.0142
[2026-04-29 13:14:27] INFO epoch 111 it 260/1704 loss 0.0142
[2026-04-29 13:14:27] INFO epoch 111 it 280/1704 loss 0.0146
[2026-04-29 13:14:28] INFO epoch 111 it 300/1704 loss 0.0147
[2026-04-29 13:14:28] INFO epoch 111 it 320/1704 loss 0.0147
[2026-04-29 13:14:28] INFO epoch 111 it 340/1704 loss 0.0146
[2026-04-29 13:14:28] INFO epoch 111 it 360/1704 loss 0.0146
[2026-04-29 13:14:29] INFO epoch 111 it 380/1704 loss 0.0144
[2026-04-29 13:14:29] INFO epoch 111 it 400/1704 loss 0.0148
[2026-04-29 13:14:29] INFO epoch 111 it 420/1704 loss 0.0144
[2026-04-29 13:14:29] INFO epoch 111 it 440/1704 loss 0.0133
[2026-04-29 13:14:29] INFO epoch 111 it 460/1704 loss 0.0146
[2026-04-29 13:14:30] INFO epoch 111 it 480/1704 loss 0.0142
[2026-04-29 13:14:30] INFO epoch 111 it 500/1704 loss 0.0145
[2026-04-29 13:14:30] INFO epoch 111 it 520/1704 loss 0.0140
[2026-04-29 13:14:30] INFO epoch 111 it 540/1704 loss 0.0152
[2026-04-29 13:14:31] INFO epoch 111 it 560/1704 loss 0.0148
[2026-04-29 13:14:31] INFO epoch 111 it 580/1704 loss 0.0132
[2026-04-29 13:14:31] INFO epoch 111 it 600/1704 loss 0.0145
[2026-04-29 13:14:31] INFO epoch 111 it 620/1704 loss 0.0156
[2026-04-29 13:14:31] INFO epoch 111 it 640/1704 loss 0.0146
[2026-04-29 13:14:32] INFO epoch 111 it 660/1704 loss 0.0135
[2026-04-29 13:14:32] INFO epoch 111 it 680/1704 loss 0.0154
[2026-04-29 13:14:32] INFO epoch 111 it 700/1704 loss 0.0144
[2026-04-29 13:14:32] INFO epoch 111 it 720/1704 loss 0.0139
[2026-04-29 13:14:33] INFO epoch 111 it 740/1704 loss 0.0146
[2026-04-29 13:14:33] INFO epoch 111 it 760/1704 loss 0.0149
[2026-04-29 13:14:33] INFO epoch 111 it 780/1704 loss 0.0140
[2026-04-29 13:14:33] INFO epoch 111 it 800/1704 loss 0.0150
[2026-04-29 13:14:33] INFO epoch 111 it 820/1704 loss 0.0146
[2026-04-29 13:14:34] INFO epoch 111 it 840/1704 loss 0.0141
[2026-04-29 13:14:34] INFO epoch 111 it 860/1704 loss 0.0149
[2026-04-29 13:14:34] INFO epoch 111 it 880/1704 loss 0.0140
[2026-04-29 13:14:34] INFO epoch 111 it 900/1704 loss 0.0145
[2026-04-29 13:14:35] INFO epoch 111 it 920/1704 loss 0.0139
[2026-04-29 13:14:35] INFO epoch 111 it 940/1704 loss 0.0142
[2026-04-29 13:14:35] INFO epoch 111 it 960/1704 loss 0.0147
[2026-04-29 13:14:35] INFO epoch 111 it 980/1704 loss 0.0144
[2026-04-29 13:14:35] INFO epoch 111 it 1000/1704 loss 0.0138
[2026-04-29 13:14:36] INFO epoch 111 it 1020/1704 loss 0.0148
[2026-04-29 13:14:36] INFO epoch 111 it 1040/1704 loss 0.0136
[2026-04-29 13:14:36] INFO epoch 111 it 1060/1704 loss 0.0135
[2026-04-29 13:14:36] INFO epoch 111 it 1080/1704 loss 0.0149
[2026-04-29 13:14:37] INFO epoch 111 it 1100/1704 loss 0.0145
[2026-04-29 13:14:37] INFO epoch 111 it 1120/1704 loss 0.0150
[2026-04-29 13:14:37] INFO epoch 111 it 1140/1704 loss 0.0148
[2026-04-29 13:14:37] INFO epoch 111 it 1160/1704 loss 0.0141
[2026-04-29 13:14:37] INFO epoch 111 it 1180/1704 loss 0.0143
[2026-04-29 13:14:38] INFO epoch 111 it 1200/1704 loss 0.0144
[2026-04-29 13:14:38] INFO epoch 111 it 1220/1704 loss 0.0147
[2026-04-29 13:14:38] INFO epoch 111 it 1240/1704 loss 0.0140
[2026-04-29 13:14:38] INFO epoch 111 it 1260/1704 loss 0.0153
[2026-04-29 13:14:39] INFO epoch 111 it 1280/1704 loss 0.0146
[2026-04-29 13:14:39] INFO epoch 111 it 1300/1704 loss 0.0144
[2026-04-29 13:14:39] INFO epoch 111 it 1320/1704 loss 0.0153
[2026-04-29 13:14:39] INFO epoch 111 it 1340/1704 loss 0.0155
[2026-04-29 13:14:39] INFO epoch 111 it 1360/1704 loss 0.0138
[2026-04-29 13:14:40] INFO epoch 111 it 1380/1704 loss 0.0132
[2026-04-29 13:14:40] INFO epoch 111 it 1400/1704 loss 0.0140
[2026-04-29 13:14:40] INFO epoch 111 it 1420/1704 loss 0.0144
[2026-04-29 13:14:40] INFO epoch 111 it 1440/1704 loss 0.0151
[2026-04-29 13:14:41] INFO epoch 111 it 1460/1704 loss 0.0143
[2026-04-29 13:14:41] INFO epoch 111 it 1480/1704 loss 0.0157
[2026-04-29 13:14:41] INFO epoch 111 it 1500/1704 loss 0.0136
[2026-04-29 13:14:41] INFO epoch 111 it 1520/1704 loss 0.0138
[2026-04-29 13:14:41] INFO epoch 111 it 1540/1704 loss 0.0148
[2026-04-29 13:14:42] INFO epoch 111 it 1560/1704 loss 0.0147
[2026-04-29 13:14:42] INFO epoch 111 it 1580/1704 loss 0.0137
[2026-04-29 13:14:42] INFO epoch 111 it 1600/1704 loss 0.0153
[2026-04-29 13:14:42] INFO epoch 111 it 1620/1704 loss 0.0154
[2026-04-29 13:14:43] INFO epoch 111 it 1640/1704 loss 0.0140
[2026-04-29 13:14:43] INFO epoch 111 it 1660/1704 loss 0.0143
[2026-04-29 13:14:43] INFO epoch 111 it 1680/1704 loss 0.0145
[2026-04-29 13:14:43] INFO epoch 111 it 1700/1704 loss 0.0154
[2026-04-29 13:14:45] INFO epoch 111 done in 62.0s lr=4.06e-05
[2026-04-29 13:15:22] INFO epoch 111 val MAE(HU): 26.37
[2026-04-29 13:16:04] INFO epoch 112 it 20/1704 loss 0.0141
[2026-04-29 13:16:05] INFO epoch 112 it 40/1704 loss 0.0143
[2026-04-29 13:16:05] INFO epoch 112 it 60/1704 loss 0.0145
[2026-04-29 13:16:05] INFO epoch 112 it 80/1704 loss 0.0146
[2026-04-29 13:16:05] INFO epoch 112 it 100/1704 loss 0.0141
[2026-04-29 13:16:05] INFO epoch 112 it 120/1704 loss 0.0143
[2026-04-29 13:16:06] INFO epoch 112 it 140/1704 loss 0.0140
[2026-04-29 13:16:06] INFO epoch 112 it 160/1704 loss 0.0154
[2026-04-29 13:16:06] INFO epoch 112 it 180/1704 loss 0.0151
[2026-04-29 13:16:06] INFO epoch 112 it 200/1704 loss 0.0135
[2026-04-29 13:16:07] INFO epoch 112 it 220/1704 loss 0.0158
[2026-04-29 13:16:07] INFO epoch 112 it 240/1704 loss 0.0151
[2026-04-29 13:16:07] INFO epoch 112 it 260/1704 loss 0.0141
[2026-04-29 13:16:07] INFO epoch 112 it 280/1704 loss 0.0147
[2026-04-29 13:16:07] INFO epoch 112 it 300/1704 loss 0.0132
[2026-04-29 13:16:08] INFO epoch 112 it 320/1704 loss 0.0146
[2026-04-29 13:16:08] INFO epoch 112 it 340/1704 loss 0.0137
[2026-04-29 13:16:08] INFO epoch 112 it 360/1704 loss 0.0142
[2026-04-29 13:16:08] INFO epoch 112 it 380/1704 loss 0.0144
[2026-04-29 13:16:09] INFO epoch 112 it 400/1704 loss 0.0145
[2026-04-29 13:16:09] INFO epoch 112 it 420/1704 loss 0.0142
[2026-04-29 13:16:09] INFO epoch 112 it 440/1704 loss 0.0142
[2026-04-29 13:16:09] INFO epoch 112 it 460/1704 loss 0.0148
[2026-04-29 13:16:10] INFO epoch 112 it 480/1704 loss 0.0142
[2026-04-29 13:16:10] INFO epoch 112 it 500/1704 loss 0.0144
[2026-04-29 13:16:10] INFO epoch 112 it 520/1704 loss 0.0146
[2026-04-29 13:16:10] INFO epoch 112 it 540/1704 loss 0.0156
[2026-04-29 13:16:10] INFO epoch 112 it 560/1704 loss 0.0135
[2026-04-29 13:16:11] INFO epoch 112 it 580/1704 loss 0.0142
[2026-04-29 13:16:11] INFO epoch 112 it 600/1704 loss 0.0144
[2026-04-29 13:16:11] INFO epoch 112 it 620/1704 loss 0.0131
[2026-04-29 13:16:11] INFO epoch 112 it 640/1704 loss 0.0133
[2026-04-29 13:16:12] INFO epoch 112 it 660/1704 loss 0.0137
[2026-04-29 13:16:12] INFO epoch 112 it 680/1704 loss 0.0141
[2026-04-29 13:16:12] INFO epoch 112 it 700/1704 loss 0.0148
[2026-04-29 13:16:12] INFO epoch 112 it 720/1704 loss 0.0136
[2026-04-29 13:16:12] INFO epoch 112 it 740/1704 loss 0.0146
[2026-04-29 13:16:13] INFO epoch 112 it 760/1704 loss 0.0145
[2026-04-29 13:16:13] INFO epoch 112 it 780/1704 loss 0.0146
[2026-04-29 13:16:13] INFO epoch 112 it 800/1704 loss 0.0134
[2026-04-29 13:16:13] INFO epoch 112 it 820/1704 loss 0.0142
[2026-04-29 13:16:14] INFO epoch 112 it 840/1704 loss 0.0149
[2026-04-29 13:16:14] INFO epoch 112 it 860/1704 loss 0.0157
[2026-04-29 13:16:14] INFO epoch 112 it 880/1704 loss 0.0144
[2026-04-29 13:16:14] INFO epoch 112 it 900/1704 loss 0.0142
[2026-04-29 13:16:15] INFO epoch 112 it 920/1704 loss 0.0149
[2026-04-29 13:16:15] INFO epoch 112 it 940/1704 loss 0.0151
[2026-04-29 13:16:15] INFO epoch 112 it 960/1704 loss 0.0140
[2026-04-29 13:16:15] INFO epoch 112 it 980/1704 loss 0.0138
[2026-04-29 13:16:15] INFO epoch 112 it 1000/1704 loss 0.0147
[2026-04-29 13:16:16] INFO epoch 112 it 1020/1704 loss 0.0147
[2026-04-29 13:16:16] INFO epoch 112 it 1040/1704 loss 0.0150
[2026-04-29 13:16:16] INFO epoch 112 it 1060/1704 loss 0.0143
[2026-04-29 13:16:16] INFO epoch 112 it 1080/1704 loss 0.0143
[2026-04-29 13:16:17] INFO epoch 112 it 1100/1704 loss 0.0142
[2026-04-29 13:16:17] INFO epoch 112 it 1120/1704 loss 0.0146
[2026-04-29 13:16:17] INFO epoch 112 it 1140/1704 loss 0.0142
[2026-04-29 13:16:17] INFO epoch 112 it 1160/1704 loss 0.0135
[2026-04-29 13:16:17] INFO epoch 112 it 1180/1704 loss 0.0142
[2026-04-29 13:16:18] INFO epoch 112 it 1200/1704 loss 0.0142
[2026-04-29 13:16:18] INFO epoch 112 it 1220/1704 loss 0.0146
[2026-04-29 13:16:18] INFO epoch 112 it 1240/1704 loss 0.0141
[2026-04-29 13:16:18] INFO epoch 112 it 1260/1704 loss 0.0136
[2026-04-29 13:16:19] INFO epoch 112 it 1280/1704 loss 0.0153
[2026-04-29 13:16:19] INFO epoch 112 it 1300/1704 loss 0.0146
[2026-04-29 13:16:19] INFO epoch 112 it 1320/1704 loss 0.0153
[2026-04-29 13:16:19] INFO epoch 112 it 1340/1704 loss 0.0148
[2026-04-29 13:16:19] INFO epoch 112 it 1360/1704 loss 0.0147
[2026-04-29 13:16:20] INFO epoch 112 it 1380/1704 loss 0.0144
[2026-04-29 13:16:20] INFO epoch 112 it 1400/1704 loss 0.0137
[2026-04-29 13:16:20] INFO epoch 112 it 1420/1704 loss 0.0145
[2026-04-29 13:16:20] INFO epoch 112 it 1440/1704 loss 0.0143
[2026-04-29 13:16:21] INFO epoch 112 it 1460/1704 loss 0.0139
[2026-04-29 13:16:21] INFO epoch 112 it 1480/1704 loss 0.0142
[2026-04-29 13:16:21] INFO epoch 112 it 1500/1704 loss 0.0151
[2026-04-29 13:16:21] INFO epoch 112 it 1520/1704 loss 0.0144
[2026-04-29 13:16:21] INFO epoch 112 it 1540/1704 loss 0.0145
[2026-04-29 13:16:22] INFO epoch 112 it 1560/1704 loss 0.0146
[2026-04-29 13:16:22] INFO epoch 112 it 1580/1704 loss 0.0144
[2026-04-29 13:16:22] INFO epoch 112 it 1600/1704 loss 0.0148
[2026-04-29 13:16:22] INFO epoch 112 it 1620/1704 loss 0.0151
[2026-04-29 13:16:23] INFO epoch 112 it 1640/1704 loss 0.0148
[2026-04-29 13:16:23] INFO epoch 112 it 1660/1704 loss 0.0150
[2026-04-29 13:16:23] INFO epoch 112 it 1680/1704 loss 0.0146
[2026-04-29 13:16:23] INFO epoch 112 it 1700/1704 loss 0.0147
[2026-04-29 13:16:25] INFO epoch 112 done in 62.4s lr=3.99e-05
[2026-04-29 13:17:02] INFO epoch 112 val MAE(HU): 26.18
[2026-04-29 13:17:45] INFO epoch 113 it 20/1704 loss 0.0147
[2026-04-29 13:17:45] INFO epoch 113 it 40/1704 loss 0.0139
[2026-04-29 13:17:45] INFO epoch 113 it 60/1704 loss 0.0141
[2026-04-29 13:17:46] INFO epoch 113 it 80/1704 loss 0.0143
[2026-04-29 13:17:46] INFO epoch 113 it 100/1704 loss 0.0143
[2026-04-29 13:17:46] INFO epoch 113 it 120/1704 loss 0.0146
[2026-04-29 13:17:46] INFO epoch 113 it 140/1704 loss 0.0143
[2026-04-29 13:17:47] INFO epoch 113 it 160/1704 loss 0.0152
[2026-04-29 13:17:47] INFO epoch 113 it 180/1704 loss 0.0148
[2026-04-29 13:17:47] INFO epoch 113 it 200/1704 loss 0.0140
[2026-04-29 13:17:47] INFO epoch 113 it 220/1704 loss 0.0138
[2026-04-29 13:17:48] INFO epoch 113 it 240/1704 loss 0.0146
[2026-04-29 13:17:48] INFO epoch 113 it 260/1704 loss 0.0150
[2026-04-29 13:17:48] INFO epoch 113 it 280/1704 loss 0.0147
[2026-04-29 13:17:48] INFO epoch 113 it 300/1704 loss 0.0142
[2026-04-29 13:17:48] INFO epoch 113 it 320/1704 loss 0.0143
[2026-04-29 13:17:49] INFO epoch 113 it 340/1704 loss 0.0131
[2026-04-29 13:17:49] INFO epoch 113 it 360/1704 loss 0.0136
[2026-04-29 13:17:49] INFO epoch 113 it 380/1704 loss 0.0148
[2026-04-29 13:17:49] INFO epoch 113 it 400/1704 loss 0.0148
[2026-04-29 13:17:50] INFO epoch 113 it 420/1704 loss 0.0147
[2026-04-29 13:17:50] INFO epoch 113 it 440/1704 loss 0.0142
[2026-04-29 13:17:50] INFO epoch 113 it 460/1704 loss 0.0137
[2026-04-29 13:17:50] INFO epoch 113 it 480/1704 loss 0.0139
[2026-04-29 13:17:50] INFO epoch 113 it 500/1704 loss 0.0144
[2026-04-29 13:17:51] INFO epoch 113 it 520/1704 loss 0.0148
[2026-04-29 13:17:51] INFO epoch 113 it 540/1704 loss 0.0145
[2026-04-29 13:17:51] INFO epoch 113 it 560/1704 loss 0.0147
[2026-04-29 13:17:51] INFO epoch 113 it 580/1704 loss 0.0151
[2026-04-29 13:17:52] INFO epoch 113 it 600/1704 loss 0.0147
[2026-04-29 13:17:52] INFO epoch 113 it 620/1704 loss 0.0144
[2026-04-29 13:17:52] INFO epoch 113 it 640/1704 loss 0.0143
[2026-04-29 13:17:52] INFO epoch 113 it 660/1704 loss 0.0142
[2026-04-29 13:17:53] INFO epoch 113 it 680/1704 loss 0.0140
[2026-04-29 13:17:53] INFO epoch 113 it 700/1704 loss 0.0148
[2026-04-29 13:17:53] INFO epoch 113 it 720/1704 loss 0.0142
[2026-04-29 13:17:53] INFO epoch 113 it 740/1704 loss 0.0141
[2026-04-29 13:17:53] INFO epoch 113 it 760/1704 loss 0.0139
[2026-04-29 13:17:54] INFO epoch 113 it 780/1704 loss 0.0146
[2026-04-29 13:17:54] INFO epoch 113 it 800/1704 loss 0.0142
[2026-04-29 13:17:54] INFO epoch 113 it 820/1704 loss 0.0144
[2026-04-29 13:17:54] INFO epoch 113 it 840/1704 loss 0.0144
[2026-04-29 13:17:55] INFO epoch 113 it 860/1704 loss 0.0142
[2026-04-29 13:17:55] INFO epoch 113 it 880/1704 loss 0.0136
[2026-04-29 13:17:55] INFO epoch 113 it 900/1704 loss 0.0146
[2026-04-29 13:17:55] INFO epoch 113 it 920/1704 loss 0.0136
[2026-04-29 13:17:55] INFO epoch 113 it 940/1704 loss 0.0147
[2026-04-29 13:17:56] INFO epoch 113 it 960/1704 loss 0.0136
[2026-04-29 13:17:56] INFO epoch 113 it 980/1704 loss 0.0147
[2026-04-29 13:17:56] INFO epoch 113 it 1000/1704 loss 0.0145
[2026-04-29 13:17:56] INFO epoch 113 it 1020/1704 loss 0.0144
[2026-04-29 13:17:57] INFO epoch 113 it 1040/1704 loss 0.0141
[2026-04-29 13:17:57] INFO epoch 113 it 1060/1704 loss 0.0146
[2026-04-29 13:17:57] INFO epoch 113 it 1080/1704 loss 0.0136
[2026-04-29 13:17:57] INFO epoch 113 it 1100/1704 loss 0.0149
[2026-04-29 13:17:57] INFO epoch 113 it 1120/1704 loss 0.0137
[2026-04-29 13:17:58] INFO epoch 113 it 1140/1704 loss 0.0149
[2026-04-29 13:17:58] INFO epoch 113 it 1160/1704 loss 0.0149
[2026-04-29 13:17:58] INFO epoch 113 it 1180/1704 loss 0.0151
[2026-04-29 13:17:58] INFO epoch 113 it 1200/1704 loss 0.0143
[2026-04-29 13:17:59] INFO epoch 113 it 1220/1704 loss 0.0150
[2026-04-29 13:17:59] INFO epoch 113 it 1240/1704 loss 0.0145
[2026-04-29 13:17:59] INFO epoch 113 it 1260/1704 loss 0.0140
[2026-04-29 13:17:59] INFO epoch 113 it 1280/1704 loss 0.0147
[2026-04-29 13:17:59] INFO epoch 113 it 1300/1704 loss 0.0137
[2026-04-29 13:18:00] INFO epoch 113 it 1320/1704 loss 0.0144
[2026-04-29 13:18:00] INFO epoch 113 it 1340/1704 loss 0.0142
[2026-04-29 13:18:00] INFO epoch 113 it 1360/1704 loss 0.0139
[2026-04-29 13:18:00] INFO epoch 113 it 1380/1704 loss 0.0149
[2026-04-29 13:18:01] INFO epoch 113 it 1400/1704 loss 0.0134
[2026-04-29 13:18:01] INFO epoch 113 it 1420/1704 loss 0.0148
[2026-04-29 13:18:01] INFO epoch 113 it 1440/1704 loss 0.0143
[2026-04-29 13:18:01] INFO epoch 113 it 1460/1704 loss 0.0136
[2026-04-29 13:18:01] INFO epoch 113 it 1480/1704 loss 0.0147
[2026-04-29 13:18:02] INFO epoch 113 it 1500/1704 loss 0.0148
[2026-04-29 13:18:02] INFO epoch 113 it 1520/1704 loss 0.0144
[2026-04-29 13:18:02] INFO epoch 113 it 1540/1704 loss 0.0139
[2026-04-29 13:18:02] INFO epoch 113 it 1560/1704 loss 0.0153
[2026-04-29 13:18:03] INFO epoch 113 it 1580/1704 loss 0.0149
[2026-04-29 13:18:03] INFO epoch 113 it 1600/1704 loss 0.0131
[2026-04-29 13:18:03] INFO epoch 113 it 1620/1704 loss 0.0145
[2026-04-29 13:18:03] INFO epoch 113 it 1640/1704 loss 0.0133
[2026-04-29 13:18:03] INFO epoch 113 it 1660/1704 loss 0.0146
[2026-04-29 13:18:04] INFO epoch 113 it 1680/1704 loss 0.0144
[2026-04-29 13:18:04] INFO epoch 113 it 1700/1704 loss 0.0146
[2026-04-29 13:18:05] INFO epoch 113 done in 62.8s lr=3.91e-05
[2026-04-29 13:18:44] INFO epoch 113 val MAE(HU): 26.25
[2026-04-29 13:19:26] INFO epoch 114 it 20/1704 loss 0.0138
[2026-04-29 13:19:26] INFO epoch 114 it 40/1704 loss 0.0148
[2026-04-29 13:19:27] INFO epoch 114 it 60/1704 loss 0.0138
[2026-04-29 13:19:27] INFO epoch 114 it 80/1704 loss 0.0147
[2026-04-29 13:19:27] INFO epoch 114 it 100/1704 loss 0.0138
[2026-04-29 13:19:27] INFO epoch 114 it 120/1704 loss 0.0135
[2026-04-29 13:19:28] INFO epoch 114 it 140/1704 loss 0.0145
[2026-04-29 13:19:28] INFO epoch 114 it 160/1704 loss 0.0145
[2026-04-29 13:19:28] INFO epoch 114 it 180/1704 loss 0.0136
[2026-04-29 13:19:28] INFO epoch 114 it 200/1704 loss 0.0130
[2026-04-29 13:19:28] INFO epoch 114 it 220/1704 loss 0.0140
[2026-04-29 13:19:29] INFO epoch 114 it 240/1704 loss 0.0135
[2026-04-29 13:19:29] INFO epoch 114 it 260/1704 loss 0.0137
[2026-04-29 13:19:29] INFO epoch 114 it 280/1704 loss 0.0147
[2026-04-29 13:19:29] INFO epoch 114 it 300/1704 loss 0.0140
[2026-04-29 13:19:30] INFO epoch 114 it 320/1704 loss 0.0152
[2026-04-29 13:19:30] INFO epoch 114 it 340/1704 loss 0.0145
[2026-04-29 13:19:30] INFO epoch 114 it 360/1704 loss 0.0140
[2026-04-29 13:19:30] INFO epoch 114 it 380/1704 loss 0.0145
[2026-04-29 13:19:30] INFO epoch 114 it 400/1704 loss 0.0144
[2026-04-29 13:19:31] INFO epoch 114 it 420/1704 loss 0.0145
[2026-04-29 13:19:31] INFO epoch 114 it 440/1704 loss 0.0135
[2026-04-29 13:19:31] INFO epoch 114 it 460/1704 loss 0.0136
[2026-04-29 13:19:31] INFO epoch 114 it 480/1704 loss 0.0140
[2026-04-29 13:19:32] INFO epoch 114 it 500/1704 loss 0.0138
[2026-04-29 13:19:32] INFO epoch 114 it 520/1704 loss 0.0153
[2026-04-29 13:19:32] INFO epoch 114 it 540/1704 loss 0.0141
[2026-04-29 13:19:32] INFO epoch 114 it 560/1704 loss 0.0143
[2026-04-29 13:19:32] INFO epoch 114 it 580/1704 loss 0.0146
[2026-04-29 13:19:33] INFO epoch 114 it 600/1704 loss 0.0157
[2026-04-29 13:19:33] INFO epoch 114 it 620/1704 loss 0.0140
[2026-04-29 13:19:33] INFO epoch 114 it 640/1704 loss 0.0142
[2026-04-29 13:19:33] INFO epoch 114 it 660/1704 loss 0.0150
[2026-04-29 13:19:34] INFO epoch 114 it 680/1704 loss 0.0142
[2026-04-29 13:19:34] INFO epoch 114 it 700/1704 loss 0.0140
[2026-04-29 13:19:34] INFO epoch 114 it 720/1704 loss 0.0145
[2026-04-29 13:19:34] INFO epoch 114 it 740/1704 loss 0.0147
[2026-04-29 13:19:34] INFO epoch 114 it 760/1704 loss 0.0144
[2026-04-29 13:19:35] INFO epoch 114 it 780/1704 loss 0.0139
[2026-04-29 13:19:35] INFO epoch 114 it 800/1704 loss 0.0149
[2026-04-29 13:19:35] INFO epoch 114 it 820/1704 loss 0.0144
[2026-04-29 13:19:35] INFO epoch 114 it 840/1704 loss 0.0136
[2026-04-29 13:19:36] INFO epoch 114 it 860/1704 loss 0.0146
[2026-04-29 13:19:36] INFO epoch 114 it 880/1704 loss 0.0136
[2026-04-29 13:19:36] INFO epoch 114 it 900/1704 loss 0.0139
[2026-04-29 13:19:36] INFO epoch 114 it 920/1704 loss 0.0141
[2026-04-29 13:19:36] INFO epoch 114 it 940/1704 loss 0.0142
[2026-04-29 13:19:37] INFO epoch 114 it 960/1704 loss 0.0155
[2026-04-29 13:19:37] INFO epoch 114 it 980/1704 loss 0.0139
[2026-04-29 13:19:37] INFO epoch 114 it 1000/1704 loss 0.0146
[2026-04-29 13:19:37] INFO epoch 114 it 1020/1704 loss 0.0150
[2026-04-29 13:19:38] INFO epoch 114 it 1040/1704 loss 0.0147
[2026-04-29 13:19:38] INFO epoch 114 it 1060/1704 loss 0.0158
[2026-04-29 13:19:38] INFO epoch 114 it 1080/1704 loss 0.0150
[2026-04-29 13:19:38] INFO epoch 114 it 1100/1704 loss 0.0154
[2026-04-29 13:19:38] INFO epoch 114 it 1120/1704 loss 0.0148
[2026-04-29 13:19:39] INFO epoch 114 it 1140/1704 loss 0.0127
[2026-04-29 13:19:39] INFO epoch 114 it 1160/1704 loss 0.0140
[2026-04-29 13:19:39] INFO epoch 114 it 1180/1704 loss 0.0151
[2026-04-29 13:19:39] INFO epoch 114 it 1200/1704 loss 0.0147
[2026-04-29 13:19:40] INFO epoch 114 it 1220/1704 loss 0.0136
[2026-04-29 13:19:40] INFO epoch 114 it 1240/1704 loss 0.0135
[2026-04-29 13:19:40] INFO epoch 114 it 1260/1704 loss 0.0145
[2026-04-29 13:19:40] INFO epoch 114 it 1280/1704 loss 0.0148
[2026-04-29 13:19:40] INFO epoch 114 it 1300/1704 loss 0.0141
[2026-04-29 13:19:41] INFO epoch 114 it 1320/1704 loss 0.0146
[2026-04-29 13:19:41] INFO epoch 114 it 1340/1704 loss 0.0155
[2026-04-29 13:19:41] INFO epoch 114 it 1360/1704 loss 0.0136
[2026-04-29 13:19:41] INFO epoch 114 it 1380/1704 loss 0.0145
[2026-04-29 13:19:42] INFO epoch 114 it 1400/1704 loss 0.0138
[2026-04-29 13:19:42] INFO epoch 114 it 1420/1704 loss 0.0140
[2026-04-29 13:19:42] INFO epoch 114 it 1440/1704 loss 0.0141
[2026-04-29 13:19:42] INFO epoch 114 it 1460/1704 loss 0.0142
[2026-04-29 13:19:43] INFO epoch 114 it 1480/1704 loss 0.0140
[2026-04-29 13:19:43] INFO epoch 114 it 1500/1704 loss 0.0133
[2026-04-29 13:19:43] INFO epoch 114 it 1520/1704 loss 0.0148
[2026-04-29 13:19:43] INFO epoch 114 it 1540/1704 loss 0.0149
[2026-04-29 13:19:43] INFO epoch 114 it 1560/1704 loss 0.0141
[2026-04-29 13:19:44] INFO epoch 114 it 1580/1704 loss 0.0149
[2026-04-29 13:19:44] INFO epoch 114 it 1600/1704 loss 0.0146
[2026-04-29 13:19:44] INFO epoch 114 it 1620/1704 loss 0.0150
[2026-04-29 13:19:44] INFO epoch 114 it 1640/1704 loss 0.0154
[2026-04-29 13:19:45] INFO epoch 114 it 1660/1704 loss 0.0141
[2026-04-29 13:19:45] INFO epoch 114 it 1680/1704 loss 0.0140
[2026-04-29 13:19:45] INFO epoch 114 it 1700/1704 loss 0.0142
[2026-04-29 13:19:46] INFO epoch 114 done in 62.6s lr=3.83e-05
[2026-04-29 13:20:24] INFO epoch 114 val MAE(HU): 26.39
[2026-04-29 13:21:07] INFO epoch 115 it 20/1704 loss 0.0132
[2026-04-29 13:21:07] INFO epoch 115 it 40/1704 loss 0.0142
[2026-04-29 13:21:07] INFO epoch 115 it 60/1704 loss 0.0140
[2026-04-29 13:21:08] INFO epoch 115 it 80/1704 loss 0.0144
[2026-04-29 13:21:08] INFO epoch 115 it 100/1704 loss 0.0153
[2026-04-29 13:21:08] INFO epoch 115 it 120/1704 loss 0.0146
[2026-04-29 13:21:08] INFO epoch 115 it 140/1704 loss 0.0143
[2026-04-29 13:21:08] INFO epoch 115 it 160/1704 loss 0.0136
[2026-04-29 13:21:09] INFO epoch 115 it 180/1704 loss 0.0145
[2026-04-29 13:21:09] INFO epoch 115 it 200/1704 loss 0.0137
[2026-04-29 13:21:09] INFO epoch 115 it 220/1704 loss 0.0137
[2026-04-29 13:21:09] INFO epoch 115 it 240/1704 loss 0.0150
[2026-04-29 13:21:10] INFO epoch 115 it 260/1704 loss 0.0138
[2026-04-29 13:21:10] INFO epoch 115 it 280/1704 loss 0.0156
[2026-04-29 13:21:10] INFO epoch 115 it 300/1704 loss 0.0135
[2026-04-29 13:21:10] INFO epoch 115 it 320/1704 loss 0.0146
[2026-04-29 13:21:10] INFO epoch 115 it 340/1704 loss 0.0150
[2026-04-29 13:21:11] INFO epoch 115 it 360/1704 loss 0.0151
[2026-04-29 13:21:11] INFO epoch 115 it 380/1704 loss 0.0140
[2026-04-29 13:21:11] INFO epoch 115 it 400/1704 loss 0.0136
[2026-04-29 13:21:11] INFO epoch 115 it 420/1704 loss 0.0149
[2026-04-29 13:21:12] INFO epoch 115 it 440/1704 loss 0.0148
[2026-04-29 13:21:12] INFO epoch 115 it 460/1704 loss 0.0137
[2026-04-29 13:21:12] INFO epoch 115 it 480/1704 loss 0.0133
[2026-04-29 13:21:12] INFO epoch 115 it 500/1704 loss 0.0147
[2026-04-29 13:21:13] INFO epoch 115 it 520/1704 loss 0.0141
[2026-04-29 13:21:13] INFO epoch 115 it 540/1704 loss 0.0138
[2026-04-29 13:21:13] INFO epoch 115 it 560/1704 loss 0.0146
[2026-04-29 13:21:13] INFO epoch 115 it 580/1704 loss 0.0138
[2026-04-29 13:21:13] INFO epoch 115 it 600/1704 loss 0.0136
[2026-04-29 13:21:14] INFO epoch 115 it 620/1704 loss 0.0143
[2026-04-29 13:21:14] INFO epoch 115 it 640/1704 loss 0.0144
[2026-04-29 13:21:14] INFO epoch 115 it 660/1704 loss 0.0135
[2026-04-29 13:21:14] INFO epoch 115 it 680/1704 loss 0.0131
[2026-04-29 13:21:15] INFO epoch 115 it 700/1704 loss 0.0147
[2026-04-29 13:21:15] INFO epoch 115 it 720/1704 loss 0.0137
[2026-04-29 13:21:15] INFO epoch 115 it 740/1704 loss 0.0140
[2026-04-29 13:21:15] INFO epoch 115 it 760/1704 loss 0.0142
[2026-04-29 13:21:15] INFO epoch 115 it 780/1704 loss 0.0145
[2026-04-29 13:21:16] INFO epoch 115 it 800/1704 loss 0.0145
[2026-04-29 13:21:16] INFO epoch 115 it 820/1704 loss 0.0148
[2026-04-29 13:21:16] INFO epoch 115 it 840/1704 loss 0.0138
[2026-04-29 13:21:16] INFO epoch 115 it 860/1704 loss 0.0143
[2026-04-29 13:21:17] INFO epoch 115 it 880/1704 loss 0.0142
[2026-04-29 13:21:17] INFO epoch 115 it 900/1704 loss 0.0142
[2026-04-29 13:21:17] INFO epoch 115 it 920/1704 loss 0.0140
[2026-04-29 13:21:17] INFO epoch 115 it 940/1704 loss 0.0139
[2026-04-29 13:21:17] INFO epoch 115 it 960/1704 loss 0.0147
[2026-04-29 13:21:18] INFO epoch 115 it 980/1704 loss 0.0147
[2026-04-29 13:21:18] INFO epoch 115 it 1000/1704 loss 0.0141
[2026-04-29 13:21:18] INFO epoch 115 it 1020/1704 loss 0.0147
[2026-04-29 13:21:18] INFO epoch 115 it 1040/1704 loss 0.0140
[2026-04-29 13:21:19] INFO epoch 115 it 1060/1704 loss 0.0146
[2026-04-29 13:21:19] INFO epoch 115 it 1080/1704 loss 0.0143
[2026-04-29 13:21:19] INFO epoch 115 it 1100/1704 loss 0.0135
[2026-04-29 13:21:19] INFO epoch 115 it 1120/1704 loss 0.0146
[2026-04-29 13:21:19] INFO epoch 115 it 1140/1704 loss 0.0151
[2026-04-29 13:21:20] INFO epoch 115 it 1160/1704 loss 0.0146
[2026-04-29 13:21:20] INFO epoch 115 it 1180/1704 loss 0.0141
[2026-04-29 13:21:20] INFO epoch 115 it 1200/1704 loss 0.0145
[2026-04-29 13:21:20] INFO epoch 115 it 1220/1704 loss 0.0151
[2026-04-29 13:21:21] INFO epoch 115 it 1240/1704 loss 0.0141
[2026-04-29 13:21:21] INFO epoch 115 it 1260/1704 loss 0.0141
[2026-04-29 13:21:21] INFO epoch 115 it 1280/1704 loss 0.0145
[2026-04-29 13:21:21] INFO epoch 115 it 1300/1704 loss 0.0148
[2026-04-29 13:21:21] INFO epoch 115 it 1320/1704 loss 0.0146
[2026-04-29 13:21:22] INFO epoch 115 it 1340/1704 loss 0.0144
[2026-04-29 13:21:22] INFO epoch 115 it 1360/1704 loss 0.0144
[2026-04-29 13:21:22] INFO epoch 115 it 1380/1704 loss 0.0152
[2026-04-29 13:21:22] INFO epoch 115 it 1400/1704 loss 0.0142
[2026-04-29 13:21:23] INFO epoch 115 it 1420/1704 loss 0.0139
[2026-04-29 13:21:23] INFO epoch 115 it 1440/1704 loss 0.0142
[2026-04-29 13:21:23] INFO epoch 115 it 1460/1704 loss 0.0143
[2026-04-29 13:21:23] INFO epoch 115 it 1480/1704 loss 0.0152
[2026-04-29 13:21:24] INFO epoch 115 it 1500/1704 loss 0.0149
[2026-04-29 13:21:24] INFO epoch 115 it 1520/1704 loss 0.0143
[2026-04-29 13:21:24] INFO epoch 115 it 1540/1704 loss 0.0139
[2026-04-29 13:21:24] INFO epoch 115 it 1560/1704 loss 0.0147
[2026-04-29 13:21:24] INFO epoch 115 it 1580/1704 loss 0.0141
[2026-04-29 13:21:25] INFO epoch 115 it 1600/1704 loss 0.0146
[2026-04-29 13:21:25] INFO epoch 115 it 1620/1704 loss 0.0151
[2026-04-29 13:21:25] INFO epoch 115 it 1640/1704 loss 0.0134
[2026-04-29 13:21:25] INFO epoch 115 it 1660/1704 loss 0.0139
[2026-04-29 13:21:26] INFO epoch 115 it 1680/1704 loss 0.0147
[2026-04-29 13:21:26] INFO epoch 115 it 1700/1704 loss 0.0147
[2026-04-29 13:21:27] INFO epoch 115 done in 62.9s lr=3.76e-05
[2026-04-29 13:22:05] INFO epoch 115 val MAE(HU): 26.50
[2026-04-29 13:22:48] INFO epoch 116 it 20/1704 loss 0.0139
[2026-04-29 13:22:48] INFO epoch 116 it 40/1704 loss 0.0144
[2026-04-29 13:22:48] INFO epoch 116 it 60/1704 loss 0.0138
[2026-04-29 13:22:48] INFO epoch 116 it 80/1704 loss 0.0151
[2026-04-29 13:22:49] INFO epoch 116 it 100/1704 loss 0.0150
[2026-04-29 13:22:49] INFO epoch 116 it 120/1704 loss 0.0130
[2026-04-29 13:22:49] INFO epoch 116 it 140/1704 loss 0.0144
[2026-04-29 13:22:49] INFO epoch 116 it 160/1704 loss 0.0140
[2026-04-29 13:22:49] INFO epoch 116 it 180/1704 loss 0.0143
[2026-04-29 13:22:50] INFO epoch 116 it 200/1704 loss 0.0152
[2026-04-29 13:22:50] INFO epoch 116 it 220/1704 loss 0.0134
[2026-04-29 13:22:50] INFO epoch 116 it 240/1704 loss 0.0141
[2026-04-29 13:22:50] INFO epoch 116 it 260/1704 loss 0.0148
[2026-04-29 13:22:51] INFO epoch 116 it 280/1704 loss 0.0135
[2026-04-29 13:22:51] INFO epoch 116 it 300/1704 loss 0.0133
[2026-04-29 13:22:51] INFO epoch 116 it 320/1704 loss 0.0149
[2026-04-29 13:22:51] INFO epoch 116 it 340/1704 loss 0.0134
[2026-04-29 13:22:52] INFO epoch 116 it 360/1704 loss 0.0139
[2026-04-29 13:22:52] INFO epoch 116 it 380/1704 loss 0.0143
[2026-04-29 13:22:52] INFO epoch 116 it 400/1704 loss 0.0142
[2026-04-29 13:22:52] INFO epoch 116 it 420/1704 loss 0.0141
[2026-04-29 13:22:52] INFO epoch 116 it 440/1704 loss 0.0144
[2026-04-29 13:22:53] INFO epoch 116 it 460/1704 loss 0.0147
[2026-04-29 13:22:53] INFO epoch 116 it 480/1704 loss 0.0146
[2026-04-29 13:22:53] INFO epoch 116 it 500/1704 loss 0.0149
[2026-04-29 13:22:53] INFO epoch 116 it 520/1704 loss 0.0139
[2026-04-29 13:22:54] INFO epoch 116 it 540/1704 loss 0.0138
[2026-04-29 13:22:54] INFO epoch 116 it 560/1704 loss 0.0136
[2026-04-29 13:22:54] INFO epoch 116 it 580/1704 loss 0.0142
[2026-04-29 13:22:54] INFO epoch 116 it 600/1704 loss 0.0144
[2026-04-29 13:22:54] INFO epoch 116 it 620/1704 loss 0.0145
[2026-04-29 13:22:55] INFO epoch 116 it 640/1704 loss 0.0147
[2026-04-29 13:22:55] INFO epoch 116 it 660/1704 loss 0.0143
[2026-04-29 13:22:55] INFO epoch 116 it 680/1704 loss 0.0138
[2026-04-29 13:22:55] INFO epoch 116 it 700/1704 loss 0.0145
[2026-04-29 13:22:56] INFO epoch 116 it 720/1704 loss 0.0146
[2026-04-29 13:22:56] INFO epoch 116 it 740/1704 loss 0.0148
[2026-04-29 13:22:56] INFO epoch 116 it 760/1704 loss 0.0135
[2026-04-29 13:22:56] INFO epoch 116 it 780/1704 loss 0.0149
[2026-04-29 13:22:57] INFO epoch 116 it 800/1704 loss 0.0141
[2026-04-29 13:22:57] INFO epoch 116 it 820/1704 loss 0.0144
[2026-04-29 13:22:57] INFO epoch 116 it 840/1704 loss 0.0141
[2026-04-29 13:22:57] INFO epoch 116 it 860/1704 loss 0.0143
[2026-04-29 13:22:57] INFO epoch 116 it 880/1704 loss 0.0139
[2026-04-29 13:22:58] INFO epoch 116 it 900/1704 loss 0.0146
[2026-04-29 13:22:58] INFO epoch 116 it 920/1704 loss 0.0149
[2026-04-29 13:22:58] INFO epoch 116 it 940/1704 loss 0.0146
[2026-04-29 13:22:58] INFO epoch 116 it 960/1704 loss 0.0141
[2026-04-29 13:22:59] INFO epoch 116 it 980/1704 loss 0.0145
[2026-04-29 13:22:59] INFO epoch 116 it 1000/1704 loss 0.0141
[2026-04-29 13:22:59] INFO epoch 116 it 1020/1704 loss 0.0132
[2026-04-29 13:22:59] INFO epoch 116 it 1040/1704 loss 0.0143
[2026-04-29 13:22:59] INFO epoch 116 it 1060/1704 loss 0.0150
[2026-04-29 13:23:00] INFO epoch 116 it 1080/1704 loss 0.0139
[2026-04-29 13:23:00] INFO epoch 116 it 1100/1704 loss 0.0150
[2026-04-29 13:23:00] INFO epoch 116 it 1120/1704 loss 0.0148
[2026-04-29 13:23:00] INFO epoch 116 it 1140/1704 loss 0.0139
[2026-04-29 13:23:01] INFO epoch 116 it 1160/1704 loss 0.0138
[2026-04-29 13:23:01] INFO epoch 116 it 1180/1704 loss 0.0142
[2026-04-29 13:23:01] INFO epoch 116 it 1200/1704 loss 0.0146
[2026-04-29 13:23:01] INFO epoch 116 it 1220/1704 loss 0.0143
[2026-04-29 13:23:01] INFO epoch 116 it 1240/1704 loss 0.0142
[2026-04-29 13:23:02] INFO epoch 116 it 1260/1704 loss 0.0138
[2026-04-29 13:23:02] INFO epoch 116 it 1280/1704 loss 0.0132
[2026-04-29 13:23:02] INFO epoch 116 it 1300/1704 loss 0.0150
[2026-04-29 13:23:02] INFO epoch 116 it 1320/1704 loss 0.0151
[2026-04-29 13:23:03] INFO epoch 116 it 1340/1704 loss 0.0137
[2026-04-29 13:23:03] INFO epoch 116 it 1360/1704 loss 0.0151
[2026-04-29 13:23:03] INFO epoch 116 it 1380/1704 loss 0.0143
[2026-04-29 13:23:03] INFO epoch 116 it 1400/1704 loss 0.0145
[2026-04-29 13:23:04] INFO epoch 116 it 1420/1704 loss 0.0143
[2026-04-29 13:23:04] INFO epoch 116 it 1440/1704 loss 0.0145
[2026-04-29 13:23:04] INFO epoch 116 it 1460/1704 loss 0.0144
[2026-04-29 13:23:04] INFO epoch 116 it 1480/1704 loss 0.0143
[2026-04-29 13:23:04] INFO epoch 116 it 1500/1704 loss 0.0150
[2026-04-29 13:23:05] INFO epoch 116 it 1520/1704 loss 0.0144
[2026-04-29 13:23:05] INFO epoch 116 it 1540/1704 loss 0.0139
[2026-04-29 13:23:05] INFO epoch 116 it 1560/1704 loss 0.0135
[2026-04-29 13:23:05] INFO epoch 116 it 1580/1704 loss 0.0138
[2026-04-29 13:23:06] INFO epoch 116 it 1600/1704 loss 0.0138
[2026-04-29 13:23:06] INFO epoch 116 it 1620/1704 loss 0.0138
[2026-04-29 13:23:06] INFO epoch 116 it 1640/1704 loss 0.0136
[2026-04-29 13:23:06] INFO epoch 116 it 1660/1704 loss 0.0147
[2026-04-29 13:23:06] INFO epoch 116 it 1680/1704 loss 0.0140
[2026-04-29 13:23:07] INFO epoch 116 it 1700/1704 loss 0.0148
[2026-04-29 13:23:08] INFO epoch 116 done in 62.7s lr=3.68e-05
[2026-04-29 13:23:46] INFO epoch 116 val MAE(HU): 26.31
[2026-04-29 13:24:28] INFO epoch 117 it 20/1704 loss 0.0140
[2026-04-29 13:24:28] INFO epoch 117 it 40/1704 loss 0.0151
[2026-04-29 13:24:28] INFO epoch 117 it 60/1704 loss 0.0143
[2026-04-29 13:24:29] INFO epoch 117 it 80/1704 loss 0.0140
[2026-04-29 13:24:29] INFO epoch 117 it 100/1704 loss 0.0137
[2026-04-29 13:24:29] INFO epoch 117 it 120/1704 loss 0.0139
[2026-04-29 13:24:29] INFO epoch 117 it 140/1704 loss 0.0135
[2026-04-29 13:24:30] INFO epoch 117 it 160/1704 loss 0.0144
[2026-04-29 13:24:30] INFO epoch 117 it 180/1704 loss 0.0136
[2026-04-29 13:24:30] INFO epoch 117 it 200/1704 loss 0.0137
[2026-04-29 13:24:30] INFO epoch 117 it 220/1704 loss 0.0132
[2026-04-29 13:24:31] INFO epoch 117 it 240/1704 loss 0.0141
[2026-04-29 13:24:31] INFO epoch 117 it 260/1704 loss 0.0145
[2026-04-29 13:24:31] INFO epoch 117 it 280/1704 loss 0.0144
[2026-04-29 13:24:31] INFO epoch 117 it 300/1704 loss 0.0141
[2026-04-29 13:24:31] INFO epoch 117 it 320/1704 loss 0.0131
[2026-04-29 13:24:32] INFO epoch 117 it 340/1704 loss 0.0145
[2026-04-29 13:24:32] INFO epoch 117 it 360/1704 loss 0.0143
[2026-04-29 13:24:32] INFO epoch 117 it 380/1704 loss 0.0146
[2026-04-29 13:24:32] INFO epoch 117 it 400/1704 loss 0.0147
[2026-04-29 13:24:33] INFO epoch 117 it 420/1704 loss 0.0148
[2026-04-29 13:24:33] INFO epoch 117 it 440/1704 loss 0.0140
[2026-04-29 13:24:33] INFO epoch 117 it 460/1704 loss 0.0153
[2026-04-29 13:24:33] INFO epoch 117 it 480/1704 loss 0.0148
[2026-04-29 13:24:33] INFO epoch 117 it 500/1704 loss 0.0137
[2026-04-29 13:24:34] INFO epoch 117 it 520/1704 loss 0.0145
[2026-04-29 13:24:34] INFO epoch 117 it 540/1704 loss 0.0139
[2026-04-29 13:24:34] INFO epoch 117 it 560/1704 loss 0.0142
[2026-04-29 13:24:34] INFO epoch 117 it 580/1704 loss 0.0136
[2026-04-29 13:24:35] INFO epoch 117 it 600/1704 loss 0.0150
[2026-04-29 13:24:35] INFO epoch 117 it 620/1704 loss 0.0138
[2026-04-29 13:24:35] INFO epoch 117 it 640/1704 loss 0.0141
[2026-04-29 13:24:35] INFO epoch 117 it 660/1704 loss 0.0147
[2026-04-29 13:24:35] INFO epoch 117 it 680/1704 loss 0.0149
[2026-04-29 13:24:36] INFO epoch 117 it 700/1704 loss 0.0147
[2026-04-29 13:24:36] INFO epoch 117 it 720/1704 loss 0.0137
[2026-04-29 13:24:36] INFO epoch 117 it 740/1704 loss 0.0141
[2026-04-29 13:24:36] INFO epoch 117 it 760/1704 loss 0.0141
[2026-04-29 13:24:37] INFO epoch 117 it 780/1704 loss 0.0143
[2026-04-29 13:24:37] INFO epoch 117 it 800/1704 loss 0.0141
[2026-04-29 13:24:37] INFO epoch 117 it 820/1704 loss 0.0146
[2026-04-29 13:24:37] INFO epoch 117 it 840/1704 loss 0.0154
[2026-04-29 13:24:37] INFO epoch 117 it 860/1704 loss 0.0133
[2026-04-29 13:24:38] INFO epoch 117 it 880/1704 loss 0.0142
[2026-04-29 13:24:38] INFO epoch 117 it 900/1704 loss 0.0146
[2026-04-29 13:24:38] INFO epoch 117 it 920/1704 loss 0.0146
[2026-04-29 13:24:38] INFO epoch 117 it 940/1704 loss 0.0140
[2026-04-29 13:24:39] INFO epoch 117 it 960/1704 loss 0.0142
[2026-04-29 13:24:39] INFO epoch 117 it 980/1704 loss 0.0145
[2026-04-29 13:24:39] INFO epoch 117 it 1000/1704 loss 0.0141
[2026-04-29 13:24:39] INFO epoch 117 it 1020/1704 loss 0.0137
[2026-04-29 13:24:39] INFO epoch 117 it 1040/1704 loss 0.0140
[2026-04-29 13:24:40] INFO epoch 117 it 1060/1704 loss 0.0143
[2026-04-29 13:24:40] INFO epoch 117 it 1080/1704 loss 0.0146
[2026-04-29 13:24:40] INFO epoch 117 it 1100/1704 loss 0.0139
[2026-04-29 13:24:40] INFO epoch 117 it 1120/1704 loss 0.0135
[2026-04-29 13:24:41] INFO epoch 117 it 1140/1704 loss 0.0133
[2026-04-29 13:24:41] INFO epoch 117 it 1160/1704 loss 0.0133
[2026-04-29 13:24:41] INFO epoch 117 it 1180/1704 loss 0.0142
[2026-04-29 13:24:41] INFO epoch 117 it 1200/1704 loss 0.0151
[2026-04-29 13:24:41] INFO epoch 117 it 1220/1704 loss 0.0141
[2026-04-29 13:24:42] INFO epoch 117 it 1240/1704 loss 0.0141
[2026-04-29 13:24:42] INFO epoch 117 it 1260/1704 loss 0.0146
[2026-04-29 13:24:42] INFO epoch 117 it 1280/1704 loss 0.0144
[2026-04-29 13:24:42] INFO epoch 117 it 1300/1704 loss 0.0134
[2026-04-29 13:24:43] INFO epoch 117 it 1320/1704 loss 0.0144
[2026-04-29 13:24:43] INFO epoch 117 it 1340/1704 loss 0.0136
[2026-04-29 13:24:43] INFO epoch 117 it 1360/1704 loss 0.0141
[2026-04-29 13:24:43] INFO epoch 117 it 1380/1704 loss 0.0146
[2026-04-29 13:24:43] INFO epoch 117 it 1400/1704 loss 0.0143
[2026-04-29 13:24:44] INFO epoch 117 it 1420/1704 loss 0.0142
[2026-04-29 13:24:44] INFO epoch 117 it 1440/1704 loss 0.0139
[2026-04-29 13:24:44] INFO epoch 117 it 1460/1704 loss 0.0150
[2026-04-29 13:24:44] INFO epoch 117 it 1480/1704 loss 0.0144
[2026-04-29 13:24:45] INFO epoch 117 it 1500/1704 loss 0.0138
[2026-04-29 13:24:45] INFO epoch 117 it 1520/1704 loss 0.0146
[2026-04-29 13:24:45] INFO epoch 117 it 1540/1704 loss 0.0136
[2026-04-29 13:24:45] INFO epoch 117 it 1560/1704 loss 0.0141
[2026-04-29 13:24:46] INFO epoch 117 it 1580/1704 loss 0.0135
[2026-04-29 13:24:46] INFO epoch 117 it 1600/1704 loss 0.0143
[2026-04-29 13:24:46] INFO epoch 117 it 1620/1704 loss 0.0146
[2026-04-29 13:24:46] INFO epoch 117 it 1640/1704 loss 0.0140
[2026-04-29 13:24:46] INFO epoch 117 it 1660/1704 loss 0.0144
[2026-04-29 13:24:47] INFO epoch 117 it 1680/1704 loss 0.0138
[2026-04-29 13:24:47] INFO epoch 117 it 1700/1704 loss 0.0146
[2026-04-29 13:24:48] INFO epoch 117 done in 62.3s lr=3.61e-05
[2026-04-29 13:25:26] INFO epoch 117 val MAE(HU): 26.19
[2026-04-29 13:26:08] INFO epoch 118 it 20/1704 loss 0.0147
[2026-04-29 13:26:09] INFO epoch 118 it 40/1704 loss 0.0138
[2026-04-29 13:26:09] INFO epoch 118 it 60/1704 loss 0.0144
[2026-04-29 13:26:09] INFO epoch 118 it 80/1704 loss 0.0135
[2026-04-29 13:26:09] INFO epoch 118 it 100/1704 loss 0.0141
[2026-04-29 13:26:10] INFO epoch 118 it 120/1704 loss 0.0140
[2026-04-29 13:26:10] INFO epoch 118 it 140/1704 loss 0.0144
[2026-04-29 13:26:10] INFO epoch 118 it 160/1704 loss 0.0137
[2026-04-29 13:26:10] INFO epoch 118 it 180/1704 loss 0.0133
[2026-04-29 13:26:11] INFO epoch 118 it 200/1704 loss 0.0147
[2026-04-29 13:26:11] INFO epoch 118 it 220/1704 loss 0.0134
[2026-04-29 13:26:11] INFO epoch 118 it 240/1704 loss 0.0136
[2026-04-29 13:26:11] INFO epoch 118 it 260/1704 loss 0.0152
[2026-04-29 13:26:11] INFO epoch 118 it 280/1704 loss 0.0133
[2026-04-29 13:26:12] INFO epoch 118 it 300/1704 loss 0.0136
[2026-04-29 13:26:12] INFO epoch 118 it 320/1704 loss 0.0141
[2026-04-29 13:26:12] INFO epoch 118 it 340/1704 loss 0.0143
[2026-04-29 13:26:12] INFO epoch 118 it 360/1704 loss 0.0138
[2026-04-29 13:26:13] INFO epoch 118 it 380/1704 loss 0.0139
[2026-04-29 13:26:13] INFO epoch 118 it 400/1704 loss 0.0144
[2026-04-29 13:26:13] INFO epoch 118 it 420/1704 loss 0.0144
[2026-04-29 13:26:13] INFO epoch 118 it 440/1704 loss 0.0135
[2026-04-29 13:26:13] INFO epoch 118 it 460/1704 loss 0.0144
[2026-04-29 13:26:14] INFO epoch 118 it 480/1704 loss 0.0139
[2026-04-29 13:26:14] INFO epoch 118 it 500/1704 loss 0.0143
[2026-04-29 13:26:14] INFO epoch 118 it 520/1704 loss 0.0153
[2026-04-29 13:26:14] INFO epoch 118 it 540/1704 loss 0.0142
[2026-04-29 13:26:15] INFO epoch 118 it 560/1704 loss 0.0140
[2026-04-29 13:26:15] INFO epoch 118 it 580/1704 loss 0.0146
[2026-04-29 13:26:15] INFO epoch 118 it 600/1704 loss 0.0148
[2026-04-29 13:26:15] INFO epoch 118 it 620/1704 loss 0.0144
[2026-04-29 13:26:15] INFO epoch 118 it 640/1704 loss 0.0134
[2026-04-29 13:26:16] INFO epoch 118 it 660/1704 loss 0.0138
[2026-04-29 13:26:16] INFO epoch 118 it 680/1704 loss 0.0151
[2026-04-29 13:26:16] INFO epoch 118 it 700/1704 loss 0.0138
[2026-04-29 13:26:16] INFO epoch 118 it 720/1704 loss 0.0144
[2026-04-29 13:26:17] INFO epoch 118 it 740/1704 loss 0.0148
[2026-04-29 13:26:17] INFO epoch 118 it 760/1704 loss 0.0137
[2026-04-29 13:26:17] INFO epoch 118 it 780/1704 loss 0.0139
[2026-04-29 13:26:17] INFO epoch 118 it 800/1704 loss 0.0149
[2026-04-29 13:26:17] INFO epoch 118 it 820/1704 loss 0.0141
[2026-04-29 13:26:18] INFO epoch 118 it 840/1704 loss 0.0143
[2026-04-29 13:26:18] INFO epoch 118 it 860/1704 loss 0.0148
[2026-04-29 13:26:18] INFO epoch 118 it 880/1704 loss 0.0136
[2026-04-29 13:26:18] INFO epoch 118 it 900/1704 loss 0.0138
[2026-04-29 13:26:19] INFO epoch 118 it 920/1704 loss 0.0135
[2026-04-29 13:26:19] INFO epoch 118 it 940/1704 loss 0.0151
[2026-04-29 13:26:19] INFO epoch 118 it 960/1704 loss 0.0145
[2026-04-29 13:26:19] INFO epoch 118 it 980/1704 loss 0.0132
[2026-04-29 13:26:20] INFO epoch 118 it 1000/1704 loss 0.0139
[2026-04-29 13:26:20] INFO epoch 118 it 1020/1704 loss 0.0142
[2026-04-29 13:26:20] INFO epoch 118 it 1040/1704 loss 0.0143
[2026-04-29 13:26:20] INFO epoch 118 it 1060/1704 loss 0.0148
[2026-04-29 13:26:20] INFO epoch 118 it 1080/1704 loss 0.0147
[2026-04-29 13:26:21] INFO epoch 118 it 1100/1704 loss 0.0135
[2026-04-29 13:26:21] INFO epoch 118 it 1120/1704 loss 0.0143
[2026-04-29 13:26:21] INFO epoch 118 it 1140/1704 loss 0.0146
[2026-04-29 13:26:21] INFO epoch 118 it 1160/1704 loss 0.0137
[2026-04-29 13:26:22] INFO epoch 118 it 1180/1704 loss 0.0141
[2026-04-29 13:26:22] INFO epoch 118 it 1200/1704 loss 0.0143
[2026-04-29 13:26:22] INFO epoch 118 it 1220/1704 loss 0.0141
[2026-04-29 13:26:22] INFO epoch 118 it 1240/1704 loss 0.0137
[2026-04-29 13:26:22] INFO epoch 118 it 1260/1704 loss 0.0140
[2026-04-29 13:26:23] INFO epoch 118 it 1280/1704 loss 0.0144
[2026-04-29 13:26:23] INFO epoch 118 it 1300/1704 loss 0.0145
[2026-04-29 13:26:23] INFO epoch 118 it 1320/1704 loss 0.0147
[2026-04-29 13:26:23] INFO epoch 118 it 1340/1704 loss 0.0150
[2026-04-29 13:26:24] INFO epoch 118 it 1360/1704 loss 0.0146
[2026-04-29 13:26:24] INFO epoch 118 it 1380/1704 loss 0.0135
[2026-04-29 13:26:24] INFO epoch 118 it 1400/1704 loss 0.0153
[2026-04-29 13:26:24] INFO epoch 118 it 1420/1704 loss 0.0145
[2026-04-29 13:26:24] INFO epoch 118 it 1440/1704 loss 0.0136
[2026-04-29 13:26:25] INFO epoch 118 it 1460/1704 loss 0.0142
[2026-04-29 13:26:25] INFO epoch 118 it 1480/1704 loss 0.0134
[2026-04-29 13:26:25] INFO epoch 118 it 1500/1704 loss 0.0136
[2026-04-29 13:26:25] INFO epoch 118 it 1520/1704 loss 0.0144
[2026-04-29 13:26:26] INFO epoch 118 it 1540/1704 loss 0.0141
[2026-04-29 13:26:26] INFO epoch 118 it 1560/1704 loss 0.0140
[2026-04-29 13:26:26] INFO epoch 118 it 1580/1704 loss 0.0134
[2026-04-29 13:26:26] INFO epoch 118 it 1600/1704 loss 0.0150
[2026-04-29 13:26:26] INFO epoch 118 it 1620/1704 loss 0.0147
[2026-04-29 13:26:27] INFO epoch 118 it 1640/1704 loss 0.0139
[2026-04-29 13:26:27] INFO epoch 118 it 1660/1704 loss 0.0143
[2026-04-29 13:26:27] INFO epoch 118 it 1680/1704 loss 0.0139
[2026-04-29 13:26:27] INFO epoch 118 it 1700/1704 loss 0.0135
[2026-04-29 13:26:29] INFO epoch 118 done in 62.6s lr=3.53e-05
[2026-04-29 13:27:07] INFO epoch 118 val MAE(HU): 26.40
[2026-04-29 13:27:49] INFO epoch 119 it 20/1704 loss 0.0140
[2026-04-29 13:27:49] INFO epoch 119 it 40/1704 loss 0.0144
[2026-04-29 13:27:50] INFO epoch 119 it 60/1704 loss 0.0134
[2026-04-29 13:27:50] INFO epoch 119 it 80/1704 loss 0.0139
[2026-04-29 13:27:50] INFO epoch 119 it 100/1704 loss 0.0144
[2026-04-29 13:27:50] INFO epoch 119 it 120/1704 loss 0.0143
[2026-04-29 13:27:50] INFO epoch 119 it 140/1704 loss 0.0137
[2026-04-29 13:27:51] INFO epoch 119 it 160/1704 loss 0.0136
[2026-04-29 13:27:51] INFO epoch 119 it 180/1704 loss 0.0143
[2026-04-29 13:27:51] INFO epoch 119 it 200/1704 loss 0.0139
[2026-04-29 13:27:51] INFO epoch 119 it 220/1704 loss 0.0139
[2026-04-29 13:27:52] INFO epoch 119 it 240/1704 loss 0.0139
[2026-04-29 13:27:52] INFO epoch 119 it 260/1704 loss 0.0144
[2026-04-29 13:27:52] INFO epoch 119 it 280/1704 loss 0.0152
[2026-04-29 13:27:52] INFO epoch 119 it 300/1704 loss 0.0137
[2026-04-29 13:27:53] INFO epoch 119 it 320/1704 loss 0.0146
[2026-04-29 13:27:53] INFO epoch 119 it 340/1704 loss 0.0147
[2026-04-29 13:27:53] INFO epoch 119 it 360/1704 loss 0.0132
[2026-04-29 13:27:53] INFO epoch 119 it 380/1704 loss 0.0139
[2026-04-29 13:27:53] INFO epoch 119 it 400/1704 loss 0.0142
[2026-04-29 13:27:54] INFO epoch 119 it 420/1704 loss 0.0132
[2026-04-29 13:27:54] INFO epoch 119 it 440/1704 loss 0.0145
[2026-04-29 13:27:54] INFO epoch 119 it 460/1704 loss 0.0139
[2026-04-29 13:27:54] INFO epoch 119 it 480/1704 loss 0.0145
[2026-04-29 13:27:55] INFO epoch 119 it 500/1704 loss 0.0145
[2026-04-29 13:27:55] INFO epoch 119 it 520/1704 loss 0.0138
[2026-04-29 13:27:55] INFO epoch 119 it 540/1704 loss 0.0142
[2026-04-29 13:27:55] INFO epoch 119 it 560/1704 loss 0.0147
[2026-04-29 13:27:55] INFO epoch 119 it 580/1704 loss 0.0137
[2026-04-29 13:27:56] INFO epoch 119 it 600/1704 loss 0.0149
[2026-04-29 13:27:56] INFO epoch 119 it 620/1704 loss 0.0146
[2026-04-29 13:27:56] INFO epoch 119 it 640/1704 loss 0.0129
[2026-04-29 13:27:56] INFO epoch 119 it 660/1704 loss 0.0144
[2026-04-29 13:27:57] INFO epoch 119 it 680/1704 loss 0.0142
[2026-04-29 13:27:57] INFO epoch 119 it 700/1704 loss 0.0148
[2026-04-29 13:27:57] INFO epoch 119 it 720/1704 loss 0.0135
[2026-04-29 13:27:57] INFO epoch 119 it 740/1704 loss 0.0141
[2026-04-29 13:27:57] INFO epoch 119 it 760/1704 loss 0.0149
[2026-04-29 13:27:58] INFO epoch 119 it 780/1704 loss 0.0133
[2026-04-29 13:27:58] INFO epoch 119 it 800/1704 loss 0.0140
[2026-04-29 13:27:58] INFO epoch 119 it 820/1704 loss 0.0137
[2026-04-29 13:27:58] INFO epoch 119 it 840/1704 loss 0.0142
[2026-04-29 13:27:59] INFO epoch 119 it 860/1704 loss 0.0134
[2026-04-29 13:27:59] INFO epoch 119 it 880/1704 loss 0.0143
[2026-04-29 13:27:59] INFO epoch 119 it 900/1704 loss 0.0143
[2026-04-29 13:27:59] INFO epoch 119 it 920/1704 loss 0.0135
[2026-04-29 13:27:59] INFO epoch 119 it 940/1704 loss 0.0143
[2026-04-29 13:28:00] INFO epoch 119 it 960/1704 loss 0.0132
[2026-04-29 13:28:00] INFO epoch 119 it 980/1704 loss 0.0149
[2026-04-29 13:28:00] INFO epoch 119 it 1000/1704 loss 0.0154
[2026-04-29 13:28:00] INFO epoch 119 it 1020/1704 loss 0.0148
[2026-04-29 13:28:01] INFO epoch 119 it 1040/1704 loss 0.0138
[2026-04-29 13:28:01] INFO epoch 119 it 1060/1704 loss 0.0149
[2026-04-29 13:28:01] INFO epoch 119 it 1080/1704 loss 0.0135
[2026-04-29 13:28:01] INFO epoch 119 it 1100/1704 loss 0.0152
[2026-04-29 13:28:01] INFO epoch 119 it 1120/1704 loss 0.0142
[2026-04-29 13:28:02] INFO epoch 119 it 1140/1704 loss 0.0132
[2026-04-29 13:28:02] INFO epoch 119 it 1160/1704 loss 0.0142
[2026-04-29 13:28:02] INFO epoch 119 it 1180/1704 loss 0.0144
[2026-04-29 13:28:02] INFO epoch 119 it 1200/1704 loss 0.0137
[2026-04-29 13:28:03] INFO epoch 119 it 1220/1704 loss 0.0135
[2026-04-29 13:28:03] INFO epoch 119 it 1240/1704 loss 0.0134
[2026-04-29 13:28:03] INFO epoch 119 it 1260/1704 loss 0.0133
[2026-04-29 13:28:03] INFO epoch 119 it 1280/1704 loss 0.0142
[2026-04-29 13:28:03] INFO epoch 119 it 1300/1704 loss 0.0129
[2026-04-29 13:28:04] INFO epoch 119 it 1320/1704 loss 0.0145
[2026-04-29 13:28:04] INFO epoch 119 it 1340/1704 loss 0.0149
[2026-04-29 13:28:04] INFO epoch 119 it 1360/1704 loss 0.0137
[2026-04-29 13:28:04] INFO epoch 119 it 1380/1704 loss 0.0144
[2026-04-29 13:28:05] INFO epoch 119 it 1400/1704 loss 0.0136
[2026-04-29 13:28:05] INFO epoch 119 it 1420/1704 loss 0.0136
[2026-04-29 13:28:05] INFO epoch 119 it 1440/1704 loss 0.0142
[2026-04-29 13:28:05] INFO epoch 119 it 1460/1704 loss 0.0135
[2026-04-29 13:28:05] INFO epoch 119 it 1480/1704 loss 0.0141
[2026-04-29 13:28:06] INFO epoch 119 it 1500/1704 loss 0.0145
[2026-04-29 13:28:06] INFO epoch 119 it 1520/1704 loss 0.0142
[2026-04-29 13:28:06] INFO epoch 119 it 1540/1704 loss 0.0142
[2026-04-29 13:28:06] INFO epoch 119 it 1560/1704 loss 0.0150
[2026-04-29 13:28:07] INFO epoch 119 it 1580/1704 loss 0.0141
[2026-04-29 13:28:07] INFO epoch 119 it 1600/1704 loss 0.0141
[2026-04-29 13:28:07] INFO epoch 119 it 1620/1704 loss 0.0150
[2026-04-29 13:28:07] INFO epoch 119 it 1640/1704 loss 0.0142
[2026-04-29 13:28:08] INFO epoch 119 it 1660/1704 loss 0.0131
[2026-04-29 13:28:08] INFO epoch 119 it 1680/1704 loss 0.0143
[2026-04-29 13:28:08] INFO epoch 119 it 1700/1704 loss 0.0146
[2026-04-29 13:28:09] INFO epoch 119 done in 62.7s lr=3.45e-05
[2026-04-29 13:28:48] INFO epoch 119 val MAE(HU): 26.28
[2026-04-29 13:29:35] INFO epoch 120 it 20/1704 loss 0.0150
[2026-04-29 13:29:35] INFO epoch 120 it 40/1704 loss 0.0139
[2026-04-29 13:29:36] INFO epoch 120 it 60/1704 loss 0.0156
[2026-04-29 13:29:36] INFO epoch 120 it 80/1704 loss 0.0154
[2026-04-29 13:29:36] INFO epoch 120 it 100/1704 loss 0.0145
[2026-04-29 13:29:36] INFO epoch 120 it 120/1704 loss 0.0137
[2026-04-29 13:29:36] INFO epoch 120 it 140/1704 loss 0.0148
[2026-04-29 13:29:37] INFO epoch 120 it 160/1704 loss 0.0140
[2026-04-29 13:29:37] INFO epoch 120 it 180/1704 loss 0.0139
[2026-04-29 13:29:37] INFO epoch 120 it 200/1704 loss 0.0138
[2026-04-29 13:29:37] INFO epoch 120 it 220/1704 loss 0.0139
[2026-04-29 13:29:38] INFO epoch 120 it 240/1704 loss 0.0145
[2026-04-29 13:29:38] INFO epoch 120 it 260/1704 loss 0.0134
[2026-04-29 13:29:38] INFO epoch 120 it 280/1704 loss 0.0138
[2026-04-29 13:29:38] INFO epoch 120 it 300/1704 loss 0.0137
[2026-04-29 13:29:38] INFO epoch 120 it 320/1704 loss 0.0137
[2026-04-29 13:29:39] INFO epoch 120 it 340/1704 loss 0.0140
[2026-04-29 13:29:39] INFO epoch 120 it 360/1704 loss 0.0133
[2026-04-29 13:29:39] INFO epoch 120 it 380/1704 loss 0.0143
[2026-04-29 13:29:39] INFO epoch 120 it 400/1704 loss 0.0141
[2026-04-29 13:29:40] INFO epoch 120 it 420/1704 loss 0.0157
[2026-04-29 13:29:40] INFO epoch 120 it 440/1704 loss 0.0141
[2026-04-29 13:29:40] INFO epoch 120 it 460/1704 loss 0.0135
[2026-04-29 13:29:40] INFO epoch 120 it 480/1704 loss 0.0139
[2026-04-29 13:29:40] INFO epoch 120 it 500/1704 loss 0.0143
[2026-04-29 13:29:41] INFO epoch 120 it 520/1704 loss 0.0145
[2026-04-29 13:29:41] INFO epoch 120 it 540/1704 loss 0.0131
[2026-04-29 13:29:41] INFO epoch 120 it 560/1704 loss 0.0144
[2026-04-29 13:29:41] INFO epoch 120 it 580/1704 loss 0.0140
[2026-04-29 13:29:42] INFO epoch 120 it 600/1704 loss 0.0135
[2026-04-29 13:29:42] INFO epoch 120 it 620/1704 loss 0.0143
[2026-04-29 13:29:42] INFO epoch 120 it 640/1704 loss 0.0140
[2026-04-29 13:29:42] INFO epoch 120 it 660/1704 loss 0.0155
[2026-04-29 13:29:43] INFO epoch 120 it 680/1704 loss 0.0141
[2026-04-29 13:29:43] INFO epoch 120 it 700/1704 loss 0.0131
[2026-04-29 13:29:43] INFO epoch 120 it 720/1704 loss 0.0137
[2026-04-29 13:29:43] INFO epoch 120 it 740/1704 loss 0.0145
[2026-04-29 13:29:43] INFO epoch 120 it 760/1704 loss 0.0129
[2026-04-29 13:29:44] INFO epoch 120 it 780/1704 loss 0.0141
[2026-04-29 13:29:44] INFO epoch 120 it 800/1704 loss 0.0140
[2026-04-29 13:29:44] INFO epoch 120 it 820/1704 loss 0.0154
[2026-04-29 13:29:44] INFO epoch 120 it 840/1704 loss 0.0143
[2026-04-29 13:29:45] INFO epoch 120 it 860/1704 loss 0.0143
[2026-04-29 13:29:45] INFO epoch 120 it 880/1704 loss 0.0138
[2026-04-29 13:29:45] INFO epoch 120 it 900/1704 loss 0.0137
[2026-04-29 13:29:45] INFO epoch 120 it 920/1704 loss 0.0133
[2026-04-29 13:29:45] INFO epoch 120 it 940/1704 loss 0.0134
[2026-04-29 13:29:46] INFO epoch 120 it 960/1704 loss 0.0138
[2026-04-29 13:29:46] INFO epoch 120 it 980/1704 loss 0.0148
[2026-04-29 13:29:46] INFO epoch 120 it 1000/1704 loss 0.0145
[2026-04-29 13:29:46] INFO epoch 120 it 1020/1704 loss 0.0142
[2026-04-29 13:29:47] INFO epoch 120 it 1040/1704 loss 0.0137
[2026-04-29 13:29:47] INFO epoch 120 it 1060/1704 loss 0.0143
[2026-04-29 13:29:47] INFO epoch 120 it 1080/1704 loss 0.0131
[2026-04-29 13:29:47] INFO epoch 120 it 1100/1704 loss 0.0152
[2026-04-29 13:29:48] INFO epoch 120 it 1120/1704 loss 0.0135
[2026-04-29 13:29:48] INFO epoch 120 it 1140/1704 loss 0.0136
[2026-04-29 13:29:48] INFO epoch 120 it 1160/1704 loss 0.0144
[2026-04-29 13:29:48] INFO epoch 120 it 1180/1704 loss 0.0133
[2026-04-29 13:29:48] INFO epoch 120 it 1200/1704 loss 0.0147
[2026-04-29 13:29:49] INFO epoch 120 it 1220/1704 loss 0.0142
[2026-04-29 13:29:49] INFO epoch 120 it 1240/1704 loss 0.0142
[2026-04-29 13:29:49] INFO epoch 120 it 1260/1704 loss 0.0141
[2026-04-29 13:29:49] INFO epoch 120 it 1280/1704 loss 0.0141
[2026-04-29 13:29:50] INFO epoch 120 it 1300/1704 loss 0.0140
[2026-04-29 13:29:50] INFO epoch 120 it 1320/1704 loss 0.0138
[2026-04-29 13:29:50] INFO epoch 120 it 1340/1704 loss 0.0142
[2026-04-29 13:29:50] INFO epoch 120 it 1360/1704 loss 0.0147
[2026-04-29 13:29:50] INFO epoch 120 it 1380/1704 loss 0.0135
[2026-04-29 13:29:51] INFO epoch 120 it 1400/1704 loss 0.0137
[2026-04-29 13:29:51] INFO epoch 120 it 1420/1704 loss 0.0149
[2026-04-29 13:29:51] INFO epoch 120 it 1440/1704 loss 0.0146
[2026-04-29 13:29:51] INFO epoch 120 it 1460/1704 loss 0.0140
[2026-04-29 13:29:52] INFO epoch 120 it 1480/1704 loss 0.0133
[2026-04-29 13:29:52] INFO epoch 120 it 1500/1704 loss 0.0136
[2026-04-29 13:29:52] INFO epoch 120 it 1520/1704 loss 0.0147
[2026-04-29 13:29:52] INFO epoch 120 it 1540/1704 loss 0.0142
[2026-04-29 13:29:52] INFO epoch 120 it 1560/1704 loss 0.0134
[2026-04-29 13:29:53] INFO epoch 120 it 1580/1704 loss 0.0141
[2026-04-29 13:29:53] INFO epoch 120 it 1600/1704 loss 0.0136
[2026-04-29 13:29:53] INFO epoch 120 it 1620/1704 loss 0.0142
[2026-04-29 13:29:53] INFO epoch 120 it 1640/1704 loss 0.0148
[2026-04-29 13:29:54] INFO epoch 120 it 1660/1704 loss 0.0133
[2026-04-29 13:29:54] INFO epoch 120 it 1680/1704 loss 0.0136
[2026-04-29 13:29:54] INFO epoch 120 it 1700/1704 loss 0.0140
[2026-04-29 13:29:56] INFO epoch 120 done in 67.5s lr=3.38e-05
[2026-04-29 13:30:33] INFO epoch 120 val MAE(HU): 26.40
[2026-04-29 13:31:15] INFO epoch 121 it 20/1704 loss 0.0142
[2026-04-29 13:31:15] INFO epoch 121 it 40/1704 loss 0.0137
[2026-04-29 13:31:16] INFO epoch 121 it 60/1704 loss 0.0141
[2026-04-29 13:31:16] INFO epoch 121 it 80/1704 loss 0.0137
[2026-04-29 13:31:16] INFO epoch 121 it 100/1704 loss 0.0141
[2026-04-29 13:31:16] INFO epoch 121 it 120/1704 loss 0.0142
[2026-04-29 13:31:17] INFO epoch 121 it 140/1704 loss 0.0139
[2026-04-29 13:31:17] INFO epoch 121 it 160/1704 loss 0.0133
[2026-04-29 13:31:17] INFO epoch 121 it 180/1704 loss 0.0136
[2026-04-29 13:31:17] INFO epoch 121 it 200/1704 loss 0.0138
[2026-04-29 13:31:18] INFO epoch 121 it 220/1704 loss 0.0135
[2026-04-29 13:31:18] INFO epoch 121 it 240/1704 loss 0.0146
[2026-04-29 13:31:18] INFO epoch 121 it 260/1704 loss 0.0136
[2026-04-29 13:31:18] INFO epoch 121 it 280/1704 loss 0.0132
[2026-04-29 13:31:18] INFO epoch 121 it 300/1704 loss 0.0140
[2026-04-29 13:31:19] INFO epoch 121 it 320/1704 loss 0.0139
[2026-04-29 13:31:19] INFO epoch 121 it 340/1704 loss 0.0142
[2026-04-29 13:31:19] INFO epoch 121 it 360/1704 loss 0.0136
[2026-04-29 13:31:19] INFO epoch 121 it 380/1704 loss 0.0145
[2026-04-29 13:31:20] INFO epoch 121 it 400/1704 loss 0.0144
[2026-04-29 13:31:20] INFO epoch 121 it 420/1704 loss 0.0134
[2026-04-29 13:31:20] INFO epoch 121 it 440/1704 loss 0.0147
[2026-04-29 13:31:20] INFO epoch 121 it 460/1704 loss 0.0139
[2026-04-29 13:31:20] INFO epoch 121 it 480/1704 loss 0.0145
[2026-04-29 13:31:21] INFO epoch 121 it 500/1704 loss 0.0134
[2026-04-29 13:31:21] INFO epoch 121 it 520/1704 loss 0.0134
[2026-04-29 13:31:21] INFO epoch 121 it 540/1704 loss 0.0152
[2026-04-29 13:31:21] INFO epoch 121 it 560/1704 loss 0.0141
[2026-04-29 13:31:22] INFO epoch 121 it 580/1704 loss 0.0135
[2026-04-29 13:31:22] INFO epoch 121 it 600/1704 loss 0.0141
[2026-04-29 13:31:22] INFO epoch 121 it 620/1704 loss 0.0139
[2026-04-29 13:31:22] INFO epoch 121 it 640/1704 loss 0.0135
[2026-04-29 13:31:22] INFO epoch 121 it 660/1704 loss 0.0137
[2026-04-29 13:31:23] INFO epoch 121 it 680/1704 loss 0.0139
[2026-04-29 13:31:23] INFO epoch 121 it 700/1704 loss 0.0138
[2026-04-29 13:31:23] INFO epoch 121 it 720/1704 loss 0.0137
[2026-04-29 13:31:23] INFO epoch 121 it 740/1704 loss 0.0140
[2026-04-29 13:31:24] INFO epoch 121 it 760/1704 loss 0.0129
[2026-04-29 13:31:24] INFO epoch 121 it 780/1704 loss 0.0138
[2026-04-29 13:31:24] INFO epoch 121 it 800/1704 loss 0.0142
[2026-04-29 13:31:24] INFO epoch 121 it 820/1704 loss 0.0143
[2026-04-29 13:31:25] INFO epoch 121 it 840/1704 loss 0.0143
[2026-04-29 13:31:25] INFO epoch 121 it 860/1704 loss 0.0134
[2026-04-29 13:31:25] INFO epoch 121 it 880/1704 loss 0.0151
[2026-04-29 13:31:25] INFO epoch 121 it 900/1704 loss 0.0147
[2026-04-29 13:31:25] INFO epoch 121 it 920/1704 loss 0.0136
[2026-04-29 13:31:26] INFO epoch 121 it 940/1704 loss 0.0142
[2026-04-29 13:31:26] INFO epoch 121 it 960/1704 loss 0.0149
[2026-04-29 13:31:26] INFO epoch 121 it 980/1704 loss 0.0148
[2026-04-29 13:31:26] INFO epoch 121 it 1000/1704 loss 0.0139
[2026-04-29 13:31:27] INFO epoch 121 it 1020/1704 loss 0.0143
[2026-04-29 13:31:27] INFO epoch 121 it 1040/1704 loss 0.0129
[2026-04-29 13:31:27] INFO epoch 121 it 1060/1704 loss 0.0136
[2026-04-29 13:31:27] INFO epoch 121 it 1080/1704 loss 0.0140
[2026-04-29 13:31:27] INFO epoch 121 it 1100/1704 loss 0.0134
[2026-04-29 13:31:28] INFO epoch 121 it 1120/1704 loss 0.0141
[2026-04-29 13:31:28] INFO epoch 121 it 1140/1704 loss 0.0138
[2026-04-29 13:31:28] INFO epoch 121 it 1160/1704 loss 0.0143
[2026-04-29 13:31:28] INFO epoch 121 it 1180/1704 loss 0.0149
[2026-04-29 13:31:29] INFO epoch 121 it 1200/1704 loss 0.0137
[2026-04-29 13:31:29] INFO epoch 121 it 1220/1704 loss 0.0148
[2026-04-29 13:31:29] INFO epoch 121 it 1240/1704 loss 0.0141
[2026-04-29 13:31:29] INFO epoch 121 it 1260/1704 loss 0.0144
[2026-04-29 13:31:29] INFO epoch 121 it 1280/1704 loss 0.0144
[2026-04-29 13:31:30] INFO epoch 121 it 1300/1704 loss 0.0141
[2026-04-29 13:31:30] INFO epoch 121 it 1320/1704 loss 0.0147
[2026-04-29 13:31:30] INFO epoch 121 it 1340/1704 loss 0.0145
[2026-04-29 13:31:30] INFO epoch 121 it 1360/1704 loss 0.0137
[2026-04-29 13:31:31] INFO epoch 121 it 1380/1704 loss 0.0134
[2026-04-29 13:31:31] INFO epoch 121 it 1400/1704 loss 0.0145
[2026-04-29 13:31:31] INFO epoch 121 it 1420/1704 loss 0.0140
[2026-04-29 13:31:31] INFO epoch 121 it 1440/1704 loss 0.0144
[2026-04-29 13:31:32] INFO epoch 121 it 1460/1704 loss 0.0141
[2026-04-29 13:31:32] INFO epoch 121 it 1480/1704 loss 0.0137
[2026-04-29 13:31:32] INFO epoch 121 it 1500/1704 loss 0.0132
[2026-04-29 13:31:32] INFO epoch 121 it 1520/1704 loss 0.0146
[2026-04-29 13:31:32] INFO epoch 121 it 1540/1704 loss 0.0137
[2026-04-29 13:31:33] INFO epoch 121 it 1560/1704 loss 0.0141
[2026-04-29 13:31:33] INFO epoch 121 it 1580/1704 loss 0.0135
[2026-04-29 13:31:33] INFO epoch 121 it 1600/1704 loss 0.0135
[2026-04-29 13:31:33] INFO epoch 121 it 1620/1704 loss 0.0153
[2026-04-29 13:31:34] INFO epoch 121 it 1640/1704 loss 0.0138
[2026-04-29 13:31:34] INFO epoch 121 it 1660/1704 loss 0.0143
[2026-04-29 13:31:34] INFO epoch 121 it 1680/1704 loss 0.0138
[2026-04-29 13:31:34] INFO epoch 121 it 1700/1704 loss 0.0142
[2026-04-29 13:31:36] INFO epoch 121 done in 62.3s lr=3.31e-05
[2026-04-29 13:32:13] INFO epoch 121 val MAE(HU): 26.29
[2026-04-29 13:32:55] INFO epoch 122 it 20/1704 loss 0.0141
[2026-04-29 13:32:56] INFO epoch 122 it 40/1704 loss 0.0136
[2026-04-29 13:32:56] INFO epoch 122 it 60/1704 loss 0.0135
[2026-04-29 13:32:56] INFO epoch 122 it 80/1704 loss 0.0135
[2026-04-29 13:32:56] INFO epoch 122 it 100/1704 loss 0.0147
[2026-04-29 13:32:56] INFO epoch 122 it 120/1704 loss 0.0131
[2026-04-29 13:32:57] INFO epoch 122 it 140/1704 loss 0.0148
[2026-04-29 13:32:57] INFO epoch 122 it 160/1704 loss 0.0144
[2026-04-29 13:32:57] INFO epoch 122 it 180/1704 loss 0.0144
[2026-04-29 13:32:57] INFO epoch 122 it 200/1704 loss 0.0139
[2026-04-29 13:32:58] INFO epoch 122 it 220/1704 loss 0.0132
[2026-04-29 13:32:58] INFO epoch 122 it 240/1704 loss 0.0138
[2026-04-29 13:32:58] INFO epoch 122 it 260/1704 loss 0.0134
[2026-04-29 13:32:58] INFO epoch 122 it 280/1704 loss 0.0143
[2026-04-29 13:32:59] INFO epoch 122 it 300/1704 loss 0.0140
[2026-04-29 13:32:59] INFO epoch 122 it 320/1704 loss 0.0148
[2026-04-29 13:32:59] INFO epoch 122 it 340/1704 loss 0.0140
[2026-04-29 13:32:59] INFO epoch 122 it 360/1704 loss 0.0139
[2026-04-29 13:32:59] INFO epoch 122 it 380/1704 loss 0.0131
[2026-04-29 13:33:00] INFO epoch 122 it 400/1704 loss 0.0139
[2026-04-29 13:33:00] INFO epoch 122 it 420/1704 loss 0.0134
[2026-04-29 13:33:00] INFO epoch 122 it 440/1704 loss 0.0137
[2026-04-29 13:33:00] INFO epoch 122 it 460/1704 loss 0.0136
[2026-04-29 13:33:01] INFO epoch 122 it 480/1704 loss 0.0140
[2026-04-29 13:33:01] INFO epoch 122 it 500/1704 loss 0.0141
[2026-04-29 13:33:01] INFO epoch 122 it 520/1704 loss 0.0134
[2026-04-29 13:33:01] INFO epoch 122 it 540/1704 loss 0.0149
[2026-04-29 13:33:01] INFO epoch 122 it 560/1704 loss 0.0132
[2026-04-29 13:33:02] INFO epoch 122 it 580/1704 loss 0.0143
[2026-04-29 13:33:02] INFO epoch 122 it 600/1704 loss 0.0132
[2026-04-29 13:33:02] INFO epoch 122 it 620/1704 loss 0.0142
[2026-04-29 13:33:02] INFO epoch 122 it 640/1704 loss 0.0133
[2026-04-29 13:33:03] INFO epoch 122 it 660/1704 loss 0.0139
[2026-04-29 13:33:03] INFO epoch 122 it 680/1704 loss 0.0141
[2026-04-29 13:33:03] INFO epoch 122 it 700/1704 loss 0.0149
[2026-04-29 13:33:03] INFO epoch 122 it 720/1704 loss 0.0134
[2026-04-29 13:33:03] INFO epoch 122 it 740/1704 loss 0.0134
[2026-04-29 13:33:04] INFO epoch 122 it 760/1704 loss 0.0137
[2026-04-29 13:33:04] INFO epoch 122 it 780/1704 loss 0.0145
[2026-04-29 13:33:04] INFO epoch 122 it 800/1704 loss 0.0146
[2026-04-29 13:33:04] INFO epoch 122 it 820/1704 loss 0.0143
[2026-04-29 13:33:05] INFO epoch 122 it 840/1704 loss 0.0136
[2026-04-29 13:33:05] INFO epoch 122 it 860/1704 loss 0.0155
[2026-04-29 13:33:05] INFO epoch 122 it 880/1704 loss 0.0143
[2026-04-29 13:33:05] INFO epoch 122 it 900/1704 loss 0.0139
[2026-04-29 13:33:06] INFO epoch 122 it 920/1704 loss 0.0142
[2026-04-29 13:33:06] INFO epoch 122 it 940/1704 loss 0.0149
[2026-04-29 13:33:06] INFO epoch 122 it 960/1704 loss 0.0136
[2026-04-29 13:33:06] INFO epoch 122 it 980/1704 loss 0.0140
[2026-04-29 13:33:06] INFO epoch 122 it 1000/1704 loss 0.0130
[2026-04-29 13:33:07] INFO epoch 122 it 1020/1704 loss 0.0139
[2026-04-29 13:33:07] INFO epoch 122 it 1040/1704 loss 0.0137
[2026-04-29 13:33:07] INFO epoch 122 it 1060/1704 loss 0.0139
[2026-04-29 13:33:07] INFO epoch 122 it 1080/1704 loss 0.0147
[2026-04-29 13:33:08] INFO epoch 122 it 1100/1704 loss 0.0131
[2026-04-29 13:33:08] INFO epoch 122 it 1120/1704 loss 0.0142
[2026-04-29 13:33:08] INFO epoch 122 it 1140/1704 loss 0.0146
[2026-04-29 13:33:08] INFO epoch 122 it 1160/1704 loss 0.0149
[2026-04-29 13:33:08] INFO epoch 122 it 1180/1704 loss 0.0142
[2026-04-29 13:33:09] INFO epoch 122 it 1200/1704 loss 0.0143
[2026-04-29 13:33:09] INFO epoch 122 it 1220/1704 loss 0.0140
[2026-04-29 13:33:09] INFO epoch 122 it 1240/1704 loss 0.0139
[2026-04-29 13:33:09] INFO epoch 122 it 1260/1704 loss 0.0138
[2026-04-29 13:33:10] INFO epoch 122 it 1280/1704 loss 0.0134
[2026-04-29 13:33:10] INFO epoch 122 it 1300/1704 loss 0.0138
[2026-04-29 13:33:10] INFO epoch 122 it 1320/1704 loss 0.0136
[2026-04-29 13:33:10] INFO epoch 122 it 1340/1704 loss 0.0149
[2026-04-29 13:33:10] INFO epoch 122 it 1360/1704 loss 0.0149
[2026-04-29 13:33:11] INFO epoch 122 it 1380/1704 loss 0.0143
[2026-04-29 13:33:11] INFO epoch 122 it 1400/1704 loss 0.0129
[2026-04-29 13:33:11] INFO epoch 122 it 1420/1704 loss 0.0144
[2026-04-29 13:33:11] INFO epoch 122 it 1440/1704 loss 0.0136
[2026-04-29 13:33:12] INFO epoch 122 it 1460/1704 loss 0.0134
[2026-04-29 13:33:12] INFO epoch 122 it 1480/1704 loss 0.0136
[2026-04-29 13:33:12] INFO epoch 122 it 1500/1704 loss 0.0144
[2026-04-29 13:33:12] INFO epoch 122 it 1520/1704 loss 0.0133
[2026-04-29 13:33:12] INFO epoch 122 it 1540/1704 loss 0.0136
[2026-04-29 13:33:13] INFO epoch 122 it 1560/1704 loss 0.0148
[2026-04-29 13:33:13] INFO epoch 122 it 1580/1704 loss 0.0141
[2026-04-29 13:33:13] INFO epoch 122 it 1600/1704 loss 0.0147
[2026-04-29 13:33:13] INFO epoch 122 it 1620/1704 loss 0.0136
[2026-04-29 13:33:14] INFO epoch 122 it 1640/1704 loss 0.0141
[2026-04-29 13:33:14] INFO epoch 122 it 1660/1704 loss 0.0142
[2026-04-29 13:33:14] INFO epoch 122 it 1680/1704 loss 0.0144
[2026-04-29 13:33:14] INFO epoch 122 it 1700/1704 loss 0.0138
[2026-04-29 13:33:16] INFO epoch 122 done in 62.4s lr=3.23e-05
[2026-04-29 13:33:53] INFO epoch 122 val MAE(HU): 26.39
[2026-04-29 13:34:36] INFO epoch 123 it 20/1704 loss 0.0138
[2026-04-29 13:34:36] INFO epoch 123 it 40/1704 loss 0.0139
[2026-04-29 13:34:36] INFO epoch 123 it 60/1704 loss 0.0126
[2026-04-29 13:34:36] INFO epoch 123 it 80/1704 loss 0.0141
[2026-04-29 13:34:37] INFO epoch 123 it 100/1704 loss 0.0139
[2026-04-29 13:34:37] INFO epoch 123 it 120/1704 loss 0.0132
[2026-04-29 13:34:37] INFO epoch 123 it 140/1704 loss 0.0139
[2026-04-29 13:34:37] INFO epoch 123 it 160/1704 loss 0.0142
[2026-04-29 13:34:38] INFO epoch 123 it 180/1704 loss 0.0135
[2026-04-29 13:34:38] INFO epoch 123 it 200/1704 loss 0.0140
[2026-04-29 13:34:38] INFO epoch 123 it 220/1704 loss 0.0137
[2026-04-29 13:34:38] INFO epoch 123 it 240/1704 loss 0.0143
[2026-04-29 13:34:38] INFO epoch 123 it 260/1704 loss 0.0141
[2026-04-29 13:34:39] INFO epoch 123 it 280/1704 loss 0.0146
[2026-04-29 13:34:39] INFO epoch 123 it 300/1704 loss 0.0139
[2026-04-29 13:34:39] INFO epoch 123 it 320/1704 loss 0.0143
[2026-04-29 13:34:39] INFO epoch 123 it 340/1704 loss 0.0137
[2026-04-29 13:34:40] INFO epoch 123 it 360/1704 loss 0.0141
[2026-04-29 13:34:40] INFO epoch 123 it 380/1704 loss 0.0142
[2026-04-29 13:34:40] INFO epoch 123 it 400/1704 loss 0.0135
[2026-04-29 13:34:40] INFO epoch 123 it 420/1704 loss 0.0145
[2026-04-29 13:34:40] INFO epoch 123 it 440/1704 loss 0.0132
[2026-04-29 13:34:41] INFO epoch 123 it 460/1704 loss 0.0133
[2026-04-29 13:34:41] INFO epoch 123 it 480/1704 loss 0.0146
[2026-04-29 13:34:41] INFO epoch 123 it 500/1704 loss 0.0148
[2026-04-29 13:34:41] INFO epoch 123 it 520/1704 loss 0.0142
[2026-04-29 13:34:42] INFO epoch 123 it 540/1704 loss 0.0138
[2026-04-29 13:34:42] INFO epoch 123 it 560/1704 loss 0.0136
[2026-04-29 13:34:42] INFO epoch 123 it 580/1704 loss 0.0136
[2026-04-29 13:34:42] INFO epoch 123 it 600/1704 loss 0.0138
[2026-04-29 13:34:42] INFO epoch 123 it 620/1704 loss 0.0135
[2026-04-29 13:34:43] INFO epoch 123 it 640/1704 loss 0.0133
[2026-04-29 13:34:43] INFO epoch 123 it 660/1704 loss 0.0141
[2026-04-29 13:34:43] INFO epoch 123 it 680/1704 loss 0.0136
[2026-04-29 13:34:43] INFO epoch 123 it 700/1704 loss 0.0143
[2026-04-29 13:34:44] INFO epoch 123 it 720/1704 loss 0.0134
[2026-04-29 13:34:44] INFO epoch 123 it 740/1704 loss 0.0138
[2026-04-29 13:34:44] INFO epoch 123 it 760/1704 loss 0.0143
[2026-04-29 13:34:44] INFO epoch 123 it 780/1704 loss 0.0136
[2026-04-29 13:34:44] INFO epoch 123 it 800/1704 loss 0.0135
[2026-04-29 13:34:45] INFO epoch 123 it 820/1704 loss 0.0132
[2026-04-29 13:34:45] INFO epoch 123 it 840/1704 loss 0.0138
[2026-04-29 13:34:45] INFO epoch 123 it 860/1704 loss 0.0140
[2026-04-29 13:34:45] INFO epoch 123 it 880/1704 loss 0.0131
[2026-04-29 13:34:46] INFO epoch 123 it 900/1704 loss 0.0139
[2026-04-29 13:34:46] INFO epoch 123 it 920/1704 loss 0.0137
[2026-04-29 13:34:46] INFO epoch 123 it 940/1704 loss 0.0142
[2026-04-29 13:34:46] INFO epoch 123 it 960/1704 loss 0.0143
[2026-04-29 13:34:46] INFO epoch 123 it 980/1704 loss 0.0142
[2026-04-29 13:34:47] INFO epoch 123 it 1000/1704 loss 0.0137
[2026-04-29 13:34:47] INFO epoch 123 it 1020/1704 loss 0.0139
[2026-04-29 13:34:47] INFO epoch 123 it 1040/1704 loss 0.0140
[2026-04-29 13:34:47] INFO epoch 123 it 1060/1704 loss 0.0131
[2026-04-29 13:34:48] INFO epoch 123 it 1080/1704 loss 0.0142
[2026-04-29 13:34:48] INFO epoch 123 it 1100/1704 loss 0.0144
[2026-04-29 13:34:48] INFO epoch 123 it 1120/1704 loss 0.0148
[2026-04-29 13:34:48] INFO epoch 123 it 1140/1704 loss 0.0146
[2026-04-29 13:34:49] INFO epoch 123 it 1160/1704 loss 0.0145
[2026-04-29 13:34:49] INFO epoch 123 it 1180/1704 loss 0.0143
[2026-04-29 13:34:49] INFO epoch 123 it 1200/1704 loss 0.0139
[2026-04-29 13:34:49] INFO epoch 123 it 1220/1704 loss 0.0136
[2026-04-29 13:34:49] INFO epoch 123 it 1240/1704 loss 0.0132
[2026-04-29 13:34:50] INFO epoch 123 it 1260/1704 loss 0.0135
[2026-04-29 13:34:50] INFO epoch 123 it 1280/1704 loss 0.0137
[2026-04-29 13:34:50] INFO epoch 123 it 1300/1704 loss 0.0141
[2026-04-29 13:34:50] INFO epoch 123 it 1320/1704 loss 0.0138
[2026-04-29 13:34:51] INFO epoch 123 it 1340/1704 loss 0.0153
[2026-04-29 13:34:51] INFO epoch 123 it 1360/1704 loss 0.0144
[2026-04-29 13:34:51] INFO epoch 123 it 1380/1704 loss 0.0149
[2026-04-29 13:34:51] INFO epoch 123 it 1400/1704 loss 0.0130
[2026-04-29 13:34:51] INFO epoch 123 it 1420/1704 loss 0.0145
[2026-04-29 13:34:52] INFO epoch 123 it 1440/1704 loss 0.0143
[2026-04-29 13:34:52] INFO epoch 123 it 1460/1704 loss 0.0134
[2026-04-29 13:34:52] INFO epoch 123 it 1480/1704 loss 0.0134
[2026-04-29 13:34:52] INFO epoch 123 it 1500/1704 loss 0.0140
[2026-04-29 13:34:53] INFO epoch 123 it 1520/1704 loss 0.0145
[2026-04-29 13:34:53] INFO epoch 123 it 1540/1704 loss 0.0144
[2026-04-29 13:34:53] INFO epoch 123 it 1560/1704 loss 0.0144
[2026-04-29 13:34:53] INFO epoch 123 it 1580/1704 loss 0.0133
[2026-04-29 13:34:53] INFO epoch 123 it 1600/1704 loss 0.0150
[2026-04-29 13:34:54] INFO epoch 123 it 1620/1704 loss 0.0149
[2026-04-29 13:34:54] INFO epoch 123 it 1640/1704 loss 0.0139
[2026-04-29 13:34:54] INFO epoch 123 it 1660/1704 loss 0.0138
[2026-04-29 13:34:54] INFO epoch 123 it 1680/1704 loss 0.0129
[2026-04-29 13:34:55] INFO epoch 123 it 1700/1704 loss 0.0133
[2026-04-29 13:34:56] INFO epoch 123 done in 62.4s lr=3.16e-05
[2026-04-29 13:35:34] INFO epoch 123 val MAE(HU): 26.28
[2026-04-29 13:36:16] INFO epoch 124 it 20/1704 loss 0.0146
[2026-04-29 13:36:16] INFO epoch 124 it 40/1704 loss 0.0149
[2026-04-29 13:36:17] INFO epoch 124 it 60/1704 loss 0.0142
[2026-04-29 13:36:17] INFO epoch 124 it 80/1704 loss 0.0139
[2026-04-29 13:36:17] INFO epoch 124 it 100/1704 loss 0.0135
[2026-04-29 13:36:17] INFO epoch 124 it 120/1704 loss 0.0132
[2026-04-29 13:36:17] INFO epoch 124 it 140/1704 loss 0.0134
[2026-04-29 13:36:18] INFO epoch 124 it 160/1704 loss 0.0141
[2026-04-29 13:36:18] INFO epoch 124 it 180/1704 loss 0.0135
[2026-04-29 13:36:18] INFO epoch 124 it 200/1704 loss 0.0135
[2026-04-29 13:36:18] INFO epoch 124 it 220/1704 loss 0.0134
[2026-04-29 13:36:19] INFO epoch 124 it 240/1704 loss 0.0147
[2026-04-29 13:36:19] INFO epoch 124 it 260/1704 loss 0.0133
[2026-04-29 13:36:19] INFO epoch 124 it 280/1704 loss 0.0137
[2026-04-29 13:36:19] INFO epoch 124 it 300/1704 loss 0.0136
[2026-04-29 13:36:19] INFO epoch 124 it 320/1704 loss 0.0142
[2026-04-29 13:36:20] INFO epoch 124 it 340/1704 loss 0.0143
[2026-04-29 13:36:20] INFO epoch 124 it 360/1704 loss 0.0140
[2026-04-29 13:36:20] INFO epoch 124 it 380/1704 loss 0.0140
[2026-04-29 13:36:20] INFO epoch 124 it 400/1704 loss 0.0136
[2026-04-29 13:36:21] INFO epoch 124 it 420/1704 loss 0.0131
[2026-04-29 13:36:21] INFO epoch 124 it 440/1704 loss 0.0130
[2026-04-29 13:36:21] INFO epoch 124 it 460/1704 loss 0.0143
[2026-04-29 13:36:21] INFO epoch 124 it 480/1704 loss 0.0127
[2026-04-29 13:36:21] INFO epoch 124 it 500/1704 loss 0.0134
[2026-04-29 13:36:22] INFO epoch 124 it 520/1704 loss 0.0144
[2026-04-29 13:36:22] INFO epoch 124 it 540/1704 loss 0.0149
[2026-04-29 13:36:22] INFO epoch 124 it 560/1704 loss 0.0137
[2026-04-29 13:36:22] INFO epoch 124 it 580/1704 loss 0.0149
[2026-04-29 13:36:23] INFO epoch 124 it 600/1704 loss 0.0142
[2026-04-29 13:36:23] INFO epoch 124 it 620/1704 loss 0.0142
[2026-04-29 13:36:23] INFO epoch 124 it 640/1704 loss 0.0140
[2026-04-29 13:36:23] INFO epoch 124 it 660/1704 loss 0.0143
[2026-04-29 13:36:23] INFO epoch 124 it 680/1704 loss 0.0132
[2026-04-29 13:36:24] INFO epoch 124 it 700/1704 loss 0.0146
[2026-04-29 13:36:24] INFO epoch 124 it 720/1704 loss 0.0135
[2026-04-29 13:36:24] INFO epoch 124 it 740/1704 loss 0.0147
[2026-04-29 13:36:24] INFO epoch 124 it 760/1704 loss 0.0146
[2026-04-29 13:36:25] INFO epoch 124 it 780/1704 loss 0.0140
[2026-04-29 13:36:25] INFO epoch 124 it 800/1704 loss 0.0140
[2026-04-29 13:36:25] INFO epoch 124 it 820/1704 loss 0.0133
[2026-04-29 13:36:25] INFO epoch 124 it 840/1704 loss 0.0133
[2026-04-29 13:36:25] INFO epoch 124 it 860/1704 loss 0.0133
[2026-04-29 13:36:26] INFO epoch 124 it 880/1704 loss 0.0139
[2026-04-29 13:36:26] INFO epoch 124 it 900/1704 loss 0.0137
[2026-04-29 13:36:26] INFO epoch 124 it 920/1704 loss 0.0136
[2026-04-29 13:36:26] INFO epoch 124 it 940/1704 loss 0.0142
[2026-04-29 13:36:27] INFO epoch 124 it 960/1704 loss 0.0136
[2026-04-29 13:36:27] INFO epoch 124 it 980/1704 loss 0.0134
[2026-04-29 13:36:27] INFO epoch 124 it 1000/1704 loss 0.0141
[2026-04-29 13:36:27] INFO epoch 124 it 1020/1704 loss 0.0138
[2026-04-29 13:36:27] INFO epoch 124 it 1040/1704 loss 0.0149
[2026-04-29 13:36:28] INFO epoch 124 it 1060/1704 loss 0.0134
[2026-04-29 13:36:28] INFO epoch 124 it 1080/1704 loss 0.0144
[2026-04-29 13:36:28] INFO epoch 124 it 1100/1704 loss 0.0136
[2026-04-29 13:36:28] INFO epoch 124 it 1120/1704 loss 0.0132
[2026-04-29 13:36:29] INFO epoch 124 it 1140/1704 loss 0.0140
[2026-04-29 13:36:29] INFO epoch 124 it 1160/1704 loss 0.0144
[2026-04-29 13:36:29] INFO epoch 124 it 1180/1704 loss 0.0136
[2026-04-29 13:36:29] INFO epoch 124 it 1200/1704 loss 0.0142
[2026-04-29 13:36:29] INFO epoch 124 it 1220/1704 loss 0.0141
[2026-04-29 13:36:30] INFO epoch 124 it 1240/1704 loss 0.0146
[2026-04-29 13:36:30] INFO epoch 124 it 1260/1704 loss 0.0146
[2026-04-29 13:36:30] INFO epoch 124 it 1280/1704 loss 0.0134
[2026-04-29 13:36:30] INFO epoch 124 it 1300/1704 loss 0.0136
[2026-04-29 13:36:31] INFO epoch 124 it 1320/1704 loss 0.0136
[2026-04-29 13:36:31] INFO epoch 124 it 1340/1704 loss 0.0144
[2026-04-29 13:36:31] INFO epoch 124 it 1360/1704 loss 0.0138
[2026-04-29 13:36:31] INFO epoch 124 it 1380/1704 loss 0.0144
[2026-04-29 13:36:32] INFO epoch 124 it 1400/1704 loss 0.0144
[2026-04-29 13:36:32] INFO epoch 124 it 1420/1704 loss 0.0136
[2026-04-29 13:36:32] INFO epoch 124 it 1440/1704 loss 0.0137
[2026-04-29 13:36:32] INFO epoch 124 it 1460/1704 loss 0.0136
[2026-04-29 13:36:32] INFO epoch 124 it 1480/1704 loss 0.0140
[2026-04-29 13:36:33] INFO epoch 124 it 1500/1704 loss 0.0142
[2026-04-29 13:36:33] INFO epoch 124 it 1520/1704 loss 0.0144
[2026-04-29 13:36:33] INFO epoch 124 it 1540/1704 loss 0.0129
[2026-04-29 13:36:33] INFO epoch 124 it 1560/1704 loss 0.0142
[2026-04-29 13:36:34] INFO epoch 124 it 1580/1704 loss 0.0143
[2026-04-29 13:36:34] INFO epoch 124 it 1600/1704 loss 0.0144
[2026-04-29 13:36:34] INFO epoch 124 it 1620/1704 loss 0.0141
[2026-04-29 13:36:34] INFO epoch 124 it 1640/1704 loss 0.0139
[2026-04-29 13:36:34] INFO epoch 124 it 1660/1704 loss 0.0139
[2026-04-29 13:36:35] INFO epoch 124 it 1680/1704 loss 0.0128
[2026-04-29 13:36:35] INFO epoch 124 it 1700/1704 loss 0.0131
[2026-04-29 13:36:36] INFO epoch 124 done in 62.5s lr=3.09e-05
[2026-04-29 13:37:14] INFO epoch 124 val MAE(HU): 26.28
[2026-04-29 13:37:56] INFO epoch 125 it 20/1704 loss 0.0133
[2026-04-29 13:37:56] INFO epoch 125 it 40/1704 loss 0.0137
[2026-04-29 13:37:57] INFO epoch 125 it 60/1704 loss 0.0141
[2026-04-29 13:37:57] INFO epoch 125 it 80/1704 loss 0.0140
[2026-04-29 13:37:57] INFO epoch 125 it 100/1704 loss 0.0139
[2026-04-29 13:37:57] INFO epoch 125 it 120/1704 loss 0.0135
[2026-04-29 13:37:57] INFO epoch 125 it 140/1704 loss 0.0141
[2026-04-29 13:37:58] INFO epoch 125 it 160/1704 loss 0.0136
[2026-04-29 13:37:58] INFO epoch 125 it 180/1704 loss 0.0143
[2026-04-29 13:37:58] INFO epoch 125 it 200/1704 loss 0.0139
[2026-04-29 13:37:58] INFO epoch 125 it 220/1704 loss 0.0142
[2026-04-29 13:37:59] INFO epoch 125 it 240/1704 loss 0.0136
[2026-04-29 13:37:59] INFO epoch 125 it 260/1704 loss 0.0139
[2026-04-29 13:37:59] INFO epoch 125 it 280/1704 loss 0.0137
[2026-04-29 13:37:59] INFO epoch 125 it 300/1704 loss 0.0133
[2026-04-29 13:37:59] INFO epoch 125 it 320/1704 loss 0.0140
[2026-04-29 13:38:00] INFO epoch 125 it 340/1704 loss 0.0134
[2026-04-29 13:38:00] INFO epoch 125 it 360/1704 loss 0.0136
[2026-04-29 13:38:00] INFO epoch 125 it 380/1704 loss 0.0144
[2026-04-29 13:38:00] INFO epoch 125 it 400/1704 loss 0.0136
[2026-04-29 13:38:01] INFO epoch 125 it 420/1704 loss 0.0139
[2026-04-29 13:38:01] INFO epoch 125 it 440/1704 loss 0.0142
[2026-04-29 13:38:01] INFO epoch 125 it 460/1704 loss 0.0143
[2026-04-29 13:38:01] INFO epoch 125 it 480/1704 loss 0.0133
[2026-04-29 13:38:02] INFO epoch 125 it 500/1704 loss 0.0145
[2026-04-29 13:38:02] INFO epoch 125 it 520/1704 loss 0.0140
[2026-04-29 13:38:02] INFO epoch 125 it 540/1704 loss 0.0140
[2026-04-29 13:38:02] INFO epoch 125 it 560/1704 loss 0.0142
[2026-04-29 13:38:02] INFO epoch 125 it 580/1704 loss 0.0142
[2026-04-29 13:38:03] INFO epoch 125 it 600/1704 loss 0.0137
[2026-04-29 13:38:03] INFO epoch 125 it 620/1704 loss 0.0137
[2026-04-29 13:38:03] INFO epoch 125 it 640/1704 loss 0.0133
[2026-04-29 13:38:03] INFO epoch 125 it 660/1704 loss 0.0140
[2026-04-29 13:38:04] INFO epoch 125 it 680/1704 loss 0.0141
[2026-04-29 13:38:04] INFO epoch 125 it 700/1704 loss 0.0133
[2026-04-29 13:38:04] INFO epoch 125 it 720/1704 loss 0.0139
[2026-04-29 13:38:04] INFO epoch 125 it 740/1704 loss 0.0141
[2026-04-29 13:38:04] INFO epoch 125 it 760/1704 loss 0.0143
[2026-04-29 13:38:05] INFO epoch 125 it 780/1704 loss 0.0139
[2026-04-29 13:38:05] INFO epoch 125 it 800/1704 loss 0.0140
[2026-04-29 13:38:05] INFO epoch 125 it 820/1704 loss 0.0131
[2026-04-29 13:38:05] INFO epoch 125 it 840/1704 loss 0.0138
[2026-04-29 13:38:06] INFO epoch 125 it 860/1704 loss 0.0134
[2026-04-29 13:38:06] INFO epoch 125 it 880/1704 loss 0.0138
[2026-04-29 13:38:06] INFO epoch 125 it 900/1704 loss 0.0132
[2026-04-29 13:38:06] INFO epoch 125 it 920/1704 loss 0.0131
[2026-04-29 13:38:07] INFO epoch 125 it 940/1704 loss 0.0141
[2026-04-29 13:38:07] INFO epoch 125 it 960/1704 loss 0.0135
[2026-04-29 13:38:07] INFO epoch 125 it 980/1704 loss 0.0146
[2026-04-29 13:38:07] INFO epoch 125 it 1000/1704 loss 0.0145
[2026-04-29 13:38:07] INFO epoch 125 it 1020/1704 loss 0.0141
[2026-04-29 13:38:08] INFO epoch 125 it 1040/1704 loss 0.0138
[2026-04-29 13:38:08] INFO epoch 125 it 1060/1704 loss 0.0133
[2026-04-29 13:38:08] INFO epoch 125 it 1080/1704 loss 0.0143
[2026-04-29 13:38:08] INFO epoch 125 it 1100/1704 loss 0.0132
[2026-04-29 13:38:09] INFO epoch 125 it 1120/1704 loss 0.0134
[2026-04-29 13:38:09] INFO epoch 125 it 1140/1704 loss 0.0142
[2026-04-29 13:38:09] INFO epoch 125 it 1160/1704 loss 0.0142
[2026-04-29 13:38:09] INFO epoch 125 it 1180/1704 loss 0.0140
[2026-04-29 13:38:09] INFO epoch 125 it 1200/1704 loss 0.0133
[2026-04-29 13:38:10] INFO epoch 125 it 1220/1704 loss 0.0142
[2026-04-29 13:38:10] INFO epoch 125 it 1240/1704 loss 0.0133
[2026-04-29 13:38:10] INFO epoch 125 it 1260/1704 loss 0.0135
[2026-04-29 13:38:10] INFO epoch 125 it 1280/1704 loss 0.0137
[2026-04-29 13:38:11] INFO epoch 125 it 1300/1704 loss 0.0135
[2026-04-29 13:38:11] INFO epoch 125 it 1320/1704 loss 0.0148
[2026-04-29 13:38:11] INFO epoch 125 it 1340/1704 loss 0.0122
[2026-04-29 13:38:11] INFO epoch 125 it 1360/1704 loss 0.0138
[2026-04-29 13:38:11] INFO epoch 125 it 1380/1704 loss 0.0132
[2026-04-29 13:38:12] INFO epoch 125 it 1400/1704 loss 0.0139
[2026-04-29 13:38:12] INFO epoch 125 it 1420/1704 loss 0.0133
[2026-04-29 13:38:12] INFO epoch 125 it 1440/1704 loss 0.0138
[2026-04-29 13:38:12] INFO epoch 125 it 1460/1704 loss 0.0140
[2026-04-29 13:38:13] INFO epoch 125 it 1480/1704 loss 0.0136
[2026-04-29 13:38:13] INFO epoch 125 it 1500/1704 loss 0.0137
[2026-04-29 13:38:13] INFO epoch 125 it 1520/1704 loss 0.0144
[2026-04-29 13:38:13] INFO epoch 125 it 1540/1704 loss 0.0152
[2026-04-29 13:38:13] INFO epoch 125 it 1560/1704 loss 0.0134
[2026-04-29 13:38:14] INFO epoch 125 it 1580/1704 loss 0.0149
[2026-04-29 13:38:14] INFO epoch 125 it 1600/1704 loss 0.0143
[2026-04-29 13:38:14] INFO epoch 125 it 1620/1704 loss 0.0142
[2026-04-29 13:38:14] INFO epoch 125 it 1640/1704 loss 0.0138
[2026-04-29 13:38:15] INFO epoch 125 it 1660/1704 loss 0.0137
[2026-04-29 13:38:15] INFO epoch 125 it 1680/1704 loss 0.0138
[2026-04-29 13:38:15] INFO epoch 125 it 1700/1704 loss 0.0133
[2026-04-29 13:38:16] INFO epoch 125 done in 62.1s lr=3.01e-05
[2026-04-29 13:38:54] INFO epoch 125 val MAE(HU): 26.25
[2026-04-29 13:39:36] INFO epoch 126 it 20/1704 loss 0.0131
[2026-04-29 13:39:36] INFO epoch 126 it 40/1704 loss 0.0140
[2026-04-29 13:39:37] INFO epoch 126 it 60/1704 loss 0.0143
[2026-04-29 13:39:37] INFO epoch 126 it 80/1704 loss 0.0135
[2026-04-29 13:39:37] INFO epoch 126 it 100/1704 loss 0.0139
[2026-04-29 13:39:37] INFO epoch 126 it 120/1704 loss 0.0131
[2026-04-29 13:39:37] INFO epoch 126 it 140/1704 loss 0.0131
[2026-04-29 13:39:38] INFO epoch 126 it 160/1704 loss 0.0136
[2026-04-29 13:39:38] INFO epoch 126 it 180/1704 loss 0.0133
[2026-04-29 13:39:38] INFO epoch 126 it 200/1704 loss 0.0140
[2026-04-29 13:39:38] INFO epoch 126 it 220/1704 loss 0.0142
[2026-04-29 13:39:39] INFO epoch 126 it 240/1704 loss 0.0131
[2026-04-29 13:39:39] INFO epoch 126 it 260/1704 loss 0.0151
[2026-04-29 13:39:39] INFO epoch 126 it 280/1704 loss 0.0130
[2026-04-29 13:39:39] INFO epoch 126 it 300/1704 loss 0.0142
[2026-04-29 13:39:39] INFO epoch 126 it 320/1704 loss 0.0140
[2026-04-29 13:39:40] INFO epoch 126 it 340/1704 loss 0.0136
[2026-04-29 13:39:40] INFO epoch 126 it 360/1704 loss 0.0133
[2026-04-29 13:39:40] INFO epoch 126 it 380/1704 loss 0.0141
[2026-04-29 13:39:40] INFO epoch 126 it 400/1704 loss 0.0132
[2026-04-29 13:39:41] INFO epoch 126 it 420/1704 loss 0.0139
[2026-04-29 13:39:41] INFO epoch 126 it 440/1704 loss 0.0140
[2026-04-29 13:39:41] INFO epoch 126 it 460/1704 loss 0.0145
[2026-04-29 13:39:41] INFO epoch 126 it 480/1704 loss 0.0133
[2026-04-29 13:39:41] INFO epoch 126 it 500/1704 loss 0.0136
[2026-04-29 13:39:42] INFO epoch 126 it 520/1704 loss 0.0136
[2026-04-29 13:39:42] INFO epoch 126 it 540/1704 loss 0.0147
[2026-04-29 13:39:42] INFO epoch 126 it 560/1704 loss 0.0135
[2026-04-29 13:39:42] INFO epoch 126 it 580/1704 loss 0.0150
[2026-04-29 13:39:43] INFO epoch 126 it 600/1704 loss 0.0136
[2026-04-29 13:39:43] INFO epoch 126 it 620/1704 loss 0.0132
[2026-04-29 13:39:43] INFO epoch 126 it 640/1704 loss 0.0135
[2026-04-29 13:39:43] INFO epoch 126 it 660/1704 loss 0.0141
[2026-04-29 13:39:43] INFO epoch 126 it 680/1704 loss 0.0140
[2026-04-29 13:39:44] INFO epoch 126 it 700/1704 loss 0.0140
[2026-04-29 13:39:44] INFO epoch 126 it 720/1704 loss 0.0135
[2026-04-29 13:39:44] INFO epoch 126 it 740/1704 loss 0.0134
[2026-04-29 13:39:44] INFO epoch 126 it 760/1704 loss 0.0138
[2026-04-29 13:39:45] INFO epoch 126 it 780/1704 loss 0.0135
[2026-04-29 13:39:45] INFO epoch 126 it 800/1704 loss 0.0143
[2026-04-29 13:39:45] INFO epoch 126 it 820/1704 loss 0.0140
[2026-04-29 13:39:45] INFO epoch 126 it 840/1704 loss 0.0138
[2026-04-29 13:39:46] INFO epoch 126 it 860/1704 loss 0.0137
[2026-04-29 13:39:46] INFO epoch 126 it 880/1704 loss 0.0141
[2026-04-29 13:39:46] INFO epoch 126 it 900/1704 loss 0.0141
[2026-04-29 13:39:46] INFO epoch 126 it 920/1704 loss 0.0135
[2026-04-29 13:39:46] INFO epoch 126 it 940/1704 loss 0.0140
[2026-04-29 13:39:47] INFO epoch 126 it 960/1704 loss 0.0135
[2026-04-29 13:39:47] INFO epoch 126 it 980/1704 loss 0.0140
[2026-04-29 13:39:47] INFO epoch 126 it 1000/1704 loss 0.0142
[2026-04-29 13:39:47] INFO epoch 126 it 1020/1704 loss 0.0136
[2026-04-29 13:39:48] INFO epoch 126 it 1040/1704 loss 0.0135
[2026-04-29 13:39:48] INFO epoch 126 it 1060/1704 loss 0.0137
[2026-04-29 13:39:48] INFO epoch 126 it 1080/1704 loss 0.0142
[2026-04-29 13:39:48] INFO epoch 126 it 1100/1704 loss 0.0131
[2026-04-29 13:39:48] INFO epoch 126 it 1120/1704 loss 0.0141
[2026-04-29 13:39:49] INFO epoch 126 it 1140/1704 loss 0.0144
[2026-04-29 13:39:49] INFO epoch 126 it 1160/1704 loss 0.0138
[2026-04-29 13:39:49] INFO epoch 126 it 1180/1704 loss 0.0133
[2026-04-29 13:39:49] INFO epoch 126 it 1200/1704 loss 0.0134
[2026-04-29 13:39:50] INFO epoch 126 it 1220/1704 loss 0.0138
[2026-04-29 13:39:50] INFO epoch 126 it 1240/1704 loss 0.0138
[2026-04-29 13:39:50] INFO epoch 126 it 1260/1704 loss 0.0140
[2026-04-29 13:39:50] INFO epoch 126 it 1280/1704 loss 0.0146
[2026-04-29 13:39:50] INFO epoch 126 it 1300/1704 loss 0.0143
[2026-04-29 13:39:51] INFO epoch 126 it 1320/1704 loss 0.0134
[2026-04-29 13:39:51] INFO epoch 126 it 1340/1704 loss 0.0134
[2026-04-29 13:39:51] INFO epoch 126 it 1360/1704 loss 0.0143
[2026-04-29 13:39:51] INFO epoch 126 it 1380/1704 loss 0.0140
[2026-04-29 13:39:52] INFO epoch 126 it 1400/1704 loss 0.0145
[2026-04-29 13:39:52] INFO epoch 126 it 1420/1704 loss 0.0137
[2026-04-29 13:39:52] INFO epoch 126 it 1440/1704 loss 0.0127
[2026-04-29 13:39:52] INFO epoch 126 it 1460/1704 loss 0.0138
[2026-04-29 13:39:53] INFO epoch 126 it 1480/1704 loss 0.0132
[2026-04-29 13:39:53] INFO epoch 126 it 1500/1704 loss 0.0138
[2026-04-29 13:39:53] INFO epoch 126 it 1520/1704 loss 0.0141
[2026-04-29 13:39:53] INFO epoch 126 it 1540/1704 loss 0.0146
[2026-04-29 13:39:53] INFO epoch 126 it 1560/1704 loss 0.0142
[2026-04-29 13:39:54] INFO epoch 126 it 1580/1704 loss 0.0140
[2026-04-29 13:39:54] INFO epoch 126 it 1600/1704 loss 0.0134
[2026-04-29 13:39:54] INFO epoch 126 it 1620/1704 loss 0.0135
[2026-04-29 13:39:54] INFO epoch 126 it 1640/1704 loss 0.0136
[2026-04-29 13:39:55] INFO epoch 126 it 1660/1704 loss 0.0142
[2026-04-29 13:39:55] INFO epoch 126 it 1680/1704 loss 0.0139
[2026-04-29 13:39:55] INFO epoch 126 it 1700/1704 loss 0.0137
[2026-04-29 13:39:56] INFO epoch 126 done in 62.2s lr=2.94e-05
[2026-04-29 13:40:34] INFO epoch 126 val MAE(HU): 26.14
[2026-04-29 13:40:34] INFO new best MAE: 26.14 ¡æ saved best.pth
[2026-04-29 13:41:16] INFO epoch 127 it 20/1704 loss 0.0136
[2026-04-29 13:41:16] INFO epoch 127 it 40/1704 loss 0.0136
[2026-04-29 13:41:16] INFO epoch 127 it 60/1704 loss 0.0130
[2026-04-29 13:41:17] INFO epoch 127 it 80/1704 loss 0.0140
[2026-04-29 13:41:17] INFO epoch 127 it 100/1704 loss 0.0144
[2026-04-29 13:41:17] INFO epoch 127 it 120/1704 loss 0.0144
[2026-04-29 13:41:17] INFO epoch 127 it 140/1704 loss 0.0134
[2026-04-29 13:41:18] INFO epoch 127 it 160/1704 loss 0.0143
[2026-04-29 13:41:18] INFO epoch 127 it 180/1704 loss 0.0132
[2026-04-29 13:41:18] INFO epoch 127 it 200/1704 loss 0.0146
[2026-04-29 13:41:18] INFO epoch 127 it 220/1704 loss 0.0143
[2026-04-29 13:41:18] INFO epoch 127 it 240/1704 loss 0.0128
[2026-04-29 13:41:19] INFO epoch 127 it 260/1704 loss 0.0134
[2026-04-29 13:41:19] INFO epoch 127 it 280/1704 loss 0.0131
[2026-04-29 13:41:19] INFO epoch 127 it 300/1704 loss 0.0134
[2026-04-29 13:41:19] INFO epoch 127 it 320/1704 loss 0.0143
[2026-04-29 13:41:20] INFO epoch 127 it 340/1704 loss 0.0134
[2026-04-29 13:41:20] INFO epoch 127 it 360/1704 loss 0.0142
[2026-04-29 13:41:20] INFO epoch 127 it 380/1704 loss 0.0146
[2026-04-29 13:41:20] INFO epoch 127 it 400/1704 loss 0.0133
[2026-04-29 13:41:20] INFO epoch 127 it 420/1704 loss 0.0132
[2026-04-29 13:41:21] INFO epoch 127 it 440/1704 loss 0.0140
[2026-04-29 13:41:21] INFO epoch 127 it 460/1704 loss 0.0137
[2026-04-29 13:41:21] INFO epoch 127 it 480/1704 loss 0.0137
[2026-04-29 13:41:21] INFO epoch 127 it 500/1704 loss 0.0138
[2026-04-29 13:41:22] INFO epoch 127 it 520/1704 loss 0.0140
[2026-04-29 13:41:22] INFO epoch 127 it 540/1704 loss 0.0146
[2026-04-29 13:41:22] INFO epoch 127 it 560/1704 loss 0.0137
[2026-04-29 13:41:22] INFO epoch 127 it 580/1704 loss 0.0138
[2026-04-29 13:41:22] INFO epoch 127 it 600/1704 loss 0.0148
[2026-04-29 13:41:23] INFO epoch 127 it 620/1704 loss 0.0141
[2026-04-29 13:41:23] INFO epoch 127 it 640/1704 loss 0.0132
[2026-04-29 13:41:23] INFO epoch 127 it 660/1704 loss 0.0133
[2026-04-29 13:41:23] INFO epoch 127 it 680/1704 loss 0.0142
[2026-04-29 13:41:24] INFO epoch 127 it 700/1704 loss 0.0142
[2026-04-29 13:41:24] INFO epoch 127 it 720/1704 loss 0.0132
[2026-04-29 13:41:24] INFO epoch 127 it 740/1704 loss 0.0139
[2026-04-29 13:41:24] INFO epoch 127 it 760/1704 loss 0.0134
[2026-04-29 13:41:24] INFO epoch 127 it 780/1704 loss 0.0139
[2026-04-29 13:41:25] INFO epoch 127 it 800/1704 loss 0.0134
[2026-04-29 13:41:25] INFO epoch 127 it 820/1704 loss 0.0138
[2026-04-29 13:41:25] INFO epoch 127 it 840/1704 loss 0.0135
[2026-04-29 13:41:25] INFO epoch 127 it 860/1704 loss 0.0145
[2026-04-29 13:41:26] INFO epoch 127 it 880/1704 loss 0.0143
[2026-04-29 13:41:26] INFO epoch 127 it 900/1704 loss 0.0134
[2026-04-29 13:41:26] INFO epoch 127 it 920/1704 loss 0.0149
[2026-04-29 13:41:26] INFO epoch 127 it 940/1704 loss 0.0146
[2026-04-29 13:41:27] INFO epoch 127 it 960/1704 loss 0.0140
[2026-04-29 13:41:27] INFO epoch 127 it 980/1704 loss 0.0136
[2026-04-29 13:41:27] INFO epoch 127 it 1000/1704 loss 0.0136
[2026-04-29 13:41:27] INFO epoch 127 it 1020/1704 loss 0.0124
[2026-04-29 13:41:27] INFO epoch 127 it 1040/1704 loss 0.0152
[2026-04-29 13:41:28] INFO epoch 127 it 1060/1704 loss 0.0138
[2026-04-29 13:41:28] INFO epoch 127 it 1080/1704 loss 0.0128
[2026-04-29 13:41:28] INFO epoch 127 it 1100/1704 loss 0.0137
[2026-04-29 13:41:28] INFO epoch 127 it 1120/1704 loss 0.0136
[2026-04-29 13:41:29] INFO epoch 127 it 1140/1704 loss 0.0133
[2026-04-29 13:41:29] INFO epoch 127 it 1160/1704 loss 0.0140
[2026-04-29 13:41:29] INFO epoch 127 it 1180/1704 loss 0.0136
[2026-04-29 13:41:29] INFO epoch 127 it 1200/1704 loss 0.0135
[2026-04-29 13:41:29] INFO epoch 127 it 1220/1704 loss 0.0141
[2026-04-29 13:41:30] INFO epoch 127 it 1240/1704 loss 0.0142
[2026-04-29 13:41:30] INFO epoch 127 it 1260/1704 loss 0.0140
[2026-04-29 13:41:30] INFO epoch 127 it 1280/1704 loss 0.0121
[2026-04-29 13:41:30] INFO epoch 127 it 1300/1704 loss 0.0136
[2026-04-29 13:41:31] INFO epoch 127 it 1320/1704 loss 0.0127
[2026-04-29 13:41:31] INFO epoch 127 it 1340/1704 loss 0.0135
[2026-04-29 13:41:31] INFO epoch 127 it 1360/1704 loss 0.0129
[2026-04-29 13:41:31] INFO epoch 127 it 1380/1704 loss 0.0146
[2026-04-29 13:41:31] INFO epoch 127 it 1400/1704 loss 0.0137
[2026-04-29 13:41:32] INFO epoch 127 it 1420/1704 loss 0.0134
[2026-04-29 13:41:32] INFO epoch 127 it 1440/1704 loss 0.0136
[2026-04-29 13:41:32] INFO epoch 127 it 1460/1704 loss 0.0133
[2026-04-29 13:41:32] INFO epoch 127 it 1480/1704 loss 0.0126
[2026-04-29 13:41:33] INFO epoch 127 it 1500/1704 loss 0.0144
[2026-04-29 13:41:33] INFO epoch 127 it 1520/1704 loss 0.0131
[2026-04-29 13:41:33] INFO epoch 127 it 1540/1704 loss 0.0135
[2026-04-29 13:41:33] INFO epoch 127 it 1560/1704 loss 0.0138
[2026-04-29 13:41:33] INFO epoch 127 it 1580/1704 loss 0.0140
[2026-04-29 13:41:34] INFO epoch 127 it 1600/1704 loss 0.0145
[2026-04-29 13:41:34] INFO epoch 127 it 1620/1704 loss 0.0146
[2026-04-29 13:41:34] INFO epoch 127 it 1640/1704 loss 0.0148
[2026-04-29 13:41:34] INFO epoch 127 it 1660/1704 loss 0.0136
[2026-04-29 13:41:35] INFO epoch 127 it 1680/1704 loss 0.0140
[2026-04-29 13:41:35] INFO epoch 127 it 1700/1704 loss 0.0142
[2026-04-29 13:41:36] INFO epoch 127 done in 62.0s lr=2.87e-05
[2026-04-29 13:42:14] INFO epoch 127 val MAE(HU): 26.22
[2026-04-29 13:42:56] INFO epoch 128 it 20/1704 loss 0.0143
[2026-04-29 13:42:56] INFO epoch 128 it 40/1704 loss 0.0143
[2026-04-29 13:42:56] INFO epoch 128 it 60/1704 loss 0.0132
[2026-04-29 13:42:57] INFO epoch 128 it 80/1704 loss 0.0142
[2026-04-29 13:42:57] INFO epoch 128 it 100/1704 loss 0.0147
[2026-04-29 13:42:57] INFO epoch 128 it 120/1704 loss 0.0137
[2026-04-29 13:42:57] INFO epoch 128 it 140/1704 loss 0.0131
[2026-04-29 13:42:57] INFO epoch 128 it 160/1704 loss 0.0131
[2026-04-29 13:42:58] INFO epoch 128 it 180/1704 loss 0.0133
[2026-04-29 13:42:58] INFO epoch 128 it 200/1704 loss 0.0134
[2026-04-29 13:42:58] INFO epoch 128 it 220/1704 loss 0.0136
[2026-04-29 13:42:58] INFO epoch 128 it 240/1704 loss 0.0130
[2026-04-29 13:42:59] INFO epoch 128 it 260/1704 loss 0.0137
[2026-04-29 13:42:59] INFO epoch 128 it 280/1704 loss 0.0143
[2026-04-29 13:42:59] INFO epoch 128 it 300/1704 loss 0.0139
[2026-04-29 13:42:59] INFO epoch 128 it 320/1704 loss 0.0128
[2026-04-29 13:43:00] INFO epoch 128 it 340/1704 loss 0.0133
[2026-04-29 13:43:00] INFO epoch 128 it 360/1704 loss 0.0129
[2026-04-29 13:43:00] INFO epoch 128 it 380/1704 loss 0.0142
[2026-04-29 13:43:00] INFO epoch 128 it 400/1704 loss 0.0140
[2026-04-29 13:43:00] INFO epoch 128 it 420/1704 loss 0.0130
[2026-04-29 13:43:01] INFO epoch 128 it 440/1704 loss 0.0142
[2026-04-29 13:43:01] INFO epoch 128 it 460/1704 loss 0.0133
[2026-04-29 13:43:01] INFO epoch 128 it 480/1704 loss 0.0133
[2026-04-29 13:43:01] INFO epoch 128 it 500/1704 loss 0.0130
[2026-04-29 13:43:02] INFO epoch 128 it 520/1704 loss 0.0137
[2026-04-29 13:43:02] INFO epoch 128 it 540/1704 loss 0.0139
[2026-04-29 13:43:02] INFO epoch 128 it 560/1704 loss 0.0139
[2026-04-29 13:43:02] INFO epoch 128 it 580/1704 loss 0.0143
[2026-04-29 13:43:03] INFO epoch 128 it 600/1704 loss 0.0139
[2026-04-29 13:43:03] INFO epoch 128 it 620/1704 loss 0.0136
[2026-04-29 13:43:03] INFO epoch 128 it 640/1704 loss 0.0141
[2026-04-29 13:43:03] INFO epoch 128 it 660/1704 loss 0.0133
[2026-04-29 13:43:03] INFO epoch 128 it 680/1704 loss 0.0142
[2026-04-29 13:43:04] INFO epoch 128 it 700/1704 loss 0.0147
[2026-04-29 13:43:04] INFO epoch 128 it 720/1704 loss 0.0140
[2026-04-29 13:43:04] INFO epoch 128 it 740/1704 loss 0.0140
[2026-04-29 13:43:04] INFO epoch 128 it 760/1704 loss 0.0132
[2026-04-29 13:43:05] INFO epoch 128 it 780/1704 loss 0.0130
[2026-04-29 13:43:05] INFO epoch 128 it 800/1704 loss 0.0133
[2026-04-29 13:43:05] INFO epoch 128 it 820/1704 loss 0.0140
[2026-04-29 13:43:05] INFO epoch 128 it 840/1704 loss 0.0135
[2026-04-29 13:43:05] INFO epoch 128 it 860/1704 loss 0.0134
[2026-04-29 13:43:06] INFO epoch 128 it 880/1704 loss 0.0133
[2026-04-29 13:43:06] INFO epoch 128 it 900/1704 loss 0.0132
[2026-04-29 13:43:06] INFO epoch 128 it 920/1704 loss 0.0132
[2026-04-29 13:43:06] INFO epoch 128 it 940/1704 loss 0.0137
[2026-04-29 13:43:07] INFO epoch 128 it 960/1704 loss 0.0143
[2026-04-29 13:43:07] INFO epoch 128 it 980/1704 loss 0.0138
[2026-04-29 13:43:07] INFO epoch 128 it 1000/1704 loss 0.0143
[2026-04-29 13:43:07] INFO epoch 128 it 1020/1704 loss 0.0145
[2026-04-29 13:43:07] INFO epoch 128 it 1040/1704 loss 0.0137
[2026-04-29 13:43:08] INFO epoch 128 it 1060/1704 loss 0.0135
[2026-04-29 13:43:08] INFO epoch 128 it 1080/1704 loss 0.0127
[2026-04-29 13:43:08] INFO epoch 128 it 1100/1704 loss 0.0144
[2026-04-29 13:43:08] INFO epoch 128 it 1120/1704 loss 0.0144
[2026-04-29 13:43:09] INFO epoch 128 it 1140/1704 loss 0.0134
[2026-04-29 13:43:09] INFO epoch 128 it 1160/1704 loss 0.0133
[2026-04-29 13:43:09] INFO epoch 128 it 1180/1704 loss 0.0140
[2026-04-29 13:43:09] INFO epoch 128 it 1200/1704 loss 0.0140
[2026-04-29 13:43:09] INFO epoch 128 it 1220/1704 loss 0.0137
[2026-04-29 13:43:10] INFO epoch 128 it 1240/1704 loss 0.0139
[2026-04-29 13:43:10] INFO epoch 128 it 1260/1704 loss 0.0130
[2026-04-29 13:43:10] INFO epoch 128 it 1280/1704 loss 0.0125
[2026-04-29 13:43:10] INFO epoch 128 it 1300/1704 loss 0.0132
[2026-04-29 13:43:11] INFO epoch 128 it 1320/1704 loss 0.0143
[2026-04-29 13:43:11] INFO epoch 128 it 1340/1704 loss 0.0130
[2026-04-29 13:43:11] INFO epoch 128 it 1360/1704 loss 0.0134
[2026-04-29 13:43:11] INFO epoch 128 it 1380/1704 loss 0.0146
[2026-04-29 13:43:12] INFO epoch 128 it 1400/1704 loss 0.0142
[2026-04-29 13:43:12] INFO epoch 128 it 1420/1704 loss 0.0143
[2026-04-29 13:43:12] INFO epoch 128 it 1440/1704 loss 0.0138
[2026-04-29 13:43:12] INFO epoch 128 it 1460/1704 loss 0.0136
[2026-04-29 13:43:12] INFO epoch 128 it 1480/1704 loss 0.0140
[2026-04-29 13:43:13] INFO epoch 128 it 1500/1704 loss 0.0134
[2026-04-29 13:43:13] INFO epoch 128 it 1520/1704 loss 0.0148
[2026-04-29 13:43:13] INFO epoch 128 it 1540/1704 loss 0.0141
[2026-04-29 13:43:13] INFO epoch 128 it 1560/1704 loss 0.0129
[2026-04-29 13:43:14] INFO epoch 128 it 1580/1704 loss 0.0141
[2026-04-29 13:43:14] INFO epoch 128 it 1600/1704 loss 0.0135
[2026-04-29 13:43:14] INFO epoch 128 it 1620/1704 loss 0.0140
[2026-04-29 13:43:14] INFO epoch 128 it 1640/1704 loss 0.0143
[2026-04-29 13:43:14] INFO epoch 128 it 1660/1704 loss 0.0139
[2026-04-29 13:43:15] INFO epoch 128 it 1680/1704 loss 0.0133
[2026-04-29 13:43:15] INFO epoch 128 it 1700/1704 loss 0.0139
[2026-04-29 13:43:16] INFO epoch 128 done in 62.4s lr=2.80e-05
[2026-04-29 13:43:55] INFO epoch 128 val MAE(HU): 26.27
[2026-04-29 13:44:39] INFO epoch 129 it 20/1704 loss 0.0141
[2026-04-29 13:44:39] INFO epoch 129 it 40/1704 loss 0.0139
[2026-04-29 13:44:39] INFO epoch 129 it 60/1704 loss 0.0139
[2026-04-29 13:44:40] INFO epoch 129 it 80/1704 loss 0.0136
[2026-04-29 13:44:40] INFO epoch 129 it 100/1704 loss 0.0131
[2026-04-29 13:44:40] INFO epoch 129 it 120/1704 loss 0.0142
[2026-04-29 13:44:40] INFO epoch 129 it 140/1704 loss 0.0145
[2026-04-29 13:44:41] INFO epoch 129 it 160/1704 loss 0.0132
[2026-04-29 13:44:41] INFO epoch 129 it 180/1704 loss 0.0138
[2026-04-29 13:44:41] INFO epoch 129 it 200/1704 loss 0.0140
[2026-04-29 13:44:41] INFO epoch 129 it 220/1704 loss 0.0139
[2026-04-29 13:44:41] INFO epoch 129 it 240/1704 loss 0.0139
[2026-04-29 13:44:42] INFO epoch 129 it 260/1704 loss 0.0148
[2026-04-29 13:44:42] INFO epoch 129 it 280/1704 loss 0.0138
[2026-04-29 13:44:42] INFO epoch 129 it 300/1704 loss 0.0146
[2026-04-29 13:44:42] INFO epoch 129 it 320/1704 loss 0.0135
[2026-04-29 13:44:43] INFO epoch 129 it 340/1704 loss 0.0133
[2026-04-29 13:44:43] INFO epoch 129 it 360/1704 loss 0.0135
[2026-04-29 13:44:43] INFO epoch 129 it 380/1704 loss 0.0130
[2026-04-29 13:44:43] INFO epoch 129 it 400/1704 loss 0.0139
[2026-04-29 13:44:44] INFO epoch 129 it 420/1704 loss 0.0134
[2026-04-29 13:44:44] INFO epoch 129 it 440/1704 loss 0.0134
[2026-04-29 13:44:44] INFO epoch 129 it 460/1704 loss 0.0139
[2026-04-29 13:44:44] INFO epoch 129 it 480/1704 loss 0.0143
[2026-04-29 13:44:44] INFO epoch 129 it 500/1704 loss 0.0142
[2026-04-29 13:44:45] INFO epoch 129 it 520/1704 loss 0.0141
[2026-04-29 13:44:45] INFO epoch 129 it 540/1704 loss 0.0135
[2026-04-29 13:44:45] INFO epoch 129 it 560/1704 loss 0.0141
[2026-04-29 13:44:45] INFO epoch 129 it 580/1704 loss 0.0139
[2026-04-29 13:44:46] INFO epoch 129 it 600/1704 loss 0.0132
[2026-04-29 13:44:46] INFO epoch 129 it 620/1704 loss 0.0130
[2026-04-29 13:44:46] INFO epoch 129 it 640/1704 loss 0.0138
[2026-04-29 13:44:46] INFO epoch 129 it 660/1704 loss 0.0129
[2026-04-29 13:44:46] INFO epoch 129 it 680/1704 loss 0.0128
[2026-04-29 13:44:47] INFO epoch 129 it 700/1704 loss 0.0148
[2026-04-29 13:44:47] INFO epoch 129 it 720/1704 loss 0.0130
[2026-04-29 13:44:47] INFO epoch 129 it 740/1704 loss 0.0140
[2026-04-29 13:44:47] INFO epoch 129 it 760/1704 loss 0.0126
[2026-04-29 13:44:48] INFO epoch 129 it 780/1704 loss 0.0129
[2026-04-29 13:44:48] INFO epoch 129 it 800/1704 loss 0.0132
[2026-04-29 13:44:48] INFO epoch 129 it 820/1704 loss 0.0132
[2026-04-29 13:44:48] INFO epoch 129 it 840/1704 loss 0.0132
[2026-04-29 13:44:48] INFO epoch 129 it 860/1704 loss 0.0135
[2026-04-29 13:44:49] INFO epoch 129 it 880/1704 loss 0.0148
[2026-04-29 13:44:49] INFO epoch 129 it 900/1704 loss 0.0136
[2026-04-29 13:44:49] INFO epoch 129 it 920/1704 loss 0.0135
[2026-04-29 13:44:49] INFO epoch 129 it 940/1704 loss 0.0135
[2026-04-29 13:44:50] INFO epoch 129 it 960/1704 loss 0.0143
[2026-04-29 13:44:50] INFO epoch 129 it 980/1704 loss 0.0140
[2026-04-29 13:44:50] INFO epoch 129 it 1000/1704 loss 0.0140
[2026-04-29 13:44:50] INFO epoch 129 it 1020/1704 loss 0.0125
[2026-04-29 13:44:51] INFO epoch 129 it 1040/1704 loss 0.0148
[2026-04-29 13:44:51] INFO epoch 129 it 1060/1704 loss 0.0141
[2026-04-29 13:44:51] INFO epoch 129 it 1080/1704 loss 0.0132
[2026-04-29 13:44:51] INFO epoch 129 it 1100/1704 loss 0.0142
[2026-04-29 13:44:51] INFO epoch 129 it 1120/1704 loss 0.0142
[2026-04-29 13:44:52] INFO epoch 129 it 1140/1704 loss 0.0135
[2026-04-29 13:44:52] INFO epoch 129 it 1160/1704 loss 0.0134
[2026-04-29 13:44:52] INFO epoch 129 it 1180/1704 loss 0.0140
[2026-04-29 13:44:52] INFO epoch 129 it 1200/1704 loss 0.0136
[2026-04-29 13:44:53] INFO epoch 129 it 1220/1704 loss 0.0140
[2026-04-29 13:44:53] INFO epoch 129 it 1240/1704 loss 0.0148
[2026-04-29 13:44:53] INFO epoch 129 it 1260/1704 loss 0.0133
[2026-04-29 13:44:53] INFO epoch 129 it 1280/1704 loss 0.0140
[2026-04-29 13:44:53] INFO epoch 129 it 1300/1704 loss 0.0136
[2026-04-29 13:44:54] INFO epoch 129 it 1320/1704 loss 0.0133
[2026-04-29 13:44:54] INFO epoch 129 it 1340/1704 loss 0.0138
[2026-04-29 13:44:54] INFO epoch 129 it 1360/1704 loss 0.0136
[2026-04-29 13:44:54] INFO epoch 129 it 1380/1704 loss 0.0134
[2026-04-29 13:44:55] INFO epoch 129 it 1400/1704 loss 0.0118
[2026-04-29 13:44:55] INFO epoch 129 it 1420/1704 loss 0.0136
[2026-04-29 13:44:55] INFO epoch 129 it 1440/1704 loss 0.0143
[2026-04-29 13:44:55] INFO epoch 129 it 1460/1704 loss 0.0146
[2026-04-29 13:44:55] INFO epoch 129 it 1480/1704 loss 0.0134
[2026-04-29 13:44:56] INFO epoch 129 it 1500/1704 loss 0.0130
[2026-04-29 13:44:56] INFO epoch 129 it 1520/1704 loss 0.0136
[2026-04-29 13:44:56] INFO epoch 129 it 1540/1704 loss 0.0133
[2026-04-29 13:44:56] INFO epoch 129 it 1560/1704 loss 0.0126
[2026-04-29 13:44:57] INFO epoch 129 it 1580/1704 loss 0.0137
[2026-04-29 13:44:57] INFO epoch 129 it 1600/1704 loss 0.0129
[2026-04-29 13:44:57] INFO epoch 129 it 1620/1704 loss 0.0133
[2026-04-29 13:44:57] INFO epoch 129 it 1640/1704 loss 0.0132
[2026-04-29 13:44:57] INFO epoch 129 it 1660/1704 loss 0.0142
[2026-04-29 13:44:58] INFO epoch 129 it 1680/1704 loss 0.0135
[2026-04-29 13:44:58] INFO epoch 129 it 1700/1704 loss 0.0136
[2026-04-29 13:44:59] INFO epoch 129 done in 63.9s lr=2.73e-05
[2026-04-29 13:45:38] INFO epoch 129 val MAE(HU): 26.31
[2026-04-29 13:46:22] INFO epoch 130 it 20/1704 loss 0.0137
[2026-04-29 13:46:22] INFO epoch 130 it 40/1704 loss 0.0149
[2026-04-29 13:46:22] INFO epoch 130 it 60/1704 loss 0.0138
[2026-04-29 13:46:23] INFO epoch 130 it 80/1704 loss 0.0139
[2026-04-29 13:46:23] INFO epoch 130 it 100/1704 loss 0.0137
[2026-04-29 13:46:23] INFO epoch 130 it 120/1704 loss 0.0137
[2026-04-29 13:46:23] INFO epoch 130 it 140/1704 loss 0.0137
[2026-04-29 13:46:23] INFO epoch 130 it 160/1704 loss 0.0136
[2026-04-29 13:46:24] INFO epoch 130 it 180/1704 loss 0.0144
[2026-04-29 13:46:24] INFO epoch 130 it 200/1704 loss 0.0137
[2026-04-29 13:46:24] INFO epoch 130 it 220/1704 loss 0.0128
[2026-04-29 13:46:24] INFO epoch 130 it 240/1704 loss 0.0137
[2026-04-29 13:46:25] INFO epoch 130 it 260/1704 loss 0.0135
[2026-04-29 13:46:25] INFO epoch 130 it 280/1704 loss 0.0137
[2026-04-29 13:46:25] INFO epoch 130 it 300/1704 loss 0.0134
[2026-04-29 13:46:25] INFO epoch 130 it 320/1704 loss 0.0140
[2026-04-29 13:46:25] INFO epoch 130 it 340/1704 loss 0.0142
[2026-04-29 13:46:26] INFO epoch 130 it 360/1704 loss 0.0132
[2026-04-29 13:46:26] INFO epoch 130 it 380/1704 loss 0.0133
[2026-04-29 13:46:26] INFO epoch 130 it 400/1704 loss 0.0131
[2026-04-29 13:46:26] INFO epoch 130 it 420/1704 loss 0.0134
[2026-04-29 13:46:27] INFO epoch 130 it 440/1704 loss 0.0141
[2026-04-29 13:46:27] INFO epoch 130 it 460/1704 loss 0.0137
[2026-04-29 13:46:27] INFO epoch 130 it 480/1704 loss 0.0130
[2026-04-29 13:46:27] INFO epoch 130 it 500/1704 loss 0.0135
[2026-04-29 13:46:27] INFO epoch 130 it 520/1704 loss 0.0147
[2026-04-29 13:46:28] INFO epoch 130 it 540/1704 loss 0.0131
[2026-04-29 13:46:28] INFO epoch 130 it 560/1704 loss 0.0131
[2026-04-29 13:46:28] INFO epoch 130 it 580/1704 loss 0.0137
[2026-04-29 13:46:28] INFO epoch 130 it 600/1704 loss 0.0144
[2026-04-29 13:46:29] INFO epoch 130 it 620/1704 loss 0.0146
[2026-04-29 13:46:29] INFO epoch 130 it 640/1704 loss 0.0135
[2026-04-29 13:46:29] INFO epoch 130 it 660/1704 loss 0.0126
[2026-04-29 13:46:29] INFO epoch 130 it 680/1704 loss 0.0135
[2026-04-29 13:46:30] INFO epoch 130 it 700/1704 loss 0.0129
[2026-04-29 13:46:30] INFO epoch 130 it 720/1704 loss 0.0136
[2026-04-29 13:46:30] INFO epoch 130 it 740/1704 loss 0.0143
[2026-04-29 13:46:30] INFO epoch 130 it 760/1704 loss 0.0143
[2026-04-29 13:46:30] INFO epoch 130 it 780/1704 loss 0.0137
[2026-04-29 13:46:31] INFO epoch 130 it 800/1704 loss 0.0136
[2026-04-29 13:46:31] INFO epoch 130 it 820/1704 loss 0.0131
[2026-04-29 13:46:31] INFO epoch 130 it 840/1704 loss 0.0142
[2026-04-29 13:46:31] INFO epoch 130 it 860/1704 loss 0.0137
[2026-04-29 13:46:32] INFO epoch 130 it 880/1704 loss 0.0137
[2026-04-29 13:46:32] INFO epoch 130 it 900/1704 loss 0.0143
[2026-04-29 13:46:32] INFO epoch 130 it 920/1704 loss 0.0140
[2026-04-29 13:46:32] INFO epoch 130 it 940/1704 loss 0.0138
[2026-04-29 13:46:32] INFO epoch 130 it 960/1704 loss 0.0129
[2026-04-29 13:46:33] INFO epoch 130 it 980/1704 loss 0.0134
[2026-04-29 13:46:33] INFO epoch 130 it 1000/1704 loss 0.0129
[2026-04-29 13:46:33] INFO epoch 130 it 1020/1704 loss 0.0129
[2026-04-29 13:46:33] INFO epoch 130 it 1040/1704 loss 0.0137
[2026-04-29 13:46:34] INFO epoch 130 it 1060/1704 loss 0.0139
[2026-04-29 13:46:34] INFO epoch 130 it 1080/1704 loss 0.0140
[2026-04-29 13:46:34] INFO epoch 130 it 1100/1704 loss 0.0140
[2026-04-29 13:46:34] INFO epoch 130 it 1120/1704 loss 0.0132
[2026-04-29 13:46:35] INFO epoch 130 it 1140/1704 loss 0.0129
[2026-04-29 13:46:35] INFO epoch 130 it 1160/1704 loss 0.0131
[2026-04-29 13:46:35] INFO epoch 130 it 1180/1704 loss 0.0142
[2026-04-29 13:46:35] INFO epoch 130 it 1200/1704 loss 0.0138
[2026-04-29 13:46:35] INFO epoch 130 it 1220/1704 loss 0.0148
[2026-04-29 13:46:36] INFO epoch 130 it 1240/1704 loss 0.0135
[2026-04-29 13:46:36] INFO epoch 130 it 1260/1704 loss 0.0139
[2026-04-29 13:46:36] INFO epoch 130 it 1280/1704 loss 0.0141
[2026-04-29 13:46:36] INFO epoch 130 it 1300/1704 loss 0.0127
[2026-04-29 13:46:37] INFO epoch 130 it 1320/1704 loss 0.0141
[2026-04-29 13:46:37] INFO epoch 130 it 1340/1704 loss 0.0134
[2026-04-29 13:46:37] INFO epoch 130 it 1360/1704 loss 0.0143
[2026-04-29 13:46:37] INFO epoch 130 it 1380/1704 loss 0.0137
[2026-04-29 13:46:37] INFO epoch 130 it 1400/1704 loss 0.0134
[2026-04-29 13:46:38] INFO epoch 130 it 1420/1704 loss 0.0135
[2026-04-29 13:46:38] INFO epoch 130 it 1440/1704 loss 0.0129
[2026-04-29 13:46:38] INFO epoch 130 it 1460/1704 loss 0.0125
[2026-04-29 13:46:38] INFO epoch 130 it 1480/1704 loss 0.0136
[2026-04-29 13:46:39] INFO epoch 130 it 1500/1704 loss 0.0132
[2026-04-29 13:46:39] INFO epoch 130 it 1520/1704 loss 0.0134
[2026-04-29 13:46:39] INFO epoch 130 it 1540/1704 loss 0.0145
[2026-04-29 13:46:39] INFO epoch 130 it 1560/1704 loss 0.0143
[2026-04-29 13:46:39] INFO epoch 130 it 1580/1704 loss 0.0126
[2026-04-29 13:46:40] INFO epoch 130 it 1600/1704 loss 0.0138
[2026-04-29 13:46:40] INFO epoch 130 it 1620/1704 loss 0.0131
[2026-04-29 13:46:40] INFO epoch 130 it 1640/1704 loss 0.0134
[2026-04-29 13:46:40] INFO epoch 130 it 1660/1704 loss 0.0135
[2026-04-29 13:46:41] INFO epoch 130 it 1680/1704 loss 0.0135
[2026-04-29 13:46:41] INFO epoch 130 it 1700/1704 loss 0.0131
[2026-04-29 13:46:42] INFO epoch 130 done in 63.8s lr=2.66e-05
[2026-04-29 13:47:21] INFO epoch 130 val MAE(HU): 26.37
[2026-04-29 13:48:04] INFO epoch 131 it 20/1704 loss 0.0125
[2026-04-29 13:48:04] INFO epoch 131 it 40/1704 loss 0.0134
[2026-04-29 13:48:04] INFO epoch 131 it 60/1704 loss 0.0129
[2026-04-29 13:48:04] INFO epoch 131 it 80/1704 loss 0.0132
[2026-04-29 13:48:05] INFO epoch 131 it 100/1704 loss 0.0137
[2026-04-29 13:48:05] INFO epoch 131 it 120/1704 loss 0.0133
[2026-04-29 13:48:05] INFO epoch 131 it 140/1704 loss 0.0138
[2026-04-29 13:48:05] INFO epoch 131 it 160/1704 loss 0.0134
[2026-04-29 13:48:05] INFO epoch 131 it 180/1704 loss 0.0141
[2026-04-29 13:48:06] INFO epoch 131 it 200/1704 loss 0.0130
[2026-04-29 13:48:06] INFO epoch 131 it 220/1704 loss 0.0141
[2026-04-29 13:48:06] INFO epoch 131 it 240/1704 loss 0.0136
[2026-04-29 13:48:06] INFO epoch 131 it 260/1704 loss 0.0131
[2026-04-29 13:48:07] INFO epoch 131 it 280/1704 loss 0.0134
[2026-04-29 13:48:07] INFO epoch 131 it 300/1704 loss 0.0131
[2026-04-29 13:48:07] INFO epoch 131 it 320/1704 loss 0.0131
[2026-04-29 13:48:07] INFO epoch 131 it 340/1704 loss 0.0135
[2026-04-29 13:48:07] INFO epoch 131 it 360/1704 loss 0.0137
[2026-04-29 13:48:08] INFO epoch 131 it 380/1704 loss 0.0138
[2026-04-29 13:48:08] INFO epoch 131 it 400/1704 loss 0.0141
[2026-04-29 13:48:08] INFO epoch 131 it 420/1704 loss 0.0137
[2026-04-29 13:48:08] INFO epoch 131 it 440/1704 loss 0.0143
[2026-04-29 13:48:09] INFO epoch 131 it 460/1704 loss 0.0131
[2026-04-29 13:48:09] INFO epoch 131 it 480/1704 loss 0.0133
[2026-04-29 13:48:09] INFO epoch 131 it 500/1704 loss 0.0140
[2026-04-29 13:48:09] INFO epoch 131 it 520/1704 loss 0.0137
[2026-04-29 13:48:09] INFO epoch 131 it 540/1704 loss 0.0128
[2026-04-29 13:48:10] INFO epoch 131 it 560/1704 loss 0.0134
[2026-04-29 13:48:10] INFO epoch 131 it 580/1704 loss 0.0131
[2026-04-29 13:48:10] INFO epoch 131 it 600/1704 loss 0.0129
[2026-04-29 13:48:10] INFO epoch 131 it 620/1704 loss 0.0135
[2026-04-29 13:48:11] INFO epoch 131 it 640/1704 loss 0.0141
[2026-04-29 13:48:11] INFO epoch 131 it 660/1704 loss 0.0140
[2026-04-29 13:48:11] INFO epoch 131 it 680/1704 loss 0.0133
[2026-04-29 13:48:11] INFO epoch 131 it 700/1704 loss 0.0139
[2026-04-29 13:48:11] INFO epoch 131 it 720/1704 loss 0.0136
[2026-04-29 13:48:12] INFO epoch 131 it 740/1704 loss 0.0138
[2026-04-29 13:48:12] INFO epoch 131 it 760/1704 loss 0.0132
[2026-04-29 13:48:12] INFO epoch 131 it 780/1704 loss 0.0136
[2026-04-29 13:48:12] INFO epoch 131 it 800/1704 loss 0.0137
[2026-04-29 13:48:13] INFO epoch 131 it 820/1704 loss 0.0144
[2026-04-29 13:48:13] INFO epoch 131 it 840/1704 loss 0.0138
[2026-04-29 13:48:13] INFO epoch 131 it 860/1704 loss 0.0138
[2026-04-29 13:48:13] INFO epoch 131 it 880/1704 loss 0.0126
[2026-04-29 13:48:13] INFO epoch 131 it 900/1704 loss 0.0136
[2026-04-29 13:48:14] INFO epoch 131 it 920/1704 loss 0.0144
[2026-04-29 13:48:14] INFO epoch 131 it 940/1704 loss 0.0135
[2026-04-29 13:48:14] INFO epoch 131 it 960/1704 loss 0.0132
[2026-04-29 13:48:14] INFO epoch 131 it 980/1704 loss 0.0140
[2026-04-29 13:48:15] INFO epoch 131 it 1000/1704 loss 0.0143
[2026-04-29 13:48:15] INFO epoch 131 it 1020/1704 loss 0.0128
[2026-04-29 13:48:15] INFO epoch 131 it 1040/1704 loss 0.0135
[2026-04-29 13:48:15] INFO epoch 131 it 1060/1704 loss 0.0132
[2026-04-29 13:48:16] INFO epoch 131 it 1080/1704 loss 0.0142
[2026-04-29 13:48:16] INFO epoch 131 it 1100/1704 loss 0.0135
[2026-04-29 13:48:16] INFO epoch 131 it 1120/1704 loss 0.0136
[2026-04-29 13:48:16] INFO epoch 131 it 1140/1704 loss 0.0142
[2026-04-29 13:48:16] INFO epoch 131 it 1160/1704 loss 0.0139
[2026-04-29 13:48:17] INFO epoch 131 it 1180/1704 loss 0.0140
[2026-04-29 13:48:17] INFO epoch 131 it 1200/1704 loss 0.0132
[2026-04-29 13:48:17] INFO epoch 131 it 1220/1704 loss 0.0135
[2026-04-29 13:48:17] INFO epoch 131 it 1240/1704 loss 0.0138
[2026-04-29 13:48:18] INFO epoch 131 it 1260/1704 loss 0.0131
[2026-04-29 13:48:18] INFO epoch 131 it 1280/1704 loss 0.0139
[2026-04-29 13:48:18] INFO epoch 131 it 1300/1704 loss 0.0139
[2026-04-29 13:48:18] INFO epoch 131 it 1320/1704 loss 0.0139
[2026-04-29 13:48:18] INFO epoch 131 it 1340/1704 loss 0.0139
[2026-04-29 13:48:19] INFO epoch 131 it 1360/1704 loss 0.0136
[2026-04-29 13:48:19] INFO epoch 131 it 1380/1704 loss 0.0138
[2026-04-29 13:48:19] INFO epoch 131 it 1400/1704 loss 0.0137
[2026-04-29 13:48:19] INFO epoch 131 it 1420/1704 loss 0.0141
[2026-04-29 13:48:20] INFO epoch 131 it 1440/1704 loss 0.0136
[2026-04-29 13:48:20] INFO epoch 131 it 1460/1704 loss 0.0139
[2026-04-29 13:48:20] INFO epoch 131 it 1480/1704 loss 0.0131
[2026-04-29 13:48:20] INFO epoch 131 it 1500/1704 loss 0.0138
[2026-04-29 13:48:20] INFO epoch 131 it 1520/1704 loss 0.0141
[2026-04-29 13:48:21] INFO epoch 131 it 1540/1704 loss 0.0136
[2026-04-29 13:48:21] INFO epoch 131 it 1560/1704 loss 0.0138
[2026-04-29 13:48:21] INFO epoch 131 it 1580/1704 loss 0.0129
[2026-04-29 13:48:21] INFO epoch 131 it 1600/1704 loss 0.0126
[2026-04-29 13:48:22] INFO epoch 131 it 1620/1704 loss 0.0139
[2026-04-29 13:48:22] INFO epoch 131 it 1640/1704 loss 0.0139
[2026-04-29 13:48:22] INFO epoch 131 it 1660/1704 loss 0.0136
[2026-04-29 13:48:22] INFO epoch 131 it 1680/1704 loss 0.0138
[2026-04-29 13:48:22] INFO epoch 131 it 1700/1704 loss 0.0133
[2026-04-29 13:48:24] INFO epoch 131 done in 62.5s lr=2.59e-05
[2026-04-29 13:49:01] INFO epoch 131 val MAE(HU): 26.34
[2026-04-29 13:49:43] INFO epoch 132 it 20/1704 loss 0.0136
[2026-04-29 13:49:44] INFO epoch 132 it 40/1704 loss 0.0133
[2026-04-29 13:49:44] INFO epoch 132 it 60/1704 loss 0.0135
[2026-04-29 13:49:44] INFO epoch 132 it 80/1704 loss 0.0140
[2026-04-29 13:49:44] INFO epoch 132 it 100/1704 loss 0.0130
[2026-04-29 13:49:45] INFO epoch 132 it 120/1704 loss 0.0138
[2026-04-29 13:49:45] INFO epoch 132 it 140/1704 loss 0.0136
[2026-04-29 13:49:45] INFO epoch 132 it 160/1704 loss 0.0134
[2026-04-29 13:49:45] INFO epoch 132 it 180/1704 loss 0.0133
[2026-04-29 13:49:45] INFO epoch 132 it 200/1704 loss 0.0144
[2026-04-29 13:49:46] INFO epoch 132 it 220/1704 loss 0.0131
[2026-04-29 13:49:46] INFO epoch 132 it 240/1704 loss 0.0132
[2026-04-29 13:49:46] INFO epoch 132 it 260/1704 loss 0.0134
[2026-04-29 13:49:46] INFO epoch 132 it 280/1704 loss 0.0130
[2026-04-29 13:49:47] INFO epoch 132 it 300/1704 loss 0.0135
[2026-04-29 13:49:47] INFO epoch 132 it 320/1704 loss 0.0135
[2026-04-29 13:49:47] INFO epoch 132 it 340/1704 loss 0.0144
[2026-04-29 13:49:47] INFO epoch 132 it 360/1704 loss 0.0135
[2026-04-29 13:49:48] INFO epoch 132 it 380/1704 loss 0.0134
[2026-04-29 13:49:48] INFO epoch 132 it 400/1704 loss 0.0137
[2026-04-29 13:49:48] INFO epoch 132 it 420/1704 loss 0.0135
[2026-04-29 13:49:48] INFO epoch 132 it 440/1704 loss 0.0140
[2026-04-29 13:49:48] INFO epoch 132 it 460/1704 loss 0.0136
[2026-04-29 13:49:49] INFO epoch 132 it 480/1704 loss 0.0140
[2026-04-29 13:49:49] INFO epoch 132 it 500/1704 loss 0.0132
[2026-04-29 13:49:49] INFO epoch 132 it 520/1704 loss 0.0135
[2026-04-29 13:49:49] INFO epoch 132 it 540/1704 loss 0.0143
[2026-04-29 13:49:50] INFO epoch 132 it 560/1704 loss 0.0132
[2026-04-29 13:49:50] INFO epoch 132 it 580/1704 loss 0.0139
[2026-04-29 13:49:50] INFO epoch 132 it 600/1704 loss 0.0135
[2026-04-29 13:49:50] INFO epoch 132 it 620/1704 loss 0.0131
[2026-04-29 13:49:50] INFO epoch 132 it 640/1704 loss 0.0133
[2026-04-29 13:49:51] INFO epoch 132 it 660/1704 loss 0.0132
[2026-04-29 13:49:51] INFO epoch 132 it 680/1704 loss 0.0142
[2026-04-29 13:49:51] INFO epoch 132 it 700/1704 loss 0.0132
[2026-04-29 13:49:51] INFO epoch 132 it 720/1704 loss 0.0131
[2026-04-29 13:49:52] INFO epoch 132 it 740/1704 loss 0.0133
[2026-04-29 13:49:52] INFO epoch 132 it 760/1704 loss 0.0128
[2026-04-29 13:49:52] INFO epoch 132 it 780/1704 loss 0.0131
[2026-04-29 13:49:52] INFO epoch 132 it 800/1704 loss 0.0138
[2026-04-29 13:49:53] INFO epoch 132 it 820/1704 loss 0.0136
[2026-04-29 13:49:53] INFO epoch 132 it 840/1704 loss 0.0141
[2026-04-29 13:49:53] INFO epoch 132 it 860/1704 loss 0.0135
[2026-04-29 13:49:53] INFO epoch 132 it 880/1704 loss 0.0136
[2026-04-29 13:49:53] INFO epoch 132 it 900/1704 loss 0.0135
[2026-04-29 13:49:54] INFO epoch 132 it 920/1704 loss 0.0135
[2026-04-29 13:49:54] INFO epoch 132 it 940/1704 loss 0.0132
[2026-04-29 13:49:54] INFO epoch 132 it 960/1704 loss 0.0132
[2026-04-29 13:49:54] INFO epoch 132 it 980/1704 loss 0.0128
[2026-04-29 13:49:55] INFO epoch 132 it 1000/1704 loss 0.0132
[2026-04-29 13:49:55] INFO epoch 132 it 1020/1704 loss 0.0142
[2026-04-29 13:49:55] INFO epoch 132 it 1040/1704 loss 0.0136
[2026-04-29 13:49:55] INFO epoch 132 it 1060/1704 loss 0.0138
[2026-04-29 13:49:55] INFO epoch 132 it 1080/1704 loss 0.0132
[2026-04-29 13:49:56] INFO epoch 132 it 1100/1704 loss 0.0133
[2026-04-29 13:49:56] INFO epoch 132 it 1120/1704 loss 0.0135
[2026-04-29 13:49:56] INFO epoch 132 it 1140/1704 loss 0.0142
[2026-04-29 13:49:56] INFO epoch 132 it 1160/1704 loss 0.0136
[2026-04-29 13:49:57] INFO epoch 132 it 1180/1704 loss 0.0139
[2026-04-29 13:49:57] INFO epoch 132 it 1200/1704 loss 0.0145
[2026-04-29 13:49:57] INFO epoch 132 it 1220/1704 loss 0.0133
[2026-04-29 13:49:57] INFO epoch 132 it 1240/1704 loss 0.0142
[2026-04-29 13:49:57] INFO epoch 132 it 1260/1704 loss 0.0132
[2026-04-29 13:49:58] INFO epoch 132 it 1280/1704 loss 0.0134
[2026-04-29 13:49:58] INFO epoch 132 it 1300/1704 loss 0.0134
[2026-04-29 13:49:58] INFO epoch 132 it 1320/1704 loss 0.0126
[2026-04-29 13:49:58] INFO epoch 132 it 1340/1704 loss 0.0136
[2026-04-29 13:49:59] INFO epoch 132 it 1360/1704 loss 0.0138
[2026-04-29 13:49:59] INFO epoch 132 it 1380/1704 loss 0.0140
[2026-04-29 13:49:59] INFO epoch 132 it 1400/1704 loss 0.0134
[2026-04-29 13:49:59] INFO epoch 132 it 1420/1704 loss 0.0133
[2026-04-29 13:49:59] INFO epoch 132 it 1440/1704 loss 0.0137
[2026-04-29 13:50:00] INFO epoch 132 it 1460/1704 loss 0.0132
[2026-04-29 13:50:00] INFO epoch 132 it 1480/1704 loss 0.0141
[2026-04-29 13:50:00] INFO epoch 132 it 1500/1704 loss 0.0128
[2026-04-29 13:50:00] INFO epoch 132 it 1520/1704 loss 0.0139
[2026-04-29 13:50:01] INFO epoch 132 it 1540/1704 loss 0.0139
[2026-04-29 13:50:01] INFO epoch 132 it 1560/1704 loss 0.0135
[2026-04-29 13:50:01] INFO epoch 132 it 1580/1704 loss 0.0139
[2026-04-29 13:50:01] INFO epoch 132 it 1600/1704 loss 0.0131
[2026-04-29 13:50:02] INFO epoch 132 it 1620/1704 loss 0.0132
[2026-04-29 13:50:02] INFO epoch 132 it 1640/1704 loss 0.0128
[2026-04-29 13:50:02] INFO epoch 132 it 1660/1704 loss 0.0141
[2026-04-29 13:50:02] INFO epoch 132 it 1680/1704 loss 0.0137
[2026-04-29 13:50:02] INFO epoch 132 it 1700/1704 loss 0.0138
[2026-04-29 13:50:04] INFO epoch 132 done in 62.3s lr=2.52e-05
[2026-04-29 13:50:42] INFO epoch 132 val MAE(HU): 26.17
[2026-04-29 13:51:23] INFO epoch 133 it 20/1704 loss 0.0128
[2026-04-29 13:51:24] INFO epoch 133 it 40/1704 loss 0.0137
[2026-04-29 13:51:24] INFO epoch 133 it 60/1704 loss 0.0127
[2026-04-29 13:51:24] INFO epoch 133 it 80/1704 loss 0.0135
[2026-04-29 13:51:24] INFO epoch 133 it 100/1704 loss 0.0127
[2026-04-29 13:51:24] INFO epoch 133 it 120/1704 loss 0.0137
[2026-04-29 13:51:25] INFO epoch 133 it 140/1704 loss 0.0140
[2026-04-29 13:51:25] INFO epoch 133 it 160/1704 loss 0.0139
[2026-04-29 13:51:25] INFO epoch 133 it 180/1704 loss 0.0137
[2026-04-29 13:51:25] INFO epoch 133 it 200/1704 loss 0.0145
[2026-04-29 13:51:26] INFO epoch 133 it 220/1704 loss 0.0141
[2026-04-29 13:51:26] INFO epoch 133 it 240/1704 loss 0.0124
[2026-04-29 13:51:26] INFO epoch 133 it 260/1704 loss 0.0130
[2026-04-29 13:51:26] INFO epoch 133 it 280/1704 loss 0.0145
[2026-04-29 13:51:27] INFO epoch 133 it 300/1704 loss 0.0134
[2026-04-29 13:51:27] INFO epoch 133 it 320/1704 loss 0.0144
[2026-04-29 13:51:27] INFO epoch 133 it 340/1704 loss 0.0135
[2026-04-29 13:51:27] INFO epoch 133 it 360/1704 loss 0.0131
[2026-04-29 13:51:27] INFO epoch 133 it 380/1704 loss 0.0143
[2026-04-29 13:51:28] INFO epoch 133 it 400/1704 loss 0.0134
[2026-04-29 13:51:28] INFO epoch 133 it 420/1704 loss 0.0137
[2026-04-29 13:51:28] INFO epoch 133 it 440/1704 loss 0.0132
[2026-04-29 13:51:28] INFO epoch 133 it 460/1704 loss 0.0135
[2026-04-29 13:51:29] INFO epoch 133 it 480/1704 loss 0.0128
[2026-04-29 13:51:29] INFO epoch 133 it 500/1704 loss 0.0136
[2026-04-29 13:51:29] INFO epoch 133 it 520/1704 loss 0.0124
[2026-04-29 13:51:29] INFO epoch 133 it 540/1704 loss 0.0131
[2026-04-29 13:51:29] INFO epoch 133 it 560/1704 loss 0.0138
[2026-04-29 13:51:30] INFO epoch 133 it 580/1704 loss 0.0137
[2026-04-29 13:51:30] INFO epoch 133 it 600/1704 loss 0.0133
[2026-04-29 13:51:30] INFO epoch 133 it 620/1704 loss 0.0138
[2026-04-29 13:51:30] INFO epoch 133 it 640/1704 loss 0.0135
[2026-04-29 13:51:31] INFO epoch 133 it 660/1704 loss 0.0129
[2026-04-29 13:51:31] INFO epoch 133 it 680/1704 loss 0.0135
[2026-04-29 13:51:31] INFO epoch 133 it 700/1704 loss 0.0138
[2026-04-29 13:51:31] INFO epoch 133 it 720/1704 loss 0.0128
[2026-04-29 13:51:31] INFO epoch 133 it 740/1704 loss 0.0131
[2026-04-29 13:51:32] INFO epoch 133 it 760/1704 loss 0.0135
[2026-04-29 13:51:32] INFO epoch 133 it 780/1704 loss 0.0135
[2026-04-29 13:51:32] INFO epoch 133 it 800/1704 loss 0.0138
[2026-04-29 13:51:32] INFO epoch 133 it 820/1704 loss 0.0135
[2026-04-29 13:51:33] INFO epoch 133 it 840/1704 loss 0.0137
[2026-04-29 13:51:33] INFO epoch 133 it 860/1704 loss 0.0135
[2026-04-29 13:51:33] INFO epoch 133 it 880/1704 loss 0.0132
[2026-04-29 13:51:33] INFO epoch 133 it 900/1704 loss 0.0126
[2026-04-29 13:51:33] INFO epoch 133 it 920/1704 loss 0.0134
[2026-04-29 13:51:34] INFO epoch 133 it 940/1704 loss 0.0134
[2026-04-29 13:51:34] INFO epoch 133 it 960/1704 loss 0.0132
[2026-04-29 13:51:34] INFO epoch 133 it 980/1704 loss 0.0136
[2026-04-29 13:51:34] INFO epoch 133 it 1000/1704 loss 0.0137
[2026-04-29 13:51:35] INFO epoch 133 it 1020/1704 loss 0.0134
[2026-04-29 13:51:35] INFO epoch 133 it 1040/1704 loss 0.0123
[2026-04-29 13:51:35] INFO epoch 133 it 1060/1704 loss 0.0143
[2026-04-29 13:51:35] INFO epoch 133 it 1080/1704 loss 0.0128
[2026-04-29 13:51:35] INFO epoch 133 it 1100/1704 loss 0.0132
[2026-04-29 13:51:36] INFO epoch 133 it 1120/1704 loss 0.0137
[2026-04-29 13:51:36] INFO epoch 133 it 1140/1704 loss 0.0138
[2026-04-29 13:51:36] INFO epoch 133 it 1160/1704 loss 0.0140
[2026-04-29 13:51:36] INFO epoch 133 it 1180/1704 loss 0.0139
[2026-04-29 13:51:37] INFO epoch 133 it 1200/1704 loss 0.0137
[2026-04-29 13:51:37] INFO epoch 133 it 1220/1704 loss 0.0140
[2026-04-29 13:51:37] INFO epoch 133 it 1240/1704 loss 0.0134
[2026-04-29 13:51:37] INFO epoch 133 it 1260/1704 loss 0.0137
[2026-04-29 13:51:37] INFO epoch 133 it 1280/1704 loss 0.0128
[2026-04-29 13:51:38] INFO epoch 133 it 1300/1704 loss 0.0132
[2026-04-29 13:51:38] INFO epoch 133 it 1320/1704 loss 0.0142
[2026-04-29 13:51:38] INFO epoch 133 it 1340/1704 loss 0.0138
[2026-04-29 13:51:38] INFO epoch 133 it 1360/1704 loss 0.0135
[2026-04-29 13:51:39] INFO epoch 133 it 1380/1704 loss 0.0135
[2026-04-29 13:51:39] INFO epoch 133 it 1400/1704 loss 0.0136
[2026-04-29 13:51:39] INFO epoch 133 it 1420/1704 loss 0.0133
[2026-04-29 13:51:39] INFO epoch 133 it 1440/1704 loss 0.0122
[2026-04-29 13:51:39] INFO epoch 133 it 1460/1704 loss 0.0135
[2026-04-29 13:51:40] INFO epoch 133 it 1480/1704 loss 0.0137
[2026-04-29 13:51:40] INFO epoch 133 it 1500/1704 loss 0.0142
[2026-04-29 13:51:40] INFO epoch 133 it 1520/1704 loss 0.0141
[2026-04-29 13:51:40] INFO epoch 133 it 1540/1704 loss 0.0142
[2026-04-29 13:51:41] INFO epoch 133 it 1560/1704 loss 0.0144
[2026-04-29 13:51:41] INFO epoch 133 it 1580/1704 loss 0.0131
[2026-04-29 13:51:41] INFO epoch 133 it 1600/1704 loss 0.0133
[2026-04-29 13:51:41] INFO epoch 133 it 1620/1704 loss 0.0141
[2026-04-29 13:51:41] INFO epoch 133 it 1640/1704 loss 0.0136
[2026-04-29 13:51:42] INFO epoch 133 it 1660/1704 loss 0.0137
[2026-04-29 13:51:42] INFO epoch 133 it 1680/1704 loss 0.0137
[2026-04-29 13:51:42] INFO epoch 133 it 1700/1704 loss 0.0128
[2026-04-29 13:51:43] INFO epoch 133 done in 61.9s lr=2.45e-05
[2026-04-29 13:52:21] INFO epoch 133 val MAE(HU): 26.25
[2026-04-29 13:53:03] INFO epoch 134 it 20/1704 loss 0.0132
[2026-04-29 13:53:03] INFO epoch 134 it 40/1704 loss 0.0130
[2026-04-29 13:53:03] INFO epoch 134 it 60/1704 loss 0.0131
[2026-04-29 13:53:04] INFO epoch 134 it 80/1704 loss 0.0132
[2026-04-29 13:53:04] INFO epoch 134 it 100/1704 loss 0.0127
[2026-04-29 13:53:04] INFO epoch 134 it 120/1704 loss 0.0130
[2026-04-29 13:53:04] INFO epoch 134 it 140/1704 loss 0.0139
[2026-04-29 13:53:04] INFO epoch 134 it 160/1704 loss 0.0135
[2026-04-29 13:53:05] INFO epoch 134 it 180/1704 loss 0.0130
[2026-04-29 13:53:05] INFO epoch 134 it 200/1704 loss 0.0133
[2026-04-29 13:53:05] INFO epoch 134 it 220/1704 loss 0.0136
[2026-04-29 13:53:05] INFO epoch 134 it 240/1704 loss 0.0144
[2026-04-29 13:53:06] INFO epoch 134 it 260/1704 loss 0.0137
[2026-04-29 13:53:06] INFO epoch 134 it 280/1704 loss 0.0132
[2026-04-29 13:53:06] INFO epoch 134 it 300/1704 loss 0.0129
[2026-04-29 13:53:06] INFO epoch 134 it 320/1704 loss 0.0129
[2026-04-29 13:53:06] INFO epoch 134 it 340/1704 loss 0.0131
[2026-04-29 13:53:07] INFO epoch 134 it 360/1704 loss 0.0137
[2026-04-29 13:53:07] INFO epoch 134 it 380/1704 loss 0.0133
[2026-04-29 13:53:07] INFO epoch 134 it 400/1704 loss 0.0134
[2026-04-29 13:53:07] INFO epoch 134 it 420/1704 loss 0.0132
[2026-04-29 13:53:08] INFO epoch 134 it 440/1704 loss 0.0133
[2026-04-29 13:53:08] INFO epoch 134 it 460/1704 loss 0.0137
[2026-04-29 13:53:08] INFO epoch 134 it 480/1704 loss 0.0135
[2026-04-29 13:53:08] INFO epoch 134 it 500/1704 loss 0.0139
[2026-04-29 13:53:08] INFO epoch 134 it 520/1704 loss 0.0137
[2026-04-29 13:53:09] INFO epoch 134 it 540/1704 loss 0.0137
[2026-04-29 13:53:09] INFO epoch 134 it 560/1704 loss 0.0140
[2026-04-29 13:53:09] INFO epoch 134 it 580/1704 loss 0.0128
[2026-04-29 13:53:09] INFO epoch 134 it 600/1704 loss 0.0130
[2026-04-29 13:53:10] INFO epoch 134 it 620/1704 loss 0.0132
[2026-04-29 13:53:10] INFO epoch 134 it 640/1704 loss 0.0139
[2026-04-29 13:53:10] INFO epoch 134 it 660/1704 loss 0.0135
[2026-04-29 13:53:10] INFO epoch 134 it 680/1704 loss 0.0144
[2026-04-29 13:53:10] INFO epoch 134 it 700/1704 loss 0.0126
[2026-04-29 13:53:11] INFO epoch 134 it 720/1704 loss 0.0138
[2026-04-29 13:53:11] INFO epoch 134 it 740/1704 loss 0.0129
[2026-04-29 13:53:11] INFO epoch 134 it 760/1704 loss 0.0131
[2026-04-29 13:53:11] INFO epoch 134 it 780/1704 loss 0.0135
[2026-04-29 13:53:12] INFO epoch 134 it 800/1704 loss 0.0125
[2026-04-29 13:53:12] INFO epoch 134 it 820/1704 loss 0.0132
[2026-04-29 13:53:12] INFO epoch 134 it 840/1704 loss 0.0134
[2026-04-29 13:53:12] INFO epoch 134 it 860/1704 loss 0.0135
[2026-04-29 13:53:12] INFO epoch 134 it 880/1704 loss 0.0131
[2026-04-29 13:53:13] INFO epoch 134 it 900/1704 loss 0.0135
[2026-04-29 13:53:13] INFO epoch 134 it 920/1704 loss 0.0141
[2026-04-29 13:53:13] INFO epoch 134 it 940/1704 loss 0.0136
[2026-04-29 13:53:13] INFO epoch 134 it 960/1704 loss 0.0123
[2026-04-29 13:53:14] INFO epoch 134 it 980/1704 loss 0.0134
[2026-04-29 13:53:14] INFO epoch 134 it 1000/1704 loss 0.0135
[2026-04-29 13:53:14] INFO epoch 134 it 1020/1704 loss 0.0134
[2026-04-29 13:53:14] INFO epoch 134 it 1040/1704 loss 0.0130
[2026-04-29 13:53:15] INFO epoch 134 it 1060/1704 loss 0.0142
[2026-04-29 13:53:15] INFO epoch 134 it 1080/1704 loss 0.0141
[2026-04-29 13:53:15] INFO epoch 134 it 1100/1704 loss 0.0136
[2026-04-29 13:53:15] INFO epoch 134 it 1120/1704 loss 0.0135
[2026-04-29 13:53:15] INFO epoch 134 it 1140/1704 loss 0.0131
[2026-04-29 13:53:16] INFO epoch 134 it 1160/1704 loss 0.0143
[2026-04-29 13:53:16] INFO epoch 134 it 1180/1704 loss 0.0130
[2026-04-29 13:53:16] INFO epoch 134 it 1200/1704 loss 0.0144
[2026-04-29 13:53:16] INFO epoch 134 it 1220/1704 loss 0.0132
[2026-04-29 13:53:17] INFO epoch 134 it 1240/1704 loss 0.0136
[2026-04-29 13:53:17] INFO epoch 134 it 1260/1704 loss 0.0131
[2026-04-29 13:53:17] INFO epoch 134 it 1280/1704 loss 0.0128
[2026-04-29 13:53:17] INFO epoch 134 it 1300/1704 loss 0.0139
[2026-04-29 13:53:17] INFO epoch 134 it 1320/1704 loss 0.0135
[2026-04-29 13:53:18] INFO epoch 134 it 1340/1704 loss 0.0144
[2026-04-29 13:53:18] INFO epoch 134 it 1360/1704 loss 0.0141
[2026-04-29 13:53:18] INFO epoch 134 it 1380/1704 loss 0.0135
[2026-04-29 13:53:18] INFO epoch 134 it 1400/1704 loss 0.0124
[2026-04-29 13:53:19] INFO epoch 134 it 1420/1704 loss 0.0137
[2026-04-29 13:53:19] INFO epoch 134 it 1440/1704 loss 0.0131
[2026-04-29 13:53:19] INFO epoch 134 it 1460/1704 loss 0.0140
[2026-04-29 13:53:19] INFO epoch 134 it 1480/1704 loss 0.0132
[2026-04-29 13:53:19] INFO epoch 134 it 1500/1704 loss 0.0146
[2026-04-29 13:53:20] INFO epoch 134 it 1520/1704 loss 0.0142
[2026-04-29 13:53:20] INFO epoch 134 it 1540/1704 loss 0.0135
[2026-04-29 13:53:20] INFO epoch 134 it 1560/1704 loss 0.0146
[2026-04-29 13:53:20] INFO epoch 134 it 1580/1704 loss 0.0123
[2026-04-29 13:53:21] INFO epoch 134 it 1600/1704 loss 0.0128
[2026-04-29 13:53:21] INFO epoch 134 it 1620/1704 loss 0.0132
[2026-04-29 13:53:21] INFO epoch 134 it 1640/1704 loss 0.0131
[2026-04-29 13:53:21] INFO epoch 134 it 1660/1704 loss 0.0133
[2026-04-29 13:53:21] INFO epoch 134 it 1680/1704 loss 0.0142
[2026-04-29 13:53:22] INFO epoch 134 it 1700/1704 loss 0.0132
[2026-04-29 13:53:23] INFO epoch 134 done in 62.0s lr=2.39e-05
[2026-04-29 13:54:00] INFO epoch 134 val MAE(HU): 26.18
[2026-04-29 13:54:42] INFO epoch 135 it 20/1704 loss 0.0133
[2026-04-29 13:54:43] INFO epoch 135 it 40/1704 loss 0.0129
[2026-04-29 13:54:43] INFO epoch 135 it 60/1704 loss 0.0131
[2026-04-29 13:54:43] INFO epoch 135 it 80/1704 loss 0.0128
[2026-04-29 13:54:43] INFO epoch 135 it 100/1704 loss 0.0133
[2026-04-29 13:54:43] INFO epoch 135 it 120/1704 loss 0.0136
[2026-04-29 13:54:44] INFO epoch 135 it 140/1704 loss 0.0127
[2026-04-29 13:54:44] INFO epoch 135 it 160/1704 loss 0.0140
[2026-04-29 13:54:44] INFO epoch 135 it 180/1704 loss 0.0134
[2026-04-29 13:54:44] INFO epoch 135 it 200/1704 loss 0.0131
[2026-04-29 13:54:45] INFO epoch 135 it 220/1704 loss 0.0138
[2026-04-29 13:54:45] INFO epoch 135 it 240/1704 loss 0.0129
[2026-04-29 13:54:45] INFO epoch 135 it 260/1704 loss 0.0130
[2026-04-29 13:54:45] INFO epoch 135 it 280/1704 loss 0.0140
[2026-04-29 13:54:45] INFO epoch 135 it 300/1704 loss 0.0128
[2026-04-29 13:54:46] INFO epoch 135 it 320/1704 loss 0.0138
[2026-04-29 13:54:46] INFO epoch 135 it 340/1704 loss 0.0134
[2026-04-29 13:54:46] INFO epoch 135 it 360/1704 loss 0.0132
[2026-04-29 13:54:46] INFO epoch 135 it 380/1704 loss 0.0130
[2026-04-29 13:54:47] INFO epoch 135 it 400/1704 loss 0.0134
[2026-04-29 13:54:47] INFO epoch 135 it 420/1704 loss 0.0139
[2026-04-29 13:54:47] INFO epoch 135 it 440/1704 loss 0.0135
[2026-04-29 13:54:47] INFO epoch 135 it 460/1704 loss 0.0132
[2026-04-29 13:54:47] INFO epoch 135 it 480/1704 loss 0.0132
[2026-04-29 13:54:48] INFO epoch 135 it 500/1704 loss 0.0135
[2026-04-29 13:54:48] INFO epoch 135 it 520/1704 loss 0.0135
[2026-04-29 13:54:48] INFO epoch 135 it 540/1704 loss 0.0142
[2026-04-29 13:54:48] INFO epoch 135 it 560/1704 loss 0.0149
[2026-04-29 13:54:49] INFO epoch 135 it 580/1704 loss 0.0132
[2026-04-29 13:54:49] INFO epoch 135 it 600/1704 loss 0.0130
[2026-04-29 13:54:49] INFO epoch 135 it 620/1704 loss 0.0136
[2026-04-29 13:54:49] INFO epoch 135 it 640/1704 loss 0.0134
[2026-04-29 13:54:49] INFO epoch 135 it 660/1704 loss 0.0141
[2026-04-29 13:54:50] INFO epoch 135 it 680/1704 loss 0.0135
[2026-04-29 13:54:50] INFO epoch 135 it 700/1704 loss 0.0133
[2026-04-29 13:54:50] INFO epoch 135 it 720/1704 loss 0.0132
[2026-04-29 13:54:50] INFO epoch 135 it 740/1704 loss 0.0132
[2026-04-29 13:54:51] INFO epoch 135 it 760/1704 loss 0.0133
[2026-04-29 13:54:51] INFO epoch 135 it 780/1704 loss 0.0130
[2026-04-29 13:54:51] INFO epoch 135 it 800/1704 loss 0.0133
[2026-04-29 13:54:51] INFO epoch 135 it 820/1704 loss 0.0131
[2026-04-29 13:54:52] INFO epoch 135 it 840/1704 loss 0.0135
[2026-04-29 13:54:52] INFO epoch 135 it 860/1704 loss 0.0131
[2026-04-29 13:54:52] INFO epoch 135 it 880/1704 loss 0.0127
[2026-04-29 13:54:52] INFO epoch 135 it 900/1704 loss 0.0134
[2026-04-29 13:54:52] INFO epoch 135 it 920/1704 loss 0.0140
[2026-04-29 13:54:53] INFO epoch 135 it 940/1704 loss 0.0143
[2026-04-29 13:54:53] INFO epoch 135 it 960/1704 loss 0.0132
[2026-04-29 13:54:53] INFO epoch 135 it 980/1704 loss 0.0130
[2026-04-29 13:54:53] INFO epoch 135 it 1000/1704 loss 0.0135
[2026-04-29 13:54:54] INFO epoch 135 it 1020/1704 loss 0.0139
[2026-04-29 13:54:54] INFO epoch 135 it 1040/1704 loss 0.0137
[2026-04-29 13:54:54] INFO epoch 135 it 1060/1704 loss 0.0133
[2026-04-29 13:54:54] INFO epoch 135 it 1080/1704 loss 0.0133
[2026-04-29 13:54:54] INFO epoch 135 it 1100/1704 loss 0.0134
[2026-04-29 13:54:55] INFO epoch 135 it 1120/1704 loss 0.0142
[2026-04-29 13:54:55] INFO epoch 135 it 1140/1704 loss 0.0141
[2026-04-29 13:54:55] INFO epoch 135 it 1160/1704 loss 0.0131
[2026-04-29 13:54:55] INFO epoch 135 it 1180/1704 loss 0.0124
[2026-04-29 13:54:56] INFO epoch 135 it 1200/1704 loss 0.0122
[2026-04-29 13:54:56] INFO epoch 135 it 1220/1704 loss 0.0137
[2026-04-29 13:54:56] INFO epoch 135 it 1240/1704 loss 0.0142
[2026-04-29 13:54:56] INFO epoch 135 it 1260/1704 loss 0.0131
[2026-04-29 13:54:56] INFO epoch 135 it 1280/1704 loss 0.0134
[2026-04-29 13:54:57] INFO epoch 135 it 1300/1704 loss 0.0134
[2026-04-29 13:54:57] INFO epoch 135 it 1320/1704 loss 0.0130
[2026-04-29 13:54:57] INFO epoch 135 it 1340/1704 loss 0.0137
[2026-04-29 13:54:57] INFO epoch 135 it 1360/1704 loss 0.0142
[2026-04-29 13:54:58] INFO epoch 135 it 1380/1704 loss 0.0131
[2026-04-29 13:54:58] INFO epoch 135 it 1400/1704 loss 0.0138
[2026-04-29 13:54:58] INFO epoch 135 it 1420/1704 loss 0.0139
[2026-04-29 13:54:58] INFO epoch 135 it 1440/1704 loss 0.0136
[2026-04-29 13:54:58] INFO epoch 135 it 1460/1704 loss 0.0138
[2026-04-29 13:54:59] INFO epoch 135 it 1480/1704 loss 0.0133
[2026-04-29 13:54:59] INFO epoch 135 it 1500/1704 loss 0.0137
[2026-04-29 13:54:59] INFO epoch 135 it 1520/1704 loss 0.0138
[2026-04-29 13:54:59] INFO epoch 135 it 1540/1704 loss 0.0130
[2026-04-29 13:55:00] INFO epoch 135 it 1560/1704 loss 0.0133
[2026-04-29 13:55:00] INFO epoch 135 it 1580/1704 loss 0.0136
[2026-04-29 13:55:00] INFO epoch 135 it 1600/1704 loss 0.0139
[2026-04-29 13:55:00] INFO epoch 135 it 1620/1704 loss 0.0128
[2026-04-29 13:55:00] INFO epoch 135 it 1640/1704 loss 0.0136
[2026-04-29 13:55:01] INFO epoch 135 it 1660/1704 loss 0.0127
[2026-04-29 13:55:01] INFO epoch 135 it 1680/1704 loss 0.0130
[2026-04-29 13:55:01] INFO epoch 135 it 1700/1704 loss 0.0130
[2026-04-29 13:55:03] INFO epoch 135 done in 62.1s lr=2.32e-05
[2026-04-29 13:55:40] INFO epoch 135 val MAE(HU): 26.32
[2026-04-29 13:56:22] INFO epoch 136 it 20/1704 loss 0.0135
[2026-04-29 13:56:22] INFO epoch 136 it 40/1704 loss 0.0122
[2026-04-29 13:56:22] INFO epoch 136 it 60/1704 loss 0.0139
[2026-04-29 13:56:23] INFO epoch 136 it 80/1704 loss 0.0127
[2026-04-29 13:56:23] INFO epoch 136 it 100/1704 loss 0.0142
[2026-04-29 13:56:23] INFO epoch 136 it 120/1704 loss 0.0137
[2026-04-29 13:56:23] INFO epoch 136 it 140/1704 loss 0.0126
[2026-04-29 13:56:23] INFO epoch 136 it 160/1704 loss 0.0133
[2026-04-29 13:56:24] INFO epoch 136 it 180/1704 loss 0.0138
[2026-04-29 13:56:24] INFO epoch 136 it 200/1704 loss 0.0133
[2026-04-29 13:56:24] INFO epoch 136 it 220/1704 loss 0.0136
[2026-04-29 13:56:24] INFO epoch 136 it 240/1704 loss 0.0134
[2026-04-29 13:56:25] INFO epoch 136 it 260/1704 loss 0.0121
[2026-04-29 13:56:25] INFO epoch 136 it 280/1704 loss 0.0136
[2026-04-29 13:56:25] INFO epoch 136 it 300/1704 loss 0.0132
[2026-04-29 13:56:25] INFO epoch 136 it 320/1704 loss 0.0124
[2026-04-29 13:56:25] INFO epoch 136 it 340/1704 loss 0.0134
[2026-04-29 13:56:26] INFO epoch 136 it 360/1704 loss 0.0139
[2026-04-29 13:56:26] INFO epoch 136 it 380/1704 loss 0.0128
[2026-04-29 13:56:26] INFO epoch 136 it 400/1704 loss 0.0133
[2026-04-29 13:56:26] INFO epoch 136 it 420/1704 loss 0.0144
[2026-04-29 13:56:27] INFO epoch 136 it 440/1704 loss 0.0134
[2026-04-29 13:56:27] INFO epoch 136 it 460/1704 loss 0.0128
[2026-04-29 13:56:27] INFO epoch 136 it 480/1704 loss 0.0147
[2026-04-29 13:56:27] INFO epoch 136 it 500/1704 loss 0.0134
[2026-04-29 13:56:27] INFO epoch 136 it 520/1704 loss 0.0132
[2026-04-29 13:56:28] INFO epoch 136 it 540/1704 loss 0.0129
[2026-04-29 13:56:28] INFO epoch 136 it 560/1704 loss 0.0143
[2026-04-29 13:56:28] INFO epoch 136 it 580/1704 loss 0.0139
[2026-04-29 13:56:28] INFO epoch 136 it 600/1704 loss 0.0131
[2026-04-29 13:56:29] INFO epoch 136 it 620/1704 loss 0.0133
[2026-04-29 13:56:29] INFO epoch 136 it 640/1704 loss 0.0138
[2026-04-29 13:56:29] INFO epoch 136 it 660/1704 loss 0.0134
[2026-04-29 13:56:29] INFO epoch 136 it 680/1704 loss 0.0134
[2026-04-29 13:56:30] INFO epoch 136 it 700/1704 loss 0.0138
[2026-04-29 13:56:30] INFO epoch 136 it 720/1704 loss 0.0130
[2026-04-29 13:56:30] INFO epoch 136 it 740/1704 loss 0.0133
[2026-04-29 13:56:30] INFO epoch 136 it 760/1704 loss 0.0138
[2026-04-29 13:56:30] INFO epoch 136 it 780/1704 loss 0.0126
[2026-04-29 13:56:31] INFO epoch 136 it 800/1704 loss 0.0133
[2026-04-29 13:56:31] INFO epoch 136 it 820/1704 loss 0.0136
[2026-04-29 13:56:31] INFO epoch 136 it 840/1704 loss 0.0124
[2026-04-29 13:56:31] INFO epoch 136 it 860/1704 loss 0.0125
[2026-04-29 13:56:32] INFO epoch 136 it 880/1704 loss 0.0131
[2026-04-29 13:56:32] INFO epoch 136 it 900/1704 loss 0.0132
[2026-04-29 13:56:32] INFO epoch 136 it 920/1704 loss 0.0126
[2026-04-29 13:56:32] INFO epoch 136 it 940/1704 loss 0.0135
[2026-04-29 13:56:32] INFO epoch 136 it 960/1704 loss 0.0132
[2026-04-29 13:56:33] INFO epoch 136 it 980/1704 loss 0.0126
[2026-04-29 13:56:33] INFO epoch 136 it 1000/1704 loss 0.0132
[2026-04-29 13:56:33] INFO epoch 136 it 1020/1704 loss 0.0131
[2026-04-29 13:56:33] INFO epoch 136 it 1040/1704 loss 0.0134
[2026-04-29 13:56:34] INFO epoch 136 it 1060/1704 loss 0.0137
[2026-04-29 13:56:34] INFO epoch 136 it 1080/1704 loss 0.0130
[2026-04-29 13:56:34] INFO epoch 136 it 1100/1704 loss 0.0129
[2026-04-29 13:56:34] INFO epoch 136 it 1120/1704 loss 0.0131
[2026-04-29 13:56:34] INFO epoch 136 it 1140/1704 loss 0.0130
[2026-04-29 13:56:35] INFO epoch 136 it 1160/1704 loss 0.0133
[2026-04-29 13:56:35] INFO epoch 136 it 1180/1704 loss 0.0125
[2026-04-29 13:56:35] INFO epoch 136 it 1200/1704 loss 0.0142
[2026-04-29 13:56:35] INFO epoch 136 it 1220/1704 loss 0.0127
[2026-04-29 13:56:36] INFO epoch 136 it 1240/1704 loss 0.0143
[2026-04-29 13:56:36] INFO epoch 136 it 1260/1704 loss 0.0151
[2026-04-29 13:56:36] INFO epoch 136 it 1280/1704 loss 0.0135
[2026-04-29 13:56:36] INFO epoch 136 it 1300/1704 loss 0.0133
[2026-04-29 13:56:36] INFO epoch 136 it 1320/1704 loss 0.0135
[2026-04-29 13:56:37] INFO epoch 136 it 1340/1704 loss 0.0134
[2026-04-29 13:56:37] INFO epoch 136 it 1360/1704 loss 0.0128
[2026-04-29 13:56:37] INFO epoch 136 it 1380/1704 loss 0.0144
[2026-04-29 13:56:37] INFO epoch 136 it 1400/1704 loss 0.0132
[2026-04-29 13:56:38] INFO epoch 136 it 1420/1704 loss 0.0126
[2026-04-29 13:56:38] INFO epoch 136 it 1440/1704 loss 0.0132
[2026-04-29 13:56:38] INFO epoch 136 it 1460/1704 loss 0.0136
[2026-04-29 13:56:38] INFO epoch 136 it 1480/1704 loss 0.0142
[2026-04-29 13:56:39] INFO epoch 136 it 1500/1704 loss 0.0132
[2026-04-29 13:56:39] INFO epoch 136 it 1520/1704 loss 0.0144
[2026-04-29 13:56:39] INFO epoch 136 it 1540/1704 loss 0.0141
[2026-04-29 13:56:39] INFO epoch 136 it 1560/1704 loss 0.0135
[2026-04-29 13:56:39] INFO epoch 136 it 1580/1704 loss 0.0136
[2026-04-29 13:56:40] INFO epoch 136 it 1600/1704 loss 0.0127
[2026-04-29 13:56:40] INFO epoch 136 it 1620/1704 loss 0.0136
[2026-04-29 13:56:40] INFO epoch 136 it 1640/1704 loss 0.0140
[2026-04-29 13:56:40] INFO epoch 136 it 1660/1704 loss 0.0135
[2026-04-29 13:56:41] INFO epoch 136 it 1680/1704 loss 0.0138
[2026-04-29 13:56:41] INFO epoch 136 it 1700/1704 loss 0.0132
[2026-04-29 13:56:42] INFO epoch 136 done in 61.9s lr=2.25e-05
[2026-04-29 13:57:20] INFO epoch 136 val MAE(HU): 26.17
[2026-04-29 13:58:02] INFO epoch 137 it 20/1704 loss 0.0148
[2026-04-29 13:58:02] INFO epoch 137 it 40/1704 loss 0.0137
[2026-04-29 13:58:02] INFO epoch 137 it 60/1704 loss 0.0129
[2026-04-29 13:58:02] INFO epoch 137 it 80/1704 loss 0.0130
[2026-04-29 13:58:03] INFO epoch 137 it 100/1704 loss 0.0130
[2026-04-29 13:58:03] INFO epoch 137 it 120/1704 loss 0.0145
[2026-04-29 13:58:03] INFO epoch 137 it 140/1704 loss 0.0128
[2026-04-29 13:58:03] INFO epoch 137 it 160/1704 loss 0.0130
[2026-04-29 13:58:03] INFO epoch 137 it 180/1704 loss 0.0136
[2026-04-29 13:58:04] INFO epoch 137 it 200/1704 loss 0.0134
[2026-04-29 13:58:04] INFO epoch 137 it 220/1704 loss 0.0129
[2026-04-29 13:58:04] INFO epoch 137 it 240/1704 loss 0.0138
[2026-04-29 13:58:04] INFO epoch 137 it 260/1704 loss 0.0128
[2026-04-29 13:58:05] INFO epoch 137 it 280/1704 loss 0.0129
[2026-04-29 13:58:05] INFO epoch 137 it 300/1704 loss 0.0136
[2026-04-29 13:58:05] INFO epoch 137 it 320/1704 loss 0.0128
[2026-04-29 13:58:05] INFO epoch 137 it 340/1704 loss 0.0139
[2026-04-29 13:58:05] INFO epoch 137 it 360/1704 loss 0.0129
[2026-04-29 13:58:06] INFO epoch 137 it 380/1704 loss 0.0135
[2026-04-29 13:58:06] INFO epoch 137 it 400/1704 loss 0.0126
[2026-04-29 13:58:06] INFO epoch 137 it 420/1704 loss 0.0140
[2026-04-29 13:58:06] INFO epoch 137 it 440/1704 loss 0.0129
[2026-04-29 13:58:07] INFO epoch 137 it 460/1704 loss 0.0139
[2026-04-29 13:58:07] INFO epoch 137 it 480/1704 loss 0.0135
[2026-04-29 13:58:07] INFO epoch 137 it 500/1704 loss 0.0128
[2026-04-29 13:58:07] INFO epoch 137 it 520/1704 loss 0.0133
[2026-04-29 13:58:07] INFO epoch 137 it 540/1704 loss 0.0129
[2026-04-29 13:58:08] INFO epoch 137 it 560/1704 loss 0.0130
[2026-04-29 13:58:08] INFO epoch 137 it 580/1704 loss 0.0143
[2026-04-29 13:58:08] INFO epoch 137 it 600/1704 loss 0.0131
[2026-04-29 13:58:08] INFO epoch 137 it 620/1704 loss 0.0128
[2026-04-29 13:58:09] INFO epoch 137 it 640/1704 loss 0.0141
[2026-04-29 13:58:09] INFO epoch 137 it 660/1704 loss 0.0134
[2026-04-29 13:58:09] INFO epoch 137 it 680/1704 loss 0.0130
[2026-04-29 13:58:09] INFO epoch 137 it 700/1704 loss 0.0131
[2026-04-29 13:58:10] INFO epoch 137 it 720/1704 loss 0.0134
[2026-04-29 13:58:10] INFO epoch 137 it 740/1704 loss 0.0129
[2026-04-29 13:58:10] INFO epoch 137 it 760/1704 loss 0.0130
[2026-04-29 13:58:10] INFO epoch 137 it 780/1704 loss 0.0138
[2026-04-29 13:58:10] INFO epoch 137 it 800/1704 loss 0.0132
[2026-04-29 13:58:11] INFO epoch 137 it 820/1704 loss 0.0125
[2026-04-29 13:58:11] INFO epoch 137 it 840/1704 loss 0.0129
[2026-04-29 13:58:11] INFO epoch 137 it 860/1704 loss 0.0125
[2026-04-29 13:58:11] INFO epoch 137 it 880/1704 loss 0.0134
[2026-04-29 13:58:12] INFO epoch 137 it 900/1704 loss 0.0138
[2026-04-29 13:58:12] INFO epoch 137 it 920/1704 loss 0.0130
[2026-04-29 13:58:12] INFO epoch 137 it 940/1704 loss 0.0137
[2026-04-29 13:58:12] INFO epoch 137 it 960/1704 loss 0.0127
[2026-04-29 13:58:12] INFO epoch 137 it 980/1704 loss 0.0124
[2026-04-29 13:58:13] INFO epoch 137 it 1000/1704 loss 0.0136
[2026-04-29 13:58:13] INFO epoch 137 it 1020/1704 loss 0.0139
[2026-04-29 13:58:13] INFO epoch 137 it 1040/1704 loss 0.0138
[2026-04-29 13:58:13] INFO epoch 137 it 1060/1704 loss 0.0143
[2026-04-29 13:58:14] INFO epoch 137 it 1080/1704 loss 0.0130
[2026-04-29 13:58:14] INFO epoch 137 it 1100/1704 loss 0.0134
[2026-04-29 13:58:14] INFO epoch 137 it 1120/1704 loss 0.0127
[2026-04-29 13:58:14] INFO epoch 137 it 1140/1704 loss 0.0128
[2026-04-29 13:58:14] INFO epoch 137 it 1160/1704 loss 0.0140
[2026-04-29 13:58:15] INFO epoch 137 it 1180/1704 loss 0.0130
[2026-04-29 13:58:15] INFO epoch 137 it 1200/1704 loss 0.0131
[2026-04-29 13:58:15] INFO epoch 137 it 1220/1704 loss 0.0138
[2026-04-29 13:58:15] INFO epoch 137 it 1240/1704 loss 0.0134
[2026-04-29 13:58:16] INFO epoch 137 it 1260/1704 loss 0.0135
[2026-04-29 13:58:16] INFO epoch 137 it 1280/1704 loss 0.0135
[2026-04-29 13:58:16] INFO epoch 137 it 1300/1704 loss 0.0127
[2026-04-29 13:58:16] INFO epoch 137 it 1320/1704 loss 0.0138
[2026-04-29 13:58:16] INFO epoch 137 it 1340/1704 loss 0.0125
[2026-04-29 13:58:17] INFO epoch 137 it 1360/1704 loss 0.0136
[2026-04-29 13:58:17] INFO epoch 137 it 1380/1704 loss 0.0138
[2026-04-29 13:58:17] INFO epoch 137 it 1400/1704 loss 0.0138
[2026-04-29 13:58:17] INFO epoch 137 it 1420/1704 loss 0.0134
[2026-04-29 13:58:18] INFO epoch 137 it 1440/1704 loss 0.0141
[2026-04-29 13:58:18] INFO epoch 137 it 1460/1704 loss 0.0126
[2026-04-29 13:58:18] INFO epoch 137 it 1480/1704 loss 0.0138
[2026-04-29 13:58:18] INFO epoch 137 it 1500/1704 loss 0.0139
[2026-04-29 13:58:19] INFO epoch 137 it 1520/1704 loss 0.0128
[2026-04-29 13:58:19] INFO epoch 137 it 1540/1704 loss 0.0132
[2026-04-29 13:58:19] INFO epoch 137 it 1560/1704 loss 0.0137
[2026-04-29 13:58:19] INFO epoch 137 it 1580/1704 loss 0.0129
[2026-04-29 13:58:19] INFO epoch 137 it 1600/1704 loss 0.0139
[2026-04-29 13:58:20] INFO epoch 137 it 1620/1704 loss 0.0134
[2026-04-29 13:58:20] INFO epoch 137 it 1640/1704 loss 0.0138
[2026-04-29 13:58:20] INFO epoch 137 it 1660/1704 loss 0.0141
[2026-04-29 13:58:20] INFO epoch 137 it 1680/1704 loss 0.0132
[2026-04-29 13:58:21] INFO epoch 137 it 1700/1704 loss 0.0133
[2026-04-29 13:58:22] INFO epoch 137 done in 62.1s lr=2.19e-05
[2026-04-29 13:59:00] INFO epoch 137 val MAE(HU): 26.13
[2026-04-29 13:59:00] INFO new best MAE: 26.13 ¡æ saved best.pth
[2026-04-29 13:59:42] INFO epoch 138 it 20/1704 loss 0.0137
[2026-04-29 13:59:42] INFO epoch 138 it 40/1704 loss 0.0127
[2026-04-29 13:59:42] INFO epoch 138 it 60/1704 loss 0.0136
[2026-04-29 13:59:42] INFO epoch 138 it 80/1704 loss 0.0136
[2026-04-29 13:59:43] INFO epoch 138 it 100/1704 loss 0.0126
[2026-04-29 13:59:43] INFO epoch 138 it 120/1704 loss 0.0132
[2026-04-29 13:59:43] INFO epoch 138 it 140/1704 loss 0.0137
[2026-04-29 13:59:43] INFO epoch 138 it 160/1704 loss 0.0132
[2026-04-29 13:59:44] INFO epoch 138 it 180/1704 loss 0.0134
[2026-04-29 13:59:44] INFO epoch 138 it 200/1704 loss 0.0136
[2026-04-29 13:59:44] INFO epoch 138 it 220/1704 loss 0.0127
[2026-04-29 13:59:44] INFO epoch 138 it 240/1704 loss 0.0136
[2026-04-29 13:59:44] INFO epoch 138 it 260/1704 loss 0.0139
[2026-04-29 13:59:45] INFO epoch 138 it 280/1704 loss 0.0123
[2026-04-29 13:59:45] INFO epoch 138 it 300/1704 loss 0.0127
[2026-04-29 13:59:45] INFO epoch 138 it 320/1704 loss 0.0126
[2026-04-29 13:59:45] INFO epoch 138 it 340/1704 loss 0.0135
[2026-04-29 13:59:46] INFO epoch 138 it 360/1704 loss 0.0126
[2026-04-29 13:59:46] INFO epoch 138 it 380/1704 loss 0.0134
[2026-04-29 13:59:46] INFO epoch 138 it 400/1704 loss 0.0133
[2026-04-29 13:59:46] INFO epoch 138 it 420/1704 loss 0.0125
[2026-04-29 13:59:46] INFO epoch 138 it 440/1704 loss 0.0127
[2026-04-29 13:59:47] INFO epoch 138 it 460/1704 loss 0.0128
[2026-04-29 13:59:47] INFO epoch 138 it 480/1704 loss 0.0137
[2026-04-29 13:59:47] INFO epoch 138 it 500/1704 loss 0.0127
[2026-04-29 13:59:47] INFO epoch 138 it 520/1704 loss 0.0129
[2026-04-29 13:59:48] INFO epoch 138 it 540/1704 loss 0.0132
[2026-04-29 13:59:48] INFO epoch 138 it 560/1704 loss 0.0132
[2026-04-29 13:59:48] INFO epoch 138 it 580/1704 loss 0.0142
[2026-04-29 13:59:48] INFO epoch 138 it 600/1704 loss 0.0135
[2026-04-29 13:59:49] INFO epoch 138 it 620/1704 loss 0.0137
[2026-04-29 13:59:49] INFO epoch 138 it 640/1704 loss 0.0129
[2026-04-29 13:59:49] INFO epoch 138 it 660/1704 loss 0.0126
[2026-04-29 13:59:49] INFO epoch 138 it 680/1704 loss 0.0135
[2026-04-29 13:59:49] INFO epoch 138 it 700/1704 loss 0.0138
[2026-04-29 13:59:50] INFO epoch 138 it 720/1704 loss 0.0127
[2026-04-29 13:59:50] INFO epoch 138 it 740/1704 loss 0.0126
[2026-04-29 13:59:50] INFO epoch 138 it 760/1704 loss 0.0133
[2026-04-29 13:59:50] INFO epoch 138 it 780/1704 loss 0.0135
[2026-04-29 13:59:51] INFO epoch 138 it 800/1704 loss 0.0124
[2026-04-29 13:59:51] INFO epoch 138 it 820/1704 loss 0.0128
[2026-04-29 13:59:51] INFO epoch 138 it 840/1704 loss 0.0134
[2026-04-29 13:59:51] INFO epoch 138 it 860/1704 loss 0.0125
[2026-04-29 13:59:51] INFO epoch 138 it 880/1704 loss 0.0126
[2026-04-29 13:59:52] INFO epoch 138 it 900/1704 loss 0.0132
[2026-04-29 13:59:52] INFO epoch 138 it 920/1704 loss 0.0134
[2026-04-29 13:59:52] INFO epoch 138 it 940/1704 loss 0.0136
[2026-04-29 13:59:52] INFO epoch 138 it 960/1704 loss 0.0141
[2026-04-29 13:59:53] INFO epoch 138 it 980/1704 loss 0.0131
[2026-04-29 13:59:53] INFO epoch 138 it 1000/1704 loss 0.0137
[2026-04-29 13:59:53] INFO epoch 138 it 1020/1704 loss 0.0132
[2026-04-29 13:59:53] INFO epoch 138 it 1040/1704 loss 0.0140
[2026-04-29 13:59:53] INFO epoch 138 it 1060/1704 loss 0.0134
[2026-04-29 13:59:54] INFO epoch 138 it 1080/1704 loss 0.0131
[2026-04-29 13:59:54] INFO epoch 138 it 1100/1704 loss 0.0133
[2026-04-29 13:59:54] INFO epoch 138 it 1120/1704 loss 0.0135
[2026-04-29 13:59:54] INFO epoch 138 it 1140/1704 loss 0.0138
[2026-04-29 13:59:55] INFO epoch 138 it 1160/1704 loss 0.0137
[2026-04-29 13:59:55] INFO epoch 138 it 1180/1704 loss 0.0131
[2026-04-29 13:59:55] INFO epoch 138 it 1200/1704 loss 0.0134
[2026-04-29 13:59:55] INFO epoch 138 it 1220/1704 loss 0.0134
[2026-04-29 13:59:55] INFO epoch 138 it 1240/1704 loss 0.0133
[2026-04-29 13:59:56] INFO epoch 138 it 1260/1704 loss 0.0125
[2026-04-29 13:59:56] INFO epoch 138 it 1280/1704 loss 0.0139
[2026-04-29 13:59:56] INFO epoch 138 it 1300/1704 loss 0.0129
[2026-04-29 13:59:56] INFO epoch 138 it 1320/1704 loss 0.0129
[2026-04-29 13:59:57] INFO epoch 138 it 1340/1704 loss 0.0130
[2026-04-29 13:59:57] INFO epoch 138 it 1360/1704 loss 0.0124
[2026-04-29 13:59:57] INFO epoch 138 it 1380/1704 loss 0.0140
[2026-04-29 13:59:57] INFO epoch 138 it 1400/1704 loss 0.0128
[2026-04-29 13:59:57] INFO epoch 138 it 1420/1704 loss 0.0133
[2026-04-29 13:59:58] INFO epoch 138 it 1440/1704 loss 0.0133
[2026-04-29 13:59:58] INFO epoch 138 it 1460/1704 loss 0.0135
[2026-04-29 13:59:58] INFO epoch 138 it 1480/1704 loss 0.0140
[2026-04-29 13:59:58] INFO epoch 138 it 1500/1704 loss 0.0138
[2026-04-29 13:59:59] INFO epoch 138 it 1520/1704 loss 0.0130
[2026-04-29 13:59:59] INFO epoch 138 it 1540/1704 loss 0.0139
[2026-04-29 13:59:59] INFO epoch 138 it 1560/1704 loss 0.0133
[2026-04-29 13:59:59] INFO epoch 138 it 1580/1704 loss 0.0130
[2026-04-29 13:59:59] INFO epoch 138 it 1600/1704 loss 0.0128
[2026-04-29 14:00:00] INFO epoch 138 it 1620/1704 loss 0.0131
[2026-04-29 14:00:00] INFO epoch 138 it 1640/1704 loss 0.0144
[2026-04-29 14:00:00] INFO epoch 138 it 1660/1704 loss 0.0145
[2026-04-29 14:00:00] INFO epoch 138 it 1680/1704 loss 0.0146
[2026-04-29 14:00:01] INFO epoch 138 it 1700/1704 loss 0.0131
[2026-04-29 14:00:02] INFO epoch 138 done in 62.2s lr=2.12e-05
[2026-04-29 14:00:40] INFO epoch 138 val MAE(HU): 26.22
[2026-04-29 14:01:21] INFO epoch 139 it 20/1704 loss 0.0130
[2026-04-29 14:01:22] INFO epoch 139 it 40/1704 loss 0.0125
[2026-04-29 14:01:22] INFO epoch 139 it 60/1704 loss 0.0132
[2026-04-29 14:01:22] INFO epoch 139 it 80/1704 loss 0.0133
[2026-04-29 14:01:22] INFO epoch 139 it 100/1704 loss 0.0134
[2026-04-29 14:01:22] INFO epoch 139 it 120/1704 loss 0.0134
[2026-04-29 14:01:23] INFO epoch 139 it 140/1704 loss 0.0139
[2026-04-29 14:01:23] INFO epoch 139 it 160/1704 loss 0.0128
[2026-04-29 14:01:23] INFO epoch 139 it 180/1704 loss 0.0125
[2026-04-29 14:01:23] INFO epoch 139 it 200/1704 loss 0.0131
[2026-04-29 14:01:24] INFO epoch 139 it 220/1704 loss 0.0131
[2026-04-29 14:01:24] INFO epoch 139 it 240/1704 loss 0.0134
[2026-04-29 14:01:24] INFO epoch 139 it 260/1704 loss 0.0136
[2026-04-29 14:01:24] INFO epoch 139 it 280/1704 loss 0.0126
[2026-04-29 14:01:25] INFO epoch 139 it 300/1704 loss 0.0137
[2026-04-29 14:01:25] INFO epoch 139 it 320/1704 loss 0.0139
[2026-04-29 14:01:25] INFO epoch 139 it 340/1704 loss 0.0128
[2026-04-29 14:01:25] INFO epoch 139 it 360/1704 loss 0.0128
[2026-04-29 14:01:25] INFO epoch 139 it 380/1704 loss 0.0134
[2026-04-29 14:01:26] INFO epoch 139 it 400/1704 loss 0.0123
[2026-04-29 14:01:26] INFO epoch 139 it 420/1704 loss 0.0132
[2026-04-29 14:01:26] INFO epoch 139 it 440/1704 loss 0.0143
[2026-04-29 14:01:26] INFO epoch 139 it 460/1704 loss 0.0142
[2026-04-29 14:01:27] INFO epoch 139 it 480/1704 loss 0.0133
[2026-04-29 14:01:27] INFO epoch 139 it 500/1704 loss 0.0130
[2026-04-29 14:01:27] INFO epoch 139 it 520/1704 loss 0.0132
[2026-04-29 14:01:27] INFO epoch 139 it 540/1704 loss 0.0136
[2026-04-29 14:01:27] INFO epoch 139 it 560/1704 loss 0.0127
[2026-04-29 14:01:28] INFO epoch 139 it 580/1704 loss 0.0125
[2026-04-29 14:01:28] INFO epoch 139 it 600/1704 loss 0.0129
[2026-04-29 14:01:28] INFO epoch 139 it 620/1704 loss 0.0132
[2026-04-29 14:01:28] INFO epoch 139 it 640/1704 loss 0.0130
[2026-04-29 14:01:29] INFO epoch 139 it 660/1704 loss 0.0135
[2026-04-29 14:01:29] INFO epoch 139 it 680/1704 loss 0.0130
[2026-04-29 14:01:29] INFO epoch 139 it 700/1704 loss 0.0124
[2026-04-29 14:01:29] INFO epoch 139 it 720/1704 loss 0.0135
[2026-04-29 14:01:29] INFO epoch 139 it 740/1704 loss 0.0131
[2026-04-29 14:01:30] INFO epoch 139 it 760/1704 loss 0.0129
[2026-04-29 14:01:30] INFO epoch 139 it 780/1704 loss 0.0135
[2026-04-29 14:01:30] INFO epoch 139 it 800/1704 loss 0.0129
[2026-04-29 14:01:30] INFO epoch 139 it 820/1704 loss 0.0132
[2026-04-29 14:01:31] INFO epoch 139 it 840/1704 loss 0.0130
[2026-04-29 14:01:31] INFO epoch 139 it 860/1704 loss 0.0126
[2026-04-29 14:01:31] INFO epoch 139 it 880/1704 loss 0.0127
[2026-04-29 14:01:31] INFO epoch 139 it 900/1704 loss 0.0131
[2026-04-29 14:01:31] INFO epoch 139 it 920/1704 loss 0.0147
[2026-04-29 14:01:32] INFO epoch 139 it 940/1704 loss 0.0130
[2026-04-29 14:01:32] INFO epoch 139 it 960/1704 loss 0.0122
[2026-04-29 14:01:32] INFO epoch 139 it 980/1704 loss 0.0129
[2026-04-29 14:01:32] INFO epoch 139 it 1000/1704 loss 0.0139
[2026-04-29 14:01:33] INFO epoch 139 it 1020/1704 loss 0.0135
[2026-04-29 14:01:33] INFO epoch 139 it 1040/1704 loss 0.0130
[2026-04-29 14:01:33] INFO epoch 139 it 1060/1704 loss 0.0131
[2026-04-29 14:01:33] INFO epoch 139 it 1080/1704 loss 0.0136
[2026-04-29 14:01:33] INFO epoch 139 it 1100/1704 loss 0.0138
[2026-04-29 14:01:34] INFO epoch 139 it 1120/1704 loss 0.0128
[2026-04-29 14:01:34] INFO epoch 139 it 1140/1704 loss 0.0129
[2026-04-29 14:01:34] INFO epoch 139 it 1160/1704 loss 0.0136
[2026-04-29 14:01:34] INFO epoch 139 it 1180/1704 loss 0.0136
[2026-04-29 14:01:35] INFO epoch 139 it 1200/1704 loss 0.0141
[2026-04-29 14:01:35] INFO epoch 139 it 1220/1704 loss 0.0144
[2026-04-29 14:01:35] INFO epoch 139 it 1240/1704 loss 0.0132
[2026-04-29 14:01:35] INFO epoch 139 it 1260/1704 loss 0.0138
[2026-04-29 14:01:35] INFO epoch 139 it 1280/1704 loss 0.0132
[2026-04-29 14:01:36] INFO epoch 139 it 1300/1704 loss 0.0138
[2026-04-29 14:01:36] INFO epoch 139 it 1320/1704 loss 0.0139
[2026-04-29 14:01:36] INFO epoch 139 it 1340/1704 loss 0.0123
[2026-04-29 14:01:36] INFO epoch 139 it 1360/1704 loss 0.0134
[2026-04-29 14:01:37] INFO epoch 139 it 1380/1704 loss 0.0121
[2026-04-29 14:01:37] INFO epoch 139 it 1400/1704 loss 0.0128
[2026-04-29 14:01:37] INFO epoch 139 it 1420/1704 loss 0.0135
[2026-04-29 14:01:37] INFO epoch 139 it 1440/1704 loss 0.0131
[2026-04-29 14:01:37] INFO epoch 139 it 1460/1704 loss 0.0124
[2026-04-29 14:01:38] INFO epoch 139 it 1480/1704 loss 0.0128
[2026-04-29 14:01:38] INFO epoch 139 it 1500/1704 loss 0.0135
[2026-04-29 14:01:38] INFO epoch 139 it 1520/1704 loss 0.0142
[2026-04-29 14:01:38] INFO epoch 139 it 1540/1704 loss 0.0133
[2026-04-29 14:01:39] INFO epoch 139 it 1560/1704 loss 0.0138
[2026-04-29 14:01:39] INFO epoch 139 it 1580/1704 loss 0.0131
[2026-04-29 14:01:39] INFO epoch 139 it 1600/1704 loss 0.0139
[2026-04-29 14:01:39] INFO epoch 139 it 1620/1704 loss 0.0129
[2026-04-29 14:01:39] INFO epoch 139 it 1640/1704 loss 0.0129
[2026-04-29 14:01:40] INFO epoch 139 it 1660/1704 loss 0.0134
[2026-04-29 14:01:40] INFO epoch 139 it 1680/1704 loss 0.0139
[2026-04-29 14:01:40] INFO epoch 139 it 1700/1704 loss 0.0134
[2026-04-29 14:01:42] INFO epoch 139 done in 61.9s lr=2.06e-05
[2026-04-29 14:02:19] INFO epoch 139 val MAE(HU): 26.12
[2026-04-29 14:02:19] INFO new best MAE: 26.12 ¡æ saved best.pth
[2026-04-29 14:03:01] INFO epoch 140 it 20/1704 loss 0.0132
[2026-04-29 14:03:01] INFO epoch 140 it 40/1704 loss 0.0136
[2026-04-29 14:03:01] INFO epoch 140 it 60/1704 loss 0.0139
[2026-04-29 14:03:02] INFO epoch 140 it 80/1704 loss 0.0134
[2026-04-29 14:03:02] INFO epoch 140 it 100/1704 loss 0.0141
[2026-04-29 14:03:02] INFO epoch 140 it 120/1704 loss 0.0131
[2026-04-29 14:03:02] INFO epoch 140 it 140/1704 loss 0.0131
[2026-04-29 14:03:03] INFO epoch 140 it 160/1704 loss 0.0132
[2026-04-29 14:03:03] INFO epoch 140 it 180/1704 loss 0.0132
[2026-04-29 14:03:03] INFO epoch 140 it 200/1704 loss 0.0129
[2026-04-29 14:03:03] INFO epoch 140 it 220/1704 loss 0.0134
[2026-04-29 14:03:03] INFO epoch 140 it 240/1704 loss 0.0133
[2026-04-29 14:03:04] INFO epoch 140 it 260/1704 loss 0.0130
[2026-04-29 14:03:04] INFO epoch 140 it 280/1704 loss 0.0124
[2026-04-29 14:03:04] INFO epoch 140 it 300/1704 loss 0.0131
[2026-04-29 14:03:04] INFO epoch 140 it 320/1704 loss 0.0130
[2026-04-29 14:03:05] INFO epoch 140 it 340/1704 loss 0.0128
[2026-04-29 14:03:05] INFO epoch 140 it 360/1704 loss 0.0125
[2026-04-29 14:03:05] INFO epoch 140 it 380/1704 loss 0.0124
[2026-04-29 14:03:05] INFO epoch 140 it 400/1704 loss 0.0139
[2026-04-29 14:03:05] INFO epoch 140 it 420/1704 loss 0.0132
[2026-04-29 14:03:06] INFO epoch 140 it 440/1704 loss 0.0128
[2026-04-29 14:03:06] INFO epoch 140 it 460/1704 loss 0.0139
[2026-04-29 14:03:06] INFO epoch 140 it 480/1704 loss 0.0132
[2026-04-29 14:03:06] INFO epoch 140 it 500/1704 loss 0.0138
[2026-04-29 14:03:07] INFO epoch 140 it 520/1704 loss 0.0132
[2026-04-29 14:03:07] INFO epoch 140 it 540/1704 loss 0.0132
[2026-04-29 14:03:07] INFO epoch 140 it 560/1704 loss 0.0140
[2026-04-29 14:03:07] INFO epoch 140 it 580/1704 loss 0.0133
[2026-04-29 14:03:07] INFO epoch 140 it 600/1704 loss 0.0126
[2026-04-29 14:03:08] INFO epoch 140 it 620/1704 loss 0.0124
[2026-04-29 14:03:08] INFO epoch 140 it 640/1704 loss 0.0138
[2026-04-29 14:03:08] INFO epoch 140 it 660/1704 loss 0.0132
[2026-04-29 14:03:08] INFO epoch 140 it 680/1704 loss 0.0126
[2026-04-29 14:03:09] INFO epoch 140 it 700/1704 loss 0.0135
[2026-04-29 14:03:09] INFO epoch 140 it 720/1704 loss 0.0119
[2026-04-29 14:03:09] INFO epoch 140 it 740/1704 loss 0.0132
[2026-04-29 14:03:09] INFO epoch 140 it 760/1704 loss 0.0126
[2026-04-29 14:03:10] INFO epoch 140 it 780/1704 loss 0.0137
[2026-04-29 14:03:10] INFO epoch 140 it 800/1704 loss 0.0135
[2026-04-29 14:03:10] INFO epoch 140 it 820/1704 loss 0.0133
[2026-04-29 14:03:10] INFO epoch 140 it 840/1704 loss 0.0127
[2026-04-29 14:03:10] INFO epoch 140 it 860/1704 loss 0.0137
[2026-04-29 14:03:11] INFO epoch 140 it 880/1704 loss 0.0142
[2026-04-29 14:03:11] INFO epoch 140 it 900/1704 loss 0.0131
[2026-04-29 14:03:11] INFO epoch 140 it 920/1704 loss 0.0139
[2026-04-29 14:03:11] INFO epoch 140 it 940/1704 loss 0.0144
[2026-04-29 14:03:12] INFO epoch 140 it 960/1704 loss 0.0131
[2026-04-29 14:03:12] INFO epoch 140 it 980/1704 loss 0.0132
[2026-04-29 14:03:12] INFO epoch 140 it 1000/1704 loss 0.0134
[2026-04-29 14:03:12] INFO epoch 140 it 1020/1704 loss 0.0138
[2026-04-29 14:03:13] INFO epoch 140 it 1040/1704 loss 0.0136
[2026-04-29 14:03:13] INFO epoch 140 it 1060/1704 loss 0.0125
[2026-04-29 14:03:13] INFO epoch 140 it 1080/1704 loss 0.0130
[2026-04-29 14:03:13] INFO epoch 140 it 1100/1704 loss 0.0132
[2026-04-29 14:03:13] INFO epoch 140 it 1120/1704 loss 0.0128
[2026-04-29 14:03:14] INFO epoch 140 it 1140/1704 loss 0.0126
[2026-04-29 14:03:14] INFO epoch 140 it 1160/1704 loss 0.0141
[2026-04-29 14:03:14] INFO epoch 140 it 1180/1704 loss 0.0136
[2026-04-29 14:03:14] INFO epoch 140 it 1200/1704 loss 0.0133
[2026-04-29 14:03:15] INFO epoch 140 it 1220/1704 loss 0.0139
[2026-04-29 14:03:15] INFO epoch 140 it 1240/1704 loss 0.0140
[2026-04-29 14:03:15] INFO epoch 140 it 1260/1704 loss 0.0136
[2026-04-29 14:03:15] INFO epoch 140 it 1280/1704 loss 0.0133
[2026-04-29 14:03:15] INFO epoch 140 it 1300/1704 loss 0.0125
[2026-04-29 14:03:16] INFO epoch 140 it 1320/1704 loss 0.0127
[2026-04-29 14:03:16] INFO epoch 140 it 1340/1704 loss 0.0131
[2026-04-29 14:03:16] INFO epoch 140 it 1360/1704 loss 0.0128
[2026-04-29 14:03:16] INFO epoch 140 it 1380/1704 loss 0.0125
[2026-04-29 14:03:17] INFO epoch 140 it 1400/1704 loss 0.0132
[2026-04-29 14:03:17] INFO epoch 140 it 1420/1704 loss 0.0136
[2026-04-29 14:03:17] INFO epoch 140 it 1440/1704 loss 0.0135
[2026-04-29 14:03:17] INFO epoch 140 it 1460/1704 loss 0.0131
[2026-04-29 14:03:17] INFO epoch 140 it 1480/1704 loss 0.0138
[2026-04-29 14:03:18] INFO epoch 140 it 1500/1704 loss 0.0127
[2026-04-29 14:03:18] INFO epoch 140 it 1520/1704 loss 0.0118
[2026-04-29 14:03:18] INFO epoch 140 it 1540/1704 loss 0.0129
[2026-04-29 14:03:18] INFO epoch 140 it 1560/1704 loss 0.0124
[2026-04-29 14:03:19] INFO epoch 140 it 1580/1704 loss 0.0138
[2026-04-29 14:03:19] INFO epoch 140 it 1600/1704 loss 0.0132
[2026-04-29 14:03:19] INFO epoch 140 it 1620/1704 loss 0.0127
[2026-04-29 14:03:19] INFO epoch 140 it 1640/1704 loss 0.0130
[2026-04-29 14:03:19] INFO epoch 140 it 1660/1704 loss 0.0130
[2026-04-29 14:03:20] INFO epoch 140 it 1680/1704 loss 0.0127
[2026-04-29 14:03:20] INFO epoch 140 it 1700/1704 loss 0.0135
[2026-04-29 14:03:21] INFO epoch 140 done in 62.0s lr=2.00e-05
[2026-04-29 14:03:59] INFO epoch 140 val MAE(HU): 26.16
[2026-04-29 14:04:41] INFO epoch 141 it 20/1704 loss 0.0140
[2026-04-29 14:04:41] INFO epoch 141 it 40/1704 loss 0.0130
[2026-04-29 14:04:41] INFO epoch 141 it 60/1704 loss 0.0126
[2026-04-29 14:04:41] INFO epoch 141 it 80/1704 loss 0.0131
[2026-04-29 14:04:42] INFO epoch 141 it 100/1704 loss 0.0134
[2026-04-29 14:04:42] INFO epoch 141 it 120/1704 loss 0.0133
[2026-04-29 14:04:42] INFO epoch 141 it 140/1704 loss 0.0128
[2026-04-29 14:04:42] INFO epoch 141 it 160/1704 loss 0.0130
[2026-04-29 14:04:42] INFO epoch 141 it 180/1704 loss 0.0131
[2026-04-29 14:04:43] INFO epoch 141 it 200/1704 loss 0.0129
[2026-04-29 14:04:43] INFO epoch 141 it 220/1704 loss 0.0124
[2026-04-29 14:04:43] INFO epoch 141 it 240/1704 loss 0.0125
[2026-04-29 14:04:43] INFO epoch 141 it 260/1704 loss 0.0131
[2026-04-29 14:04:44] INFO epoch 141 it 280/1704 loss 0.0138
[2026-04-29 14:04:44] INFO epoch 141 it 300/1704 loss 0.0124
[2026-04-29 14:04:44] INFO epoch 141 it 320/1704 loss 0.0130
[2026-04-29 14:04:44] INFO epoch 141 it 340/1704 loss 0.0133
[2026-04-29 14:04:45] INFO epoch 141 it 360/1704 loss 0.0134
[2026-04-29 14:04:45] INFO epoch 141 it 380/1704 loss 0.0130
[2026-04-29 14:04:45] INFO epoch 141 it 400/1704 loss 0.0129
[2026-04-29 14:04:45] INFO epoch 141 it 420/1704 loss 0.0137
[2026-04-29 14:04:45] INFO epoch 141 it 440/1704 loss 0.0132
[2026-04-29 14:04:46] INFO epoch 141 it 460/1704 loss 0.0127
[2026-04-29 14:04:46] INFO epoch 141 it 480/1704 loss 0.0138
[2026-04-29 14:04:46] INFO epoch 141 it 500/1704 loss 0.0132
[2026-04-29 14:04:46] INFO epoch 141 it 520/1704 loss 0.0129
[2026-04-29 14:04:47] INFO epoch 141 it 540/1704 loss 0.0132
[2026-04-29 14:04:47] INFO epoch 141 it 560/1704 loss 0.0141
[2026-04-29 14:04:47] INFO epoch 141 it 580/1704 loss 0.0134
[2026-04-29 14:04:47] INFO epoch 141 it 600/1704 loss 0.0124
[2026-04-29 14:04:47] INFO epoch 141 it 620/1704 loss 0.0137
[2026-04-29 14:04:48] INFO epoch 141 it 640/1704 loss 0.0134
[2026-04-29 14:04:48] INFO epoch 141 it 660/1704 loss 0.0132
[2026-04-29 14:04:48] INFO epoch 141 it 680/1704 loss 0.0135
[2026-04-29 14:04:48] INFO epoch 141 it 700/1704 loss 0.0135
[2026-04-29 14:04:49] INFO epoch 141 it 720/1704 loss 0.0129
[2026-04-29 14:04:49] INFO epoch 141 it 740/1704 loss 0.0130
[2026-04-29 14:04:49] INFO epoch 141 it 760/1704 loss 0.0125
[2026-04-29 14:04:49] INFO epoch 141 it 780/1704 loss 0.0137
[2026-04-29 14:04:49] INFO epoch 141 it 800/1704 loss 0.0124
[2026-04-29 14:04:50] INFO epoch 141 it 820/1704 loss 0.0128
[2026-04-29 14:04:50] INFO epoch 141 it 840/1704 loss 0.0134
[2026-04-29 14:04:50] INFO epoch 141 it 860/1704 loss 0.0138
[2026-04-29 14:04:50] INFO epoch 141 it 880/1704 loss 0.0130
[2026-04-29 14:04:51] INFO epoch 141 it 900/1704 loss 0.0125
[2026-04-29 14:04:51] INFO epoch 141 it 920/1704 loss 0.0131
[2026-04-29 14:04:51] INFO epoch 141 it 940/1704 loss 0.0135
[2026-04-29 14:04:51] INFO epoch 141 it 960/1704 loss 0.0135
[2026-04-29 14:04:52] INFO epoch 141 it 980/1704 loss 0.0134
[2026-04-29 14:04:52] INFO epoch 141 it 1000/1704 loss 0.0132
[2026-04-29 14:04:52] INFO epoch 141 it 1020/1704 loss 0.0128
[2026-04-29 14:04:52] INFO epoch 141 it 1040/1704 loss 0.0133
[2026-04-29 14:04:52] INFO epoch 141 it 1060/1704 loss 0.0143
[2026-04-29 14:04:53] INFO epoch 141 it 1080/1704 loss 0.0120
[2026-04-29 14:04:53] INFO epoch 141 it 1100/1704 loss 0.0134
[2026-04-29 14:04:53] INFO epoch 141 it 1120/1704 loss 0.0129
[2026-04-29 14:04:53] INFO epoch 141 it 1140/1704 loss 0.0124
[2026-04-29 14:04:54] INFO epoch 141 it 1160/1704 loss 0.0136
[2026-04-29 14:04:54] INFO epoch 141 it 1180/1704 loss 0.0135
[2026-04-29 14:04:54] INFO epoch 141 it 1200/1704 loss 0.0129
[2026-04-29 14:04:54] INFO epoch 141 it 1220/1704 loss 0.0132
[2026-04-29 14:04:54] INFO epoch 141 it 1240/1704 loss 0.0131
[2026-04-29 14:04:55] INFO epoch 141 it 1260/1704 loss 0.0142
[2026-04-29 14:04:55] INFO epoch 141 it 1280/1704 loss 0.0135
[2026-04-29 14:04:55] INFO epoch 141 it 1300/1704 loss 0.0142
[2026-04-29 14:04:55] INFO epoch 141 it 1320/1704 loss 0.0131
[2026-04-29 14:04:56] INFO epoch 141 it 1340/1704 loss 0.0130
[2026-04-29 14:04:56] INFO epoch 141 it 1360/1704 loss 0.0127
[2026-04-29 14:04:56] INFO epoch 141 it 1380/1704 loss 0.0133
[2026-04-29 14:04:56] INFO epoch 141 it 1400/1704 loss 0.0126
[2026-04-29 14:04:56] INFO epoch 141 it 1420/1704 loss 0.0120
[2026-04-29 14:04:57] INFO epoch 141 it 1440/1704 loss 0.0127
[2026-04-29 14:04:57] INFO epoch 141 it 1460/1704 loss 0.0133
[2026-04-29 14:04:57] INFO epoch 141 it 1480/1704 loss 0.0123
[2026-04-29 14:04:57] INFO epoch 141 it 1500/1704 loss 0.0131
[2026-04-29 14:04:58] INFO epoch 141 it 1520/1704 loss 0.0124
[2026-04-29 14:04:58] INFO epoch 141 it 1540/1704 loss 0.0135
[2026-04-29 14:04:58] INFO epoch 141 it 1560/1704 loss 0.0127
[2026-04-29 14:04:58] INFO epoch 141 it 1580/1704 loss 0.0134
[2026-04-29 14:04:58] INFO epoch 141 it 1600/1704 loss 0.0137
[2026-04-29 14:04:59] INFO epoch 141 it 1620/1704 loss 0.0135
[2026-04-29 14:04:59] INFO epoch 141 it 1640/1704 loss 0.0134
[2026-04-29 14:04:59] INFO epoch 141 it 1660/1704 loss 0.0130
[2026-04-29 14:04:59] INFO epoch 141 it 1680/1704 loss 0.0133
[2026-04-29 14:05:00] INFO epoch 141 it 1700/1704 loss 0.0141
[2026-04-29 14:05:01] INFO epoch 141 done in 62.0s lr=1.94e-05
[2026-04-29 14:05:39] INFO epoch 141 val MAE(HU): 26.24
[2026-04-29 14:06:20] INFO epoch 142 it 20/1704 loss 0.0129
[2026-04-29 14:06:21] INFO epoch 142 it 40/1704 loss 0.0134
[2026-04-29 14:06:21] INFO epoch 142 it 60/1704 loss 0.0131
[2026-04-29 14:06:21] INFO epoch 142 it 80/1704 loss 0.0131
[2026-04-29 14:06:21] INFO epoch 142 it 100/1704 loss 0.0130
[2026-04-29 14:06:22] INFO epoch 142 it 120/1704 loss 0.0128
[2026-04-29 14:06:22] INFO epoch 142 it 140/1704 loss 0.0131
[2026-04-29 14:06:22] INFO epoch 142 it 160/1704 loss 0.0132
[2026-04-29 14:06:22] INFO epoch 142 it 180/1704 loss 0.0129
[2026-04-29 14:06:22] INFO epoch 142 it 200/1704 loss 0.0134
[2026-04-29 14:06:23] INFO epoch 142 it 220/1704 loss 0.0125
[2026-04-29 14:06:23] INFO epoch 142 it 240/1704 loss 0.0123
[2026-04-29 14:06:23] INFO epoch 142 it 260/1704 loss 0.0139
[2026-04-29 14:06:23] INFO epoch 142 it 280/1704 loss 0.0133
[2026-04-29 14:06:24] INFO epoch 142 it 300/1704 loss 0.0138
[2026-04-29 14:06:24] INFO epoch 142 it 320/1704 loss 0.0133
[2026-04-29 14:06:24] INFO epoch 142 it 340/1704 loss 0.0132
[2026-04-29 14:06:24] INFO epoch 142 it 360/1704 loss 0.0136
[2026-04-29 14:06:24] INFO epoch 142 it 380/1704 loss 0.0138
[2026-04-29 14:06:25] INFO epoch 142 it 400/1704 loss 0.0131
[2026-04-29 14:06:25] INFO epoch 142 it 420/1704 loss 0.0128
[2026-04-29 14:06:25] INFO epoch 142 it 440/1704 loss 0.0128
[2026-04-29 14:06:25] INFO epoch 142 it 460/1704 loss 0.0126
[2026-04-29 14:06:26] INFO epoch 142 it 480/1704 loss 0.0134
[2026-04-29 14:06:26] INFO epoch 142 it 500/1704 loss 0.0131
[2026-04-29 14:06:26] INFO epoch 142 it 520/1704 loss 0.0131
[2026-04-29 14:06:26] INFO epoch 142 it 540/1704 loss 0.0135
[2026-04-29 14:06:27] INFO epoch 142 it 560/1704 loss 0.0129
[2026-04-29 14:06:27] INFO epoch 142 it 580/1704 loss 0.0131
[2026-04-29 14:06:27] INFO epoch 142 it 600/1704 loss 0.0129
[2026-04-29 14:06:27] INFO epoch 142 it 620/1704 loss 0.0134
[2026-04-29 14:06:27] INFO epoch 142 it 640/1704 loss 0.0132
[2026-04-29 14:06:28] INFO epoch 142 it 660/1704 loss 0.0135
[2026-04-29 14:06:28] INFO epoch 142 it 680/1704 loss 0.0126
[2026-04-29 14:06:28] INFO epoch 142 it 700/1704 loss 0.0130
[2026-04-29 14:06:28] INFO epoch 142 it 720/1704 loss 0.0131
[2026-04-29 14:06:29] INFO epoch 142 it 740/1704 loss 0.0135
[2026-04-29 14:06:29] INFO epoch 142 it 760/1704 loss 0.0128
[2026-04-29 14:06:29] INFO epoch 142 it 780/1704 loss 0.0131
[2026-04-29 14:06:29] INFO epoch 142 it 800/1704 loss 0.0130
[2026-04-29 14:06:30] INFO epoch 142 it 820/1704 loss 0.0134
[2026-04-29 14:06:30] INFO epoch 142 it 840/1704 loss 0.0130
[2026-04-29 14:06:30] INFO epoch 142 it 860/1704 loss 0.0128
[2026-04-29 14:06:30] INFO epoch 142 it 880/1704 loss 0.0122
[2026-04-29 14:06:30] INFO epoch 142 it 900/1704 loss 0.0136
[2026-04-29 14:06:31] INFO epoch 142 it 920/1704 loss 0.0131
[2026-04-29 14:06:31] INFO epoch 142 it 940/1704 loss 0.0129
[2026-04-29 14:06:31] INFO epoch 142 it 960/1704 loss 0.0132
[2026-04-29 14:06:31] INFO epoch 142 it 980/1704 loss 0.0121
[2026-04-29 14:06:32] INFO epoch 142 it 1000/1704 loss 0.0133
[2026-04-29 14:06:32] INFO epoch 142 it 1020/1704 loss 0.0138
[2026-04-29 14:06:32] INFO epoch 142 it 1040/1704 loss 0.0131
[2026-04-29 14:06:32] INFO epoch 142 it 1060/1704 loss 0.0127
[2026-04-29 14:06:32] INFO epoch 142 it 1080/1704 loss 0.0129
[2026-04-29 14:06:33] INFO epoch 142 it 1100/1704 loss 0.0137
[2026-04-29 14:06:33] INFO epoch 142 it 1120/1704 loss 0.0132
[2026-04-29 14:06:33] INFO epoch 142 it 1140/1704 loss 0.0130
[2026-04-29 14:06:33] INFO epoch 142 it 1160/1704 loss 0.0131
[2026-04-29 14:06:34] INFO epoch 142 it 1180/1704 loss 0.0139
[2026-04-29 14:06:34] INFO epoch 142 it 1200/1704 loss 0.0129
[2026-04-29 14:06:34] INFO epoch 142 it 1220/1704 loss 0.0128
[2026-04-29 14:06:34] INFO epoch 142 it 1240/1704 loss 0.0136
[2026-04-29 14:06:34] INFO epoch 142 it 1260/1704 loss 0.0136
[2026-04-29 14:06:35] INFO epoch 142 it 1280/1704 loss 0.0135
[2026-04-29 14:06:35] INFO epoch 142 it 1300/1704 loss 0.0139
[2026-04-29 14:06:35] INFO epoch 142 it 1320/1704 loss 0.0123
[2026-04-29 14:06:35] INFO epoch 142 it 1340/1704 loss 0.0128
[2026-04-29 14:06:36] INFO epoch 142 it 1360/1704 loss 0.0129
[2026-04-29 14:06:36] INFO epoch 142 it 1380/1704 loss 0.0134
[2026-04-29 14:06:36] INFO epoch 142 it 1400/1704 loss 0.0129
[2026-04-29 14:06:36] INFO epoch 142 it 1420/1704 loss 0.0133
[2026-04-29 14:06:37] INFO epoch 142 it 1440/1704 loss 0.0127
[2026-04-29 14:06:37] INFO epoch 142 it 1460/1704 loss 0.0131
[2026-04-29 14:06:37] INFO epoch 142 it 1480/1704 loss 0.0142
[2026-04-29 14:06:37] INFO epoch 142 it 1500/1704 loss 0.0126
[2026-04-29 14:06:37] INFO epoch 142 it 1520/1704 loss 0.0128
[2026-04-29 14:06:38] INFO epoch 142 it 1540/1704 loss 0.0131
[2026-04-29 14:06:38] INFO epoch 142 it 1560/1704 loss 0.0126
[2026-04-29 14:06:38] INFO epoch 142 it 1580/1704 loss 0.0128
[2026-04-29 14:06:38] INFO epoch 142 it 1600/1704 loss 0.0126
[2026-04-29 14:06:39] INFO epoch 142 it 1620/1704 loss 0.0126
[2026-04-29 14:06:39] INFO epoch 142 it 1640/1704 loss 0.0130
[2026-04-29 14:06:39] INFO epoch 142 it 1660/1704 loss 0.0136
[2026-04-29 14:06:39] INFO epoch 142 it 1680/1704 loss 0.0132
[2026-04-29 14:06:39] INFO epoch 142 it 1700/1704 loss 0.0137
[2026-04-29 14:06:41] INFO epoch 142 done in 62.1s lr=1.87e-05
[2026-04-29 14:07:18] INFO epoch 142 val MAE(HU): 26.23
[2026-04-29 14:08:00] INFO epoch 143 it 20/1704 loss 0.0127
[2026-04-29 14:08:00] INFO epoch 143 it 40/1704 loss 0.0124
[2026-04-29 14:08:01] INFO epoch 143 it 60/1704 loss 0.0135
[2026-04-29 14:08:01] INFO epoch 143 it 80/1704 loss 0.0124
[2026-04-29 14:08:01] INFO epoch 143 it 100/1704 loss 0.0133
[2026-04-29 14:08:01] INFO epoch 143 it 120/1704 loss 0.0127
[2026-04-29 14:08:02] INFO epoch 143 it 140/1704 loss 0.0133
[2026-04-29 14:08:02] INFO epoch 143 it 160/1704 loss 0.0127
[2026-04-29 14:08:02] INFO epoch 143 it 180/1704 loss 0.0125
[2026-04-29 14:08:02] INFO epoch 143 it 200/1704 loss 0.0127
[2026-04-29 14:08:03] INFO epoch 143 it 220/1704 loss 0.0127
[2026-04-29 14:08:03] INFO epoch 143 it 240/1704 loss 0.0129
[2026-04-29 14:08:03] INFO epoch 143 it 260/1704 loss 0.0126
[2026-04-29 14:08:03] INFO epoch 143 it 280/1704 loss 0.0139
[2026-04-29 14:08:03] INFO epoch 143 it 300/1704 loss 0.0132
[2026-04-29 14:08:04] INFO epoch 143 it 320/1704 loss 0.0123
[2026-04-29 14:08:04] INFO epoch 143 it 340/1704 loss 0.0131
[2026-04-29 14:08:04] INFO epoch 143 it 360/1704 loss 0.0132
[2026-04-29 14:08:04] INFO epoch 143 it 380/1704 loss 0.0127
[2026-04-29 14:08:05] INFO epoch 143 it 400/1704 loss 0.0127
[2026-04-29 14:08:05] INFO epoch 143 it 420/1704 loss 0.0126
[2026-04-29 14:08:05] INFO epoch 143 it 440/1704 loss 0.0127
[2026-04-29 14:08:05] INFO epoch 143 it 460/1704 loss 0.0135
[2026-04-29 14:08:06] INFO epoch 143 it 480/1704 loss 0.0136
[2026-04-29 14:08:06] INFO epoch 143 it 500/1704 loss 0.0120
[2026-04-29 14:08:06] INFO epoch 143 it 520/1704 loss 0.0124
[2026-04-29 14:08:06] INFO epoch 143 it 540/1704 loss 0.0136
[2026-04-29 14:08:06] INFO epoch 143 it 560/1704 loss 0.0126
[2026-04-29 14:08:07] INFO epoch 143 it 580/1704 loss 0.0132
[2026-04-29 14:08:07] INFO epoch 143 it 600/1704 loss 0.0133
[2026-04-29 14:08:07] INFO epoch 143 it 620/1704 loss 0.0134
[2026-04-29 14:08:07] INFO epoch 143 it 640/1704 loss 0.0131
[2026-04-29 14:08:08] INFO epoch 143 it 660/1704 loss 0.0136
[2026-04-29 14:08:08] INFO epoch 143 it 680/1704 loss 0.0122
[2026-04-29 14:08:08] INFO epoch 143 it 700/1704 loss 0.0138
[2026-04-29 14:08:08] INFO epoch 143 it 720/1704 loss 0.0125
[2026-04-29 14:08:08] INFO epoch 143 it 740/1704 loss 0.0128
[2026-04-29 14:08:09] INFO epoch 143 it 760/1704 loss 0.0133
[2026-04-29 14:08:09] INFO epoch 143 it 780/1704 loss 0.0131
[2026-04-29 14:08:09] INFO epoch 143 it 800/1704 loss 0.0132
[2026-04-29 14:08:09] INFO epoch 143 it 820/1704 loss 0.0144
[2026-04-29 14:08:10] INFO epoch 143 it 840/1704 loss 0.0131
[2026-04-29 14:08:10] INFO epoch 143 it 860/1704 loss 0.0133
[2026-04-29 14:08:10] INFO epoch 143 it 880/1704 loss 0.0125
[2026-04-29 14:08:10] INFO epoch 143 it 900/1704 loss 0.0130
[2026-04-29 14:08:10] INFO epoch 143 it 920/1704 loss 0.0128
[2026-04-29 14:08:11] INFO epoch 143 it 940/1704 loss 0.0130
[2026-04-29 14:08:11] INFO epoch 143 it 960/1704 loss 0.0125
[2026-04-29 14:08:11] INFO epoch 143 it 980/1704 loss 0.0139
[2026-04-29 14:08:11] INFO epoch 143 it 1000/1704 loss 0.0129
[2026-04-29 14:08:12] INFO epoch 143 it 1020/1704 loss 0.0122
[2026-04-29 14:08:12] INFO epoch 143 it 1040/1704 loss 0.0132
[2026-04-29 14:08:12] INFO epoch 143 it 1060/1704 loss 0.0141
[2026-04-29 14:08:12] INFO epoch 143 it 1080/1704 loss 0.0129
[2026-04-29 14:08:12] INFO epoch 143 it 1100/1704 loss 0.0129
[2026-04-29 14:08:13] INFO epoch 143 it 1120/1704 loss 0.0126
[2026-04-29 14:08:13] INFO epoch 143 it 1140/1704 loss 0.0130
[2026-04-29 14:08:13] INFO epoch 143 it 1160/1704 loss 0.0135
[2026-04-29 14:08:13] INFO epoch 143 it 1180/1704 loss 0.0130
[2026-04-29 14:08:14] INFO epoch 143 it 1200/1704 loss 0.0127
[2026-04-29 14:08:14] INFO epoch 143 it 1220/1704 loss 0.0125
[2026-04-29 14:08:14] INFO epoch 143 it 1240/1704 loss 0.0134
[2026-04-29 14:08:14] INFO epoch 143 it 1260/1704 loss 0.0132
[2026-04-29 14:08:14] INFO epoch 143 it 1280/1704 loss 0.0128
[2026-04-29 14:08:15] INFO epoch 143 it 1300/1704 loss 0.0144
[2026-04-29 14:08:15] INFO epoch 143 it 1320/1704 loss 0.0139
[2026-04-29 14:08:15] INFO epoch 143 it 1340/1704 loss 0.0129
[2026-04-29 14:08:15] INFO epoch 143 it 1360/1704 loss 0.0133
[2026-04-29 14:08:16] INFO epoch 143 it 1380/1704 loss 0.0139
[2026-04-29 14:08:16] INFO epoch 143 it 1400/1704 loss 0.0135
[2026-04-29 14:08:16] INFO epoch 143 it 1420/1704 loss 0.0136
[2026-04-29 14:08:16] INFO epoch 143 it 1440/1704 loss 0.0132
[2026-04-29 14:08:17] INFO epoch 143 it 1460/1704 loss 0.0132
[2026-04-29 14:08:17] INFO epoch 143 it 1480/1704 loss 0.0131
[2026-04-29 14:08:17] INFO epoch 143 it 1500/1704 loss 0.0127
[2026-04-29 14:08:17] INFO epoch 143 it 1520/1704 loss 0.0123
[2026-04-29 14:08:17] INFO epoch 143 it 1540/1704 loss 0.0134
[2026-04-29 14:08:18] INFO epoch 143 it 1560/1704 loss 0.0133
[2026-04-29 14:08:18] INFO epoch 143 it 1580/1704 loss 0.0135
[2026-04-29 14:08:18] INFO epoch 143 it 1600/1704 loss 0.0137
[2026-04-29 14:08:18] INFO epoch 143 it 1620/1704 loss 0.0136
[2026-04-29 14:08:19] INFO epoch 143 it 1640/1704 loss 0.0128
[2026-04-29 14:08:19] INFO epoch 143 it 1660/1704 loss 0.0126
[2026-04-29 14:08:19] INFO epoch 143 it 1680/1704 loss 0.0134
[2026-04-29 14:08:19] INFO epoch 143 it 1700/1704 loss 0.0130
[2026-04-29 14:08:21] INFO epoch 143 done in 62.1s lr=1.81e-05
[2026-04-29 14:08:58] INFO epoch 143 val MAE(HU): 26.12
[2026-04-29 14:09:40] INFO epoch 144 it 20/1704 loss 0.0128
[2026-04-29 14:09:40] INFO epoch 144 it 40/1704 loss 0.0125
[2026-04-29 14:09:40] INFO epoch 144 it 60/1704 loss 0.0134
[2026-04-29 14:09:41] INFO epoch 144 it 80/1704 loss 0.0127
[2026-04-29 14:09:41] INFO epoch 144 it 100/1704 loss 0.0126
[2026-04-29 14:09:41] INFO epoch 144 it 120/1704 loss 0.0135
[2026-04-29 14:09:41] INFO epoch 144 it 140/1704 loss 0.0124
[2026-04-29 14:09:41] INFO epoch 144 it 160/1704 loss 0.0125
[2026-04-29 14:09:42] INFO epoch 144 it 180/1704 loss 0.0126
[2026-04-29 14:09:42] INFO epoch 144 it 200/1704 loss 0.0124
[2026-04-29 14:09:42] INFO epoch 144 it 220/1704 loss 0.0138
[2026-04-29 14:09:42] INFO epoch 144 it 240/1704 loss 0.0132
[2026-04-29 14:09:43] INFO epoch 144 it 260/1704 loss 0.0135
[2026-04-29 14:09:43] INFO epoch 144 it 280/1704 loss 0.0128
[2026-04-29 14:09:43] INFO epoch 144 it 300/1704 loss 0.0123
[2026-04-29 14:09:43] INFO epoch 144 it 320/1704 loss 0.0130
[2026-04-29 14:09:43] INFO epoch 144 it 340/1704 loss 0.0133
[2026-04-29 14:09:44] INFO epoch 144 it 360/1704 loss 0.0136
[2026-04-29 14:09:44] INFO epoch 144 it 380/1704 loss 0.0134
[2026-04-29 14:09:44] INFO epoch 144 it 400/1704 loss 0.0122
[2026-04-29 14:09:44] INFO epoch 144 it 420/1704 loss 0.0130
[2026-04-29 14:09:45] INFO epoch 144 it 440/1704 loss 0.0129
[2026-04-29 14:09:45] INFO epoch 144 it 460/1704 loss 0.0134
[2026-04-29 14:09:45] INFO epoch 144 it 480/1704 loss 0.0132
[2026-04-29 14:09:45] INFO epoch 144 it 500/1704 loss 0.0136
[2026-04-29 14:09:45] INFO epoch 144 it 520/1704 loss 0.0142
[2026-04-29 14:09:46] INFO epoch 144 it 540/1704 loss 0.0140
[2026-04-29 14:09:46] INFO epoch 144 it 560/1704 loss 0.0129
[2026-04-29 14:09:46] INFO epoch 144 it 580/1704 loss 0.0131
[2026-04-29 14:09:46] INFO epoch 144 it 600/1704 loss 0.0135
[2026-04-29 14:09:47] INFO epoch 144 it 620/1704 loss 0.0141
[2026-04-29 14:09:47] INFO epoch 144 it 640/1704 loss 0.0127
[2026-04-29 14:09:47] INFO epoch 144 it 660/1704 loss 0.0135
[2026-04-29 14:09:47] INFO epoch 144 it 680/1704 loss 0.0125
[2026-04-29 14:09:47] INFO epoch 144 it 700/1704 loss 0.0141
[2026-04-29 14:09:48] INFO epoch 144 it 720/1704 loss 0.0139
[2026-04-29 14:09:48] INFO epoch 144 it 740/1704 loss 0.0128
[2026-04-29 14:09:48] INFO epoch 144 it 760/1704 loss 0.0124
[2026-04-29 14:09:48] INFO epoch 144 it 780/1704 loss 0.0125
[2026-04-29 14:09:49] INFO epoch 144 it 800/1704 loss 0.0124
[2026-04-29 14:09:49] INFO epoch 144 it 820/1704 loss 0.0118
[2026-04-29 14:09:49] INFO epoch 144 it 840/1704 loss 0.0129
[2026-04-29 14:09:49] INFO epoch 144 it 860/1704 loss 0.0129
[2026-04-29 14:09:49] INFO epoch 144 it 880/1704 loss 0.0143
[2026-04-29 14:09:50] INFO epoch 144 it 900/1704 loss 0.0130
[2026-04-29 14:09:50] INFO epoch 144 it 920/1704 loss 0.0130
[2026-04-29 14:09:50] INFO epoch 144 it 940/1704 loss 0.0127
[2026-04-29 14:09:50] INFO epoch 144 it 960/1704 loss 0.0130
[2026-04-29 14:09:51] INFO epoch 144 it 980/1704 loss 0.0130
[2026-04-29 14:09:51] INFO epoch 144 it 1000/1704 loss 0.0131
[2026-04-29 14:09:51] INFO epoch 144 it 1020/1704 loss 0.0136
[2026-04-29 14:09:51] INFO epoch 144 it 1040/1704 loss 0.0134
[2026-04-29 14:09:51] INFO epoch 144 it 1060/1704 loss 0.0134
[2026-04-29 14:09:52] INFO epoch 144 it 1080/1704 loss 0.0123
[2026-04-29 14:09:52] INFO epoch 144 it 1100/1704 loss 0.0132
[2026-04-29 14:09:52] INFO epoch 144 it 1120/1704 loss 0.0132
[2026-04-29 14:09:52] INFO epoch 144 it 1140/1704 loss 0.0130
[2026-04-29 14:09:53] INFO epoch 144 it 1160/1704 loss 0.0136
[2026-04-29 14:09:53] INFO epoch 144 it 1180/1704 loss 0.0129
[2026-04-29 14:09:53] INFO epoch 144 it 1200/1704 loss 0.0123
[2026-04-29 14:09:53] INFO epoch 144 it 1220/1704 loss 0.0131
[2026-04-29 14:09:53] INFO epoch 144 it 1240/1704 loss 0.0128
[2026-04-29 14:09:54] INFO epoch 144 it 1260/1704 loss 0.0121
[2026-04-29 14:09:54] INFO epoch 144 it 1280/1704 loss 0.0134
[2026-04-29 14:09:54] INFO epoch 144 it 1300/1704 loss 0.0123
[2026-04-29 14:09:54] INFO epoch 144 it 1320/1704 loss 0.0131
[2026-04-29 14:09:55] INFO epoch 144 it 1340/1704 loss 0.0132
[2026-04-29 14:09:55] INFO epoch 144 it 1360/1704 loss 0.0126
[2026-04-29 14:09:55] INFO epoch 144 it 1380/1704 loss 0.0128
[2026-04-29 14:09:55] INFO epoch 144 it 1400/1704 loss 0.0135
[2026-04-29 14:09:55] INFO epoch 144 it 1420/1704 loss 0.0130
[2026-04-29 14:09:56] INFO epoch 144 it 1440/1704 loss 0.0130
[2026-04-29 14:09:56] INFO epoch 144 it 1460/1704 loss 0.0127
[2026-04-29 14:09:56] INFO epoch 144 it 1480/1704 loss 0.0135
[2026-04-29 14:09:56] INFO epoch 144 it 1500/1704 loss 0.0126
[2026-04-29 14:09:57] INFO epoch 144 it 1520/1704 loss 0.0137
[2026-04-29 14:09:57] INFO epoch 144 it 1540/1704 loss 0.0128
[2026-04-29 14:09:57] INFO epoch 144 it 1560/1704 loss 0.0134
[2026-04-29 14:09:57] INFO epoch 144 it 1580/1704 loss 0.0134
[2026-04-29 14:09:57] INFO epoch 144 it 1600/1704 loss 0.0126
[2026-04-29 14:09:58] INFO epoch 144 it 1620/1704 loss 0.0134
[2026-04-29 14:09:58] INFO epoch 144 it 1640/1704 loss 0.0132
[2026-04-29 14:09:58] INFO epoch 144 it 1660/1704 loss 0.0126
[2026-04-29 14:09:58] INFO epoch 144 it 1680/1704 loss 0.0134
[2026-04-29 14:09:59] INFO epoch 144 it 1700/1704 loss 0.0134
[2026-04-29 14:10:00] INFO epoch 144 done in 61.8s lr=1.75e-05
[2026-04-29 14:10:37] INFO epoch 144 val MAE(HU): 26.19
[2026-04-29 14:11:19] INFO epoch 145 it 20/1704 loss 0.0129
[2026-04-29 14:11:19] INFO epoch 145 it 40/1704 loss 0.0127
[2026-04-29 14:11:20] INFO epoch 145 it 60/1704 loss 0.0131
[2026-04-29 14:11:20] INFO epoch 145 it 80/1704 loss 0.0131
[2026-04-29 14:11:20] INFO epoch 145 it 100/1704 loss 0.0128
[2026-04-29 14:11:20] INFO epoch 145 it 120/1704 loss 0.0125
[2026-04-29 14:11:21] INFO epoch 145 it 140/1704 loss 0.0131
[2026-04-29 14:11:21] INFO epoch 145 it 160/1704 loss 0.0126
[2026-04-29 14:11:21] INFO epoch 145 it 180/1704 loss 0.0126
[2026-04-29 14:11:21] INFO epoch 145 it 200/1704 loss 0.0127
[2026-04-29 14:11:21] INFO epoch 145 it 220/1704 loss 0.0135
[2026-04-29 14:11:22] INFO epoch 145 it 240/1704 loss 0.0127
[2026-04-29 14:11:22] INFO epoch 145 it 260/1704 loss 0.0128
[2026-04-29 14:11:22] INFO epoch 145 it 280/1704 loss 0.0129
[2026-04-29 14:11:22] INFO epoch 145 it 300/1704 loss 0.0128
[2026-04-29 14:11:23] INFO epoch 145 it 320/1704 loss 0.0133
[2026-04-29 14:11:23] INFO epoch 145 it 340/1704 loss 0.0133
[2026-04-29 14:11:23] INFO epoch 145 it 360/1704 loss 0.0127
[2026-04-29 14:11:23] INFO epoch 145 it 380/1704 loss 0.0128
[2026-04-29 14:11:23] INFO epoch 145 it 400/1704 loss 0.0120
[2026-04-29 14:11:24] INFO epoch 145 it 420/1704 loss 0.0130
[2026-04-29 14:11:24] INFO epoch 145 it 440/1704 loss 0.0124
[2026-04-29 14:11:24] INFO epoch 145 it 460/1704 loss 0.0123
[2026-04-29 14:11:24] INFO epoch 145 it 480/1704 loss 0.0133
[2026-04-29 14:11:25] INFO epoch 145 it 500/1704 loss 0.0122
[2026-04-29 14:11:25] INFO epoch 145 it 520/1704 loss 0.0143
[2026-04-29 14:11:25] INFO epoch 145 it 540/1704 loss 0.0125
[2026-04-29 14:11:25] INFO epoch 145 it 560/1704 loss 0.0135
[2026-04-29 14:11:26] INFO epoch 145 it 580/1704 loss 0.0124
[2026-04-29 14:11:26] INFO epoch 145 it 600/1704 loss 0.0126
[2026-04-29 14:11:26] INFO epoch 145 it 620/1704 loss 0.0140
[2026-04-29 14:11:26] INFO epoch 145 it 640/1704 loss 0.0128
[2026-04-29 14:11:26] INFO epoch 145 it 660/1704 loss 0.0126
[2026-04-29 14:11:27] INFO epoch 145 it 680/1704 loss 0.0126
[2026-04-29 14:11:27] INFO epoch 145 it 700/1704 loss 0.0129
[2026-04-29 14:11:27] INFO epoch 145 it 720/1704 loss 0.0134
[2026-04-29 14:11:27] INFO epoch 145 it 740/1704 loss 0.0130
[2026-04-29 14:11:28] INFO epoch 145 it 760/1704 loss 0.0127
[2026-04-29 14:11:28] INFO epoch 145 it 780/1704 loss 0.0142
[2026-04-29 14:11:28] INFO epoch 145 it 800/1704 loss 0.0135
[2026-04-29 14:11:28] INFO epoch 145 it 820/1704 loss 0.0128
[2026-04-29 14:11:28] INFO epoch 145 it 840/1704 loss 0.0134
[2026-04-29 14:11:29] INFO epoch 145 it 860/1704 loss 0.0130
[2026-04-29 14:11:29] INFO epoch 145 it 880/1704 loss 0.0128
[2026-04-29 14:11:29] INFO epoch 145 it 900/1704 loss 0.0135
[2026-04-29 14:11:29] INFO epoch 145 it 920/1704 loss 0.0130
[2026-04-29 14:11:30] INFO epoch 145 it 940/1704 loss 0.0130
[2026-04-29 14:11:30] INFO epoch 145 it 960/1704 loss 0.0136
[2026-04-29 14:11:30] INFO epoch 145 it 980/1704 loss 0.0128
[2026-04-29 14:11:30] INFO epoch 145 it 1000/1704 loss 0.0127
[2026-04-29 14:11:30] INFO epoch 145 it 1020/1704 loss 0.0133
[2026-04-29 14:11:31] INFO epoch 145 it 1040/1704 loss 0.0126
[2026-04-29 14:11:31] INFO epoch 145 it 1060/1704 loss 0.0126
[2026-04-29 14:11:31] INFO epoch 145 it 1080/1704 loss 0.0136
[2026-04-29 14:11:31] INFO epoch 145 it 1100/1704 loss 0.0133
[2026-04-29 14:11:32] INFO epoch 145 it 1120/1704 loss 0.0134
[2026-04-29 14:11:32] INFO epoch 145 it 1140/1704 loss 0.0138
[2026-04-29 14:11:32] INFO epoch 145 it 1160/1704 loss 0.0125
[2026-04-29 14:11:32] INFO epoch 145 it 1180/1704 loss 0.0136
[2026-04-29 14:11:33] INFO epoch 145 it 1200/1704 loss 0.0118
[2026-04-29 14:11:33] INFO epoch 145 it 1220/1704 loss 0.0132
[2026-04-29 14:11:33] INFO epoch 145 it 1240/1704 loss 0.0132
[2026-04-29 14:11:33] INFO epoch 145 it 1260/1704 loss 0.0128
[2026-04-29 14:11:33] INFO epoch 145 it 1280/1704 loss 0.0126
[2026-04-29 14:11:34] INFO epoch 145 it 1300/1704 loss 0.0129
[2026-04-29 14:11:34] INFO epoch 145 it 1320/1704 loss 0.0136
[2026-04-29 14:11:34] INFO epoch 145 it 1340/1704 loss 0.0135
[2026-04-29 14:11:34] INFO epoch 145 it 1360/1704 loss 0.0128
[2026-04-29 14:11:35] INFO epoch 145 it 1380/1704 loss 0.0135
[2026-04-29 14:11:35] INFO epoch 145 it 1400/1704 loss 0.0128
[2026-04-29 14:11:35] INFO epoch 145 it 1420/1704 loss 0.0121
[2026-04-29 14:11:35] INFO epoch 145 it 1440/1704 loss 0.0129
[2026-04-29 14:11:35] INFO epoch 145 it 1460/1704 loss 0.0132
[2026-04-29 14:11:36] INFO epoch 145 it 1480/1704 loss 0.0132
[2026-04-29 14:11:36] INFO epoch 145 it 1500/1704 loss 0.0134
[2026-04-29 14:11:36] INFO epoch 145 it 1520/1704 loss 0.0138
[2026-04-29 14:11:36] INFO epoch 145 it 1540/1704 loss 0.0132
[2026-04-29 14:11:37] INFO epoch 145 it 1560/1704 loss 0.0131
[2026-04-29 14:11:37] INFO epoch 145 it 1580/1704 loss 0.0137
[2026-04-29 14:11:37] INFO epoch 145 it 1600/1704 loss 0.0131
[2026-04-29 14:11:37] INFO epoch 145 it 1620/1704 loss 0.0131
[2026-04-29 14:11:38] INFO epoch 145 it 1640/1704 loss 0.0130
[2026-04-29 14:11:38] INFO epoch 145 it 1660/1704 loss 0.0134
[2026-04-29 14:11:38] INFO epoch 145 it 1680/1704 loss 0.0125
[2026-04-29 14:11:38] INFO epoch 145 it 1700/1704 loss 0.0133
[2026-04-29 14:11:40] INFO epoch 145 done in 62.1s lr=1.69e-05
[2026-04-29 14:12:17] INFO epoch 145 val MAE(HU): 26.10
[2026-04-29 14:12:17] INFO new best MAE: 26.10 ¡æ saved best.pth
[2026-04-29 14:12:59] INFO epoch 146 it 20/1704 loss 0.0125
[2026-04-29 14:12:59] INFO epoch 146 it 40/1704 loss 0.0135
[2026-04-29 14:13:00] INFO epoch 146 it 60/1704 loss 0.0121
[2026-04-29 14:13:00] INFO epoch 146 it 80/1704 loss 0.0128
[2026-04-29 14:13:00] INFO epoch 146 it 100/1704 loss 0.0132
[2026-04-29 14:13:00] INFO epoch 146 it 120/1704 loss 0.0126
[2026-04-29 14:13:00] INFO epoch 146 it 140/1704 loss 0.0132
[2026-04-29 14:13:01] INFO epoch 146 it 160/1704 loss 0.0122
[2026-04-29 14:13:01] INFO epoch 146 it 180/1704 loss 0.0131
[2026-04-29 14:13:01] INFO epoch 146 it 200/1704 loss 0.0126
[2026-04-29 14:13:01] INFO epoch 146 it 220/1704 loss 0.0129
[2026-04-29 14:13:02] INFO epoch 146 it 240/1704 loss 0.0137
[2026-04-29 14:13:02] INFO epoch 146 it 260/1704 loss 0.0129
[2026-04-29 14:13:02] INFO epoch 146 it 280/1704 loss 0.0124
[2026-04-29 14:13:02] INFO epoch 146 it 300/1704 loss 0.0127
[2026-04-29 14:13:02] INFO epoch 146 it 320/1704 loss 0.0124
[2026-04-29 14:13:03] INFO epoch 146 it 340/1704 loss 0.0138
[2026-04-29 14:13:03] INFO epoch 146 it 360/1704 loss 0.0123
[2026-04-29 14:13:03] INFO epoch 146 it 380/1704 loss 0.0136
[2026-04-29 14:13:03] INFO epoch 146 it 400/1704 loss 0.0133
[2026-04-29 14:13:04] INFO epoch 146 it 420/1704 loss 0.0129
[2026-04-29 14:13:04] INFO epoch 146 it 440/1704 loss 0.0134
[2026-04-29 14:13:04] INFO epoch 146 it 460/1704 loss 0.0129
[2026-04-29 14:13:04] INFO epoch 146 it 480/1704 loss 0.0132
[2026-04-29 14:13:04] INFO epoch 146 it 500/1704 loss 0.0137
[2026-04-29 14:13:05] INFO epoch 146 it 520/1704 loss 0.0131
[2026-04-29 14:13:05] INFO epoch 146 it 540/1704 loss 0.0124
[2026-04-29 14:13:05] INFO epoch 146 it 560/1704 loss 0.0130
[2026-04-29 14:13:05] INFO epoch 146 it 580/1704 loss 0.0128
[2026-04-29 14:13:06] INFO epoch 146 it 600/1704 loss 0.0124
[2026-04-29 14:13:06] INFO epoch 146 it 620/1704 loss 0.0134
[2026-04-29 14:13:06] INFO epoch 146 it 640/1704 loss 0.0131
[2026-04-29 14:13:06] INFO epoch 146 it 660/1704 loss 0.0120
[2026-04-29 14:13:06] INFO epoch 146 it 680/1704 loss 0.0125
[2026-04-29 14:13:07] INFO epoch 146 it 700/1704 loss 0.0126
[2026-04-29 14:13:07] INFO epoch 146 it 720/1704 loss 0.0128
[2026-04-29 14:13:07] INFO epoch 146 it 740/1704 loss 0.0131
[2026-04-29 14:13:07] INFO epoch 146 it 760/1704 loss 0.0128
[2026-04-29 14:13:08] INFO epoch 146 it 780/1704 loss 0.0133
[2026-04-29 14:13:08] INFO epoch 146 it 800/1704 loss 0.0126
[2026-04-29 14:13:08] INFO epoch 146 it 820/1704 loss 0.0132
[2026-04-29 14:13:08] INFO epoch 146 it 840/1704 loss 0.0124
[2026-04-29 14:13:08] INFO epoch 146 it 860/1704 loss 0.0129
[2026-04-29 14:13:09] INFO epoch 146 it 880/1704 loss 0.0129
[2026-04-29 14:13:09] INFO epoch 146 it 900/1704 loss 0.0124
[2026-04-29 14:13:09] INFO epoch 146 it 920/1704 loss 0.0121
[2026-04-29 14:13:09] INFO epoch 146 it 940/1704 loss 0.0137
[2026-04-29 14:13:10] INFO epoch 146 it 960/1704 loss 0.0130
[2026-04-29 14:13:10] INFO epoch 146 it 980/1704 loss 0.0135
[2026-04-29 14:13:10] INFO epoch 146 it 1000/1704 loss 0.0133
[2026-04-29 14:13:10] INFO epoch 146 it 1020/1704 loss 0.0137
[2026-04-29 14:13:10] INFO epoch 146 it 1040/1704 loss 0.0132
[2026-04-29 14:13:11] INFO epoch 146 it 1060/1704 loss 0.0135
[2026-04-29 14:13:11] INFO epoch 146 it 1080/1704 loss 0.0131
[2026-04-29 14:13:11] INFO epoch 146 it 1100/1704 loss 0.0130
[2026-04-29 14:13:11] INFO epoch 146 it 1120/1704 loss 0.0136
[2026-04-29 14:13:12] INFO epoch 146 it 1140/1704 loss 0.0129
[2026-04-29 14:13:12] INFO epoch 146 it 1160/1704 loss 0.0126
[2026-04-29 14:13:12] INFO epoch 146 it 1180/1704 loss 0.0126
[2026-04-29 14:13:12] INFO epoch 146 it 1200/1704 loss 0.0134
[2026-04-29 14:13:12] INFO epoch 146 it 1220/1704 loss 0.0129
[2026-04-29 14:13:13] INFO epoch 146 it 1240/1704 loss 0.0133
[2026-04-29 14:13:13] INFO epoch 146 it 1260/1704 loss 0.0125
[2026-04-29 14:13:13] INFO epoch 146 it 1280/1704 loss 0.0127
[2026-04-29 14:13:13] INFO epoch 146 it 1300/1704 loss 0.0135
[2026-04-29 14:13:14] INFO epoch 146 it 1320/1704 loss 0.0129
[2026-04-29 14:13:14] INFO epoch 146 it 1340/1704 loss 0.0132
[2026-04-29 14:13:14] INFO epoch 146 it 1360/1704 loss 0.0136
[2026-04-29 14:13:14] INFO epoch 146 it 1380/1704 loss 0.0130
[2026-04-29 14:13:15] INFO epoch 146 it 1400/1704 loss 0.0139
[2026-04-29 14:13:15] INFO epoch 146 it 1420/1704 loss 0.0126
[2026-04-29 14:13:15] INFO epoch 146 it 1440/1704 loss 0.0130
[2026-04-29 14:13:15] INFO epoch 146 it 1460/1704 loss 0.0127
[2026-04-29 14:13:15] INFO epoch 146 it 1480/1704 loss 0.0127
[2026-04-29 14:13:16] INFO epoch 146 it 1500/1704 loss 0.0126
[2026-04-29 14:13:16] INFO epoch 146 it 1520/1704 loss 0.0139
[2026-04-29 14:13:16] INFO epoch 146 it 1540/1704 loss 0.0120
[2026-04-29 14:13:16] INFO epoch 146 it 1560/1704 loss 0.0129
[2026-04-29 14:13:17] INFO epoch 146 it 1580/1704 loss 0.0143
[2026-04-29 14:13:17] INFO epoch 146 it 1600/1704 loss 0.0128
[2026-04-29 14:13:17] INFO epoch 146 it 1620/1704 loss 0.0116
[2026-04-29 14:13:17] INFO epoch 146 it 1640/1704 loss 0.0138
[2026-04-29 14:13:17] INFO epoch 146 it 1660/1704 loss 0.0134
[2026-04-29 14:13:18] INFO epoch 146 it 1680/1704 loss 0.0127
[2026-04-29 14:13:18] INFO epoch 146 it 1700/1704 loss 0.0131
[2026-04-29 14:13:19] INFO epoch 146 done in 62.0s lr=1.63e-05
[2026-04-29 14:13:57] INFO epoch 146 val MAE(HU): 26.22
[2026-04-29 14:14:38] INFO epoch 147 it 20/1704 loss 0.0131
[2026-04-29 14:14:39] INFO epoch 147 it 40/1704 loss 0.0135
[2026-04-29 14:14:39] INFO epoch 147 it 60/1704 loss 0.0130
[2026-04-29 14:14:39] INFO epoch 147 it 80/1704 loss 0.0132
[2026-04-29 14:14:39] INFO epoch 147 it 100/1704 loss 0.0128
[2026-04-29 14:14:40] INFO epoch 147 it 120/1704 loss 0.0134
[2026-04-29 14:14:40] INFO epoch 147 it 140/1704 loss 0.0125
[2026-04-29 14:14:40] INFO epoch 147 it 160/1704 loss 0.0128
[2026-04-29 14:14:40] INFO epoch 147 it 180/1704 loss 0.0129
[2026-04-29 14:14:40] INFO epoch 147 it 200/1704 loss 0.0134
[2026-04-29 14:14:41] INFO epoch 147 it 220/1704 loss 0.0123
[2026-04-29 14:14:41] INFO epoch 147 it 240/1704 loss 0.0126
[2026-04-29 14:14:41] INFO epoch 147 it 260/1704 loss 0.0126
[2026-04-29 14:14:41] INFO epoch 147 it 280/1704 loss 0.0132
[2026-04-29 14:14:42] INFO epoch 147 it 300/1704 loss 0.0131
[2026-04-29 14:14:42] INFO epoch 147 it 320/1704 loss 0.0138
[2026-04-29 14:14:42] INFO epoch 147 it 340/1704 loss 0.0133
[2026-04-29 14:14:42] INFO epoch 147 it 360/1704 loss 0.0131
[2026-04-29 14:14:42] INFO epoch 147 it 380/1704 loss 0.0134
[2026-04-29 14:14:43] INFO epoch 147 it 400/1704 loss 0.0135
[2026-04-29 14:14:43] INFO epoch 147 it 420/1704 loss 0.0130
[2026-04-29 14:14:43] INFO epoch 147 it 440/1704 loss 0.0130
[2026-04-29 14:14:43] INFO epoch 147 it 460/1704 loss 0.0128
[2026-04-29 14:14:44] INFO epoch 147 it 480/1704 loss 0.0126
[2026-04-29 14:14:44] INFO epoch 147 it 500/1704 loss 0.0128
[2026-04-29 14:14:44] INFO epoch 147 it 520/1704 loss 0.0123
[2026-04-29 14:14:44] INFO epoch 147 it 540/1704 loss 0.0125
[2026-04-29 14:14:45] INFO epoch 147 it 560/1704 loss 0.0129
[2026-04-29 14:14:45] INFO epoch 147 it 580/1704 loss 0.0135
[2026-04-29 14:14:45] INFO epoch 147 it 600/1704 loss 0.0123
[2026-04-29 14:14:45] INFO epoch 147 it 620/1704 loss 0.0134
[2026-04-29 14:14:45] INFO epoch 147 it 640/1704 loss 0.0127
[2026-04-29 14:14:46] INFO epoch 147 it 660/1704 loss 0.0134
[2026-04-29 14:14:46] INFO epoch 147 it 680/1704 loss 0.0134
[2026-04-29 14:14:46] INFO epoch 147 it 700/1704 loss 0.0127
[2026-04-29 14:14:46] INFO epoch 147 it 720/1704 loss 0.0124
[2026-04-29 14:14:47] INFO epoch 147 it 740/1704 loss 0.0127
[2026-04-29 14:14:47] INFO epoch 147 it 760/1704 loss 0.0125
[2026-04-29 14:14:47] INFO epoch 147 it 780/1704 loss 0.0130
[2026-04-29 14:14:47] INFO epoch 147 it 800/1704 loss 0.0127
[2026-04-29 14:14:47] INFO epoch 147 it 820/1704 loss 0.0133
[2026-04-29 14:14:48] INFO epoch 147 it 840/1704 loss 0.0119
[2026-04-29 14:14:48] INFO epoch 147 it 860/1704 loss 0.0132
[2026-04-29 14:14:48] INFO epoch 147 it 880/1704 loss 0.0127
[2026-04-29 14:14:48] INFO epoch 147 it 900/1704 loss 0.0132
[2026-04-29 14:14:49] INFO epoch 147 it 920/1704 loss 0.0129
[2026-04-29 14:14:49] INFO epoch 147 it 940/1704 loss 0.0137
[2026-04-29 14:14:49] INFO epoch 147 it 960/1704 loss 0.0129
[2026-04-29 14:14:49] INFO epoch 147 it 980/1704 loss 0.0119
[2026-04-29 14:14:49] INFO epoch 147 it 1000/1704 loss 0.0131
[2026-04-29 14:14:50] INFO epoch 147 it 1020/1704 loss 0.0129
[2026-04-29 14:14:50] INFO epoch 147 it 1040/1704 loss 0.0124
[2026-04-29 14:14:50] INFO epoch 147 it 1060/1704 loss 0.0138
[2026-04-29 14:14:50] INFO epoch 147 it 1080/1704 loss 0.0136
[2026-04-29 14:14:51] INFO epoch 147 it 1100/1704 loss 0.0123
[2026-04-29 14:14:51] INFO epoch 147 it 1120/1704 loss 0.0129
[2026-04-29 14:14:51] INFO epoch 147 it 1140/1704 loss 0.0127
[2026-04-29 14:14:51] INFO epoch 147 it 1160/1704 loss 0.0122
[2026-04-29 14:14:51] INFO epoch 147 it 1180/1704 loss 0.0126
[2026-04-29 14:14:52] INFO epoch 147 it 1200/1704 loss 0.0127
[2026-04-29 14:14:52] INFO epoch 147 it 1220/1704 loss 0.0130
[2026-04-29 14:14:52] INFO epoch 147 it 1240/1704 loss 0.0124
[2026-04-29 14:14:52] INFO epoch 147 it 1260/1704 loss 0.0136
[2026-04-29 14:14:53] INFO epoch 147 it 1280/1704 loss 0.0134
[2026-04-29 14:14:53] INFO epoch 147 it 1300/1704 loss 0.0129
[2026-04-29 14:14:53] INFO epoch 147 it 1320/1704 loss 0.0127
[2026-04-29 14:14:53] INFO epoch 147 it 1340/1704 loss 0.0133
[2026-04-29 14:14:53] INFO epoch 147 it 1360/1704 loss 0.0131
[2026-04-29 14:14:54] INFO epoch 147 it 1380/1704 loss 0.0131
[2026-04-29 14:14:54] INFO epoch 147 it 1400/1704 loss 0.0119
[2026-04-29 14:14:54] INFO epoch 147 it 1420/1704 loss 0.0134
[2026-04-29 14:14:54] INFO epoch 147 it 1440/1704 loss 0.0130
[2026-04-29 14:14:55] INFO epoch 147 it 1460/1704 loss 0.0132
[2026-04-29 14:14:55] INFO epoch 147 it 1480/1704 loss 0.0132
[2026-04-29 14:14:55] INFO epoch 147 it 1500/1704 loss 0.0131
[2026-04-29 14:14:55] INFO epoch 147 it 1520/1704 loss 0.0129
[2026-04-29 14:14:55] INFO epoch 147 it 1540/1704 loss 0.0141
[2026-04-29 14:14:56] INFO epoch 147 it 1560/1704 loss 0.0130
[2026-04-29 14:14:56] INFO epoch 147 it 1580/1704 loss 0.0126
[2026-04-29 14:14:56] INFO epoch 147 it 1600/1704 loss 0.0128
[2026-04-29 14:14:56] INFO epoch 147 it 1620/1704 loss 0.0135
[2026-04-29 14:14:57] INFO epoch 147 it 1640/1704 loss 0.0123
[2026-04-29 14:14:57] INFO epoch 147 it 1660/1704 loss 0.0126
[2026-04-29 14:14:57] INFO epoch 147 it 1680/1704 loss 0.0131
[2026-04-29 14:14:57] INFO epoch 147 it 1700/1704 loss 0.0129
[2026-04-29 14:14:59] INFO epoch 147 done in 61.8s lr=1.58e-05
[2026-04-29 14:15:37] INFO epoch 147 val MAE(HU): 26.25
[2026-04-29 14:16:19] INFO epoch 148 it 20/1704 loss 0.0123
[2026-04-29 14:16:20] INFO epoch 148 it 40/1704 loss 0.0122
[2026-04-29 14:16:20] INFO epoch 148 it 60/1704 loss 0.0135
[2026-04-29 14:16:20] INFO epoch 148 it 80/1704 loss 0.0124
[2026-04-29 14:16:20] INFO epoch 148 it 100/1704 loss 0.0128
[2026-04-29 14:16:20] INFO epoch 148 it 120/1704 loss 0.0126
[2026-04-29 14:16:21] INFO epoch 148 it 140/1704 loss 0.0132
[2026-04-29 14:16:21] INFO epoch 148 it 160/1704 loss 0.0119
[2026-04-29 14:16:21] INFO epoch 148 it 180/1704 loss 0.0131
[2026-04-29 14:16:21] INFO epoch 148 it 200/1704 loss 0.0126
[2026-04-29 14:16:22] INFO epoch 148 it 220/1704 loss 0.0129
[2026-04-29 14:16:22] INFO epoch 148 it 240/1704 loss 0.0122
[2026-04-29 14:16:22] INFO epoch 148 it 260/1704 loss 0.0117
[2026-04-29 14:16:22] INFO epoch 148 it 280/1704 loss 0.0130
[2026-04-29 14:16:23] INFO epoch 148 it 300/1704 loss 0.0132
[2026-04-29 14:16:23] INFO epoch 148 it 320/1704 loss 0.0132
[2026-04-29 14:16:23] INFO epoch 148 it 340/1704 loss 0.0129
[2026-04-29 14:16:23] INFO epoch 148 it 360/1704 loss 0.0138
[2026-04-29 14:16:23] INFO epoch 148 it 380/1704 loss 0.0130
[2026-04-29 14:16:24] INFO epoch 148 it 400/1704 loss 0.0128
[2026-04-29 14:16:24] INFO epoch 148 it 420/1704 loss 0.0129
[2026-04-29 14:16:24] INFO epoch 148 it 440/1704 loss 0.0128
[2026-04-29 14:16:24] INFO epoch 148 it 460/1704 loss 0.0136
[2026-04-29 14:16:25] INFO epoch 148 it 480/1704 loss 0.0128
[2026-04-29 14:16:25] INFO epoch 148 it 500/1704 loss 0.0134
[2026-04-29 14:16:25] INFO epoch 148 it 520/1704 loss 0.0132
[2026-04-29 14:16:25] INFO epoch 148 it 540/1704 loss 0.0137
[2026-04-29 14:16:26] INFO epoch 148 it 560/1704 loss 0.0128
[2026-04-29 14:16:26] INFO epoch 148 it 580/1704 loss 0.0134
[2026-04-29 14:16:26] INFO epoch 148 it 600/1704 loss 0.0137
[2026-04-29 14:16:26] INFO epoch 148 it 620/1704 loss 0.0122
[2026-04-29 14:16:27] INFO epoch 148 it 640/1704 loss 0.0130
[2026-04-29 14:16:27] INFO epoch 148 it 660/1704 loss 0.0128
[2026-04-29 14:16:27] INFO epoch 148 it 680/1704 loss 0.0123
[2026-04-29 14:16:27] INFO epoch 148 it 700/1704 loss 0.0134
[2026-04-29 14:16:27] INFO epoch 148 it 720/1704 loss 0.0126
[2026-04-29 14:16:28] INFO epoch 148 it 740/1704 loss 0.0133
[2026-04-29 14:16:28] INFO epoch 148 it 760/1704 loss 0.0136
[2026-04-29 14:16:28] INFO epoch 148 it 780/1704 loss 0.0126
[2026-04-29 14:16:28] INFO epoch 148 it 800/1704 loss 0.0130
[2026-04-29 14:16:29] INFO epoch 148 it 820/1704 loss 0.0136
[2026-04-29 14:16:29] INFO epoch 148 it 840/1704 loss 0.0116
[2026-04-29 14:16:29] INFO epoch 148 it 860/1704 loss 0.0133
[2026-04-29 14:16:29] INFO epoch 148 it 880/1704 loss 0.0136
[2026-04-29 14:16:30] INFO epoch 148 it 900/1704 loss 0.0131
[2026-04-29 14:16:30] INFO epoch 148 it 920/1704 loss 0.0128
[2026-04-29 14:16:30] INFO epoch 148 it 940/1704 loss 0.0132
[2026-04-29 14:16:30] INFO epoch 148 it 960/1704 loss 0.0133
[2026-04-29 14:16:30] INFO epoch 148 it 980/1704 loss 0.0142
[2026-04-29 14:16:31] INFO epoch 148 it 1000/1704 loss 0.0132
[2026-04-29 14:16:31] INFO epoch 148 it 1020/1704 loss 0.0130
[2026-04-29 14:16:31] INFO epoch 148 it 1040/1704 loss 0.0128
[2026-04-29 14:16:31] INFO epoch 148 it 1060/1704 loss 0.0126
[2026-04-29 14:16:32] INFO epoch 148 it 1080/1704 loss 0.0121
[2026-04-29 14:16:32] INFO epoch 148 it 1100/1704 loss 0.0130
[2026-04-29 14:16:32] INFO epoch 148 it 1120/1704 loss 0.0121
[2026-04-29 14:16:32] INFO epoch 148 it 1140/1704 loss 0.0122
[2026-04-29 14:16:32] INFO epoch 148 it 1160/1704 loss 0.0131
[2026-04-29 14:16:33] INFO epoch 148 it 1180/1704 loss 0.0126
[2026-04-29 14:16:33] INFO epoch 148 it 1200/1704 loss 0.0127
[2026-04-29 14:16:33] INFO epoch 148 it 1220/1704 loss 0.0129
[2026-04-29 14:16:33] INFO epoch 148 it 1240/1704 loss 0.0127
[2026-04-29 14:16:34] INFO epoch 148 it 1260/1704 loss 0.0116
[2026-04-29 14:16:34] INFO epoch 148 it 1280/1704 loss 0.0131
[2026-04-29 14:16:34] INFO epoch 148 it 1300/1704 loss 0.0118
[2026-04-29 14:16:34] INFO epoch 148 it 1320/1704 loss 0.0124
[2026-04-29 14:16:35] INFO epoch 148 it 1340/1704 loss 0.0128
[2026-04-29 14:16:35] INFO epoch 148 it 1360/1704 loss 0.0133
[2026-04-29 14:16:35] INFO epoch 148 it 1380/1704 loss 0.0132
[2026-04-29 14:16:35] INFO epoch 148 it 1400/1704 loss 0.0131
[2026-04-29 14:16:35] INFO epoch 148 it 1420/1704 loss 0.0125
[2026-04-29 14:16:36] INFO epoch 148 it 1440/1704 loss 0.0131
[2026-04-29 14:16:36] INFO epoch 148 it 1460/1704 loss 0.0123
[2026-04-29 14:16:36] INFO epoch 148 it 1480/1704 loss 0.0120
[2026-04-29 14:16:36] INFO epoch 148 it 1500/1704 loss 0.0128
[2026-04-29 14:16:37] INFO epoch 148 it 1520/1704 loss 0.0139
[2026-04-29 14:16:37] INFO epoch 148 it 1540/1704 loss 0.0132
[2026-04-29 14:16:37] INFO epoch 148 it 1560/1704 loss 0.0137
[2026-04-29 14:16:37] INFO epoch 148 it 1580/1704 loss 0.0127
[2026-04-29 14:16:37] INFO epoch 148 it 1600/1704 loss 0.0130
[2026-04-29 14:16:38] INFO epoch 148 it 1620/1704 loss 0.0126
[2026-04-29 14:16:38] INFO epoch 148 it 1640/1704 loss 0.0132
[2026-04-29 14:16:38] INFO epoch 148 it 1660/1704 loss 0.0130
[2026-04-29 14:16:38] INFO epoch 148 it 1680/1704 loss 0.0127
[2026-04-29 14:16:39] INFO epoch 148 it 1700/1704 loss 0.0132
[2026-04-29 14:16:40] INFO epoch 148 done in 63.3s lr=1.52e-05
[2026-04-29 14:17:18] INFO epoch 148 val MAE(HU): 26.19
